seed,policy,winter,living,cows,bulls,young,youngAdult,adult,sheltered,outside,overcrowded,births,deaths,slaughters,foodProduced,foodConsumed,foodRequired
0,farmyard,800,3,2,1,0,0,3,3,0,0,0,0,0,0,0,0
0,farmyard,801,3,2,1,0,0,3,3,0,0,0,0,0,8,3,3
0,farmyard,802,5,4,1,2,0,3,5,0,1,2,0,0,16,6,6
0,farmyard,803,5,4,1,0,2,3,5,0,1,2,0,0,24,9,9
0,farmyard,804,7,4,3,2,0,5,7,0,1,4,0,0,32,14,14
0,farmyard,805,8,4,4,1,2,5,8,0,1,5,0,0,48,19,19
0,farmyard,806,9,4,5,2,1,6,9,0,1,7,1,0,64,25,25
0,farmyard,807,10,5,5,1,2,7,10,0,1,8,1,0,76,32,32
0,farmyard,808,11,5,6,1,1,9,11,0,1,9,1,0,88,41,41
0,farmyard,809,9,3,6,1,1,7,9,0,1,10,4,0,104,48,48
0,farmyard,810,8,2,6,0,1,7,8,0,1,10,5,0,116,55,55
0,farmyard,811,8,2,6,0,0,8,8,0,1,10,5,0,124,63,63
0,farmyard,812,7,2,5,0,0,7,7,0,1,10,6,0,132,70,70
0,farmyard,813,6,1,5,0,0,6,6,0,1,10,7,0,140,76,76
0,farmyard,814,6,1,5,0,0,6,0,6,0,10,7,0,144,82,82
0,farmyard,815,6,1,5,0,0,6,0,6,0,10,7,0,146,88,88
0,farmyard,816,5,1,4,0,0,5,0,5,0,10,8,0,148,93,93
0,farmyard,817,5,1,4,0,0,5,0,5,0,10,8,0,150,98,98
0,farmyard,818,5,1,4,0,0,5,0,5,0,10,8,0,152,103,103
0,farmyard,819,4,0,4,0,0,4,0,4,0,10,9,0,154,107,107
0,farmyard,820,4,0,4,0,0,4,0,4,0,10,9,0,154,111,111
0,farmyard,821,4,0,4,0,0,4,0,4,0,10,9,0,154,115,115
0,farmyard,822,4,0,4,0,0,4,0,4,0,10,9,0,154,119,119
0,farmyard,823,4,0,4,0,0,4,0,4,0,10,9,0,154,123,123
0,farmyard,824,4,0,4,0,0,4,0,4,0,10,9,0,154,127,127
0,farmyard,825,4,0,4,0,0,4,0,4,0,10,9,0,154,131,131
0,farmyard,826,4,0,4,0,0,4,0,4,0,10,9,0,154,135,135
0,farmyard,827,3,0,3,0,0,3,0,3,0,10,10,0,154,138,138
0,farmyard,828,3,0,3,0,0,3,0,3,0,10,10,0,154,141,141
0,farmyard,829,3,0,3,0,0,3,0,3,0,10,10,0,154,144,144
0,farmyard,830,3,0,3,0,0,3,0,3,0,10,10,0,154,147,147
0,farmyard,831,2,0,2,0,0,2,0,2,0,10,11,0,154,149,149
0,farmyard,832,1,0,1,0,0,1,0,1,0,10,12,0,154,150,150
0,farmyard,833,0,0,0,0,0,0,0,0,0,10,13,0,154,150,150
0,farmyard,834,0,0,0,0,0,0,0,0,0,10,13,0,154,150,150
0,farmyard,835,0,0,0,0,0,0,0,0,0,10,13,0,154,150,150
0,farmyard,836,0,0,0,0,0,0,0,0,0,10,13,0,154,150,150
0,farmyard,837,0,0,0,0,0,0,0,0,0,10,13,0,154,150,150
0,farmyard,838,0,0,0,0,0,0,0,0,0,10,13,0,154,150,150
0,farmyard,839,0,0,0,0,0,0,0,0,0,10,13,0,154,150,150
0,farmyard,840,0,0,0,0,0,0,0,0,0,10,13,0,154,150,150
0,farmyard,841,0,0,0,0,0,0,0,0,0,10,13,0,154,150,150
0,farmyard,842,0,0,0,0,0,0,0,0,0,10,13,0,154,150,150
0,farmyard,843,0,0,0,0,0,0,0,0,0,10,13,0,154,150,150
0,farmyard,844,0,0,0,0,0,0,0,0,0,10,13,0,154,150,150
0,farmyard,845,0,0,0,0,0,0,0,0,0,10,13,0,154,150,150
0,farmyard,846,0,0,0,0,0,0,0,0,0,10,13,0,154,150,150
0,farmyard,847,0,0,0,0,0,0,0,0,0,10,13,0,154,150,150
0,farmyard,848,0,0,0,0,0,0,0,0,0,10,13,0,154,150,150
0,farmyard,849,0,0,0,0,0,0,0,0,0,10,13,0,154,150,150
0,farmyard,850,0,0,0,0,0,0,0,0,0,10,13,0,154,150,150
0,outside,800,3,2,1,0,0,3,0,3,0,0,0,0,0,0,0
0,outside,801,3,2,1,0,0,3,0,3,0,0,0,0,4,3,3
0,outside,802,5,4,1,2,0,3,0,5,0,2,0,0,8,6,6
0,outside,803,5,4,1,0,2,3,0,5,0,2,0,0,12,9,9
0,outside,804,7,4,3,2,0,5,0,7,0,4,0,0,16,14,14
0,outside,805,8,4,4,1,2,5,0,8,0,5,0,0,24,19,19
0,outside,806,10,5,5,2,1,7,0,10,0,7,0,0,32,26,26
0,outside,807,11,6,5,1,2,8,0,11,0,8,0,0,40,34,34
0,outside,808,13,7,6,2,1,10,0,13,0,10,0,0,48,44,44
0,outside,809,14,6,8,2,2,10,0,14,0,12,1,0,58,54,54
0,outside,810,17,7,10,3,2,12,0,17,0,15,1,0,68,66,66
0,outside,811,17,7,10,0,3,14,0,17,0,15,1,0,80,80,80
0,outside,812,18,7,11,2,0,16,0,18,0,17,2,0,92,96,96
0,outside,813,19,7,12,1,2,16,0,19,0,18,2,0,104,112,112
0,outside,814,21,7,14,3,1,17,0,21,0,21,3,0,116,129,129
0,outside,815,22,7,15,2,3,17,0,22,0,23,4,0,130,146,146
0,outside,816,24,8,16,3,2,19,0,24,0,26,5,0,144,165,165
0,outside,817,23,7,16,0,3,20,0,23,0,26,6,0,156,185,185
0,outside,818,23,6,17,1,0,22,0,23,0,27,7,0,166,207,207
0,outside,819,24,7,17,2,1,21,0,24,0,29,8,0,178,228,228
0,outside,820,25,8,17,1,2,22,0,25,0,30,8,0,190,250,250
0,outside,821,27,9,18,3,1,23,0,27,0,33,9,0,202,273,273
0,outside,822,28,10,18,2,3,23,0,28,0,35,10,0,216,296,296
0,outside,823,31,12,19,4,2,25,0,31,0,39,11,0,232,321,321
0,outside,824,33,12,21,3,4,26,0,33,0,42,12,0,250,347,347
0,outside,825,34,12,22,1,3,30,0,34,0,43,12,0,270,377,377
0,outside,826,38,15,23,4,1,33,0,38,0,47,12,0,294,410,410
0,outside,827,38,16,22,3,4,31,0,38,0,50,15,0,318,441,441
0,outside,828,37,15,22,1,3,33,0,37,0,51,17,0,340,474,474
0,outside,829,43,19,24,6,1,36,0,43,0,57,17,0,366,510,510
0,outside,830,42,19,23,1,6,35,0,42,0,58,19,0,396,545,545
0,outside,831,50,24,26,8,1,41,0,50,0,66,19,0,426,586,586
0,outside,832,51,26,25,3,8,40,0,51,0,69,21,0,464,626,626
0,outside,833,56,27,29,7,3,46,0,56,0,76,23,0,500,672,672
0,outside,834,62,31,31,6,7,49,0,62,0,82,23,0,544,721,721
0,outside,835,68,36,32,7,6,55,0,68,0,89,24,0,594,776,776
0,outside,836,73,38,35,8,7,58,0,73,0,97,27,0,648,834,834
0,outside,837,74,37,37,5,8,61,0,74,0,102,31,0,708,895,895
0,outside,838,81,40,41,9,5,67,0,81,0,111,33,0,772,962,962
0,outside,839,89,42,47,11,9,69,0,89,0,122,36,0,840,1031,1031
0,outside,840,99,45,54,14,11,74,0,99,0,136,40,0,912,1105,1105
0,outside,841,104,47,57,8,13,83,0,104,0,144,43,0,988,1188,1188
0,outside,842,114,54,60,16,8,90,0,114,0,160,49,0,1064,1278,1278
0,outside,843,121,58,63,12,14,95,0,121,0,172,54,0,1144,1373,1373
0,outside,844,126,60,66,11,12,103,0,126,0,183,60,0,1232,1476,1476
0,outside,845,136,63,73,16,11,109,0,136,0,199,66,0,1328,1585,1585
0,outside,846,147,66,81,16,16,115,0,147,0,215,71,0,1430,1700,1700
0,outside,847,159,73,86,16,16,127,0,159,0,231,75,0,1536,1827,1827
0,outside,848,174,82,92,19,16,139,0,174,0,250,79,0,1652,1966,1966
0,outside,849,176,83,93,10,18,148,0,176,0,260,87,0,1776,2114,2114
0,outside,850,200,97,103,28,9,163,0,200,0,288,91,0,1910,2272,2277
1,farmyard,800,3,2,1,0,0,3,3,0,0,0,0,0,0,0,0
1,farmyard,801,4,3,1,1,0,3,4,0,0,1,0,0,8,3,3
1,farmyard,802,4,3,1,0,1,3,4,0,0,1,0,0,16,6,6
1,farmyard,803,5,4,1,1,0,4,5,0,1,2,0,0,24,10,10
1,farmyard,804,7,6,1,2,1,4,7,0,1,4,0,0,36,14,14
1,farmyard,805,7,6,1,0,2,5,7,0,1,4,0,0,48,19,19
1,farmyard,806,7,5,2,1,0,6,7,0,1,5,1,0,64,25,25
1,farmyard,807,9,6,3,2,1,6,0,9,0,7,1,0,84,31,31
1,farmyard,808,11,7,4,2,2,7,0,11,0,9,1,0,94,38,38
1,farmyard,809,12,8,4,1,2,9,0,12,0,10,1,0,104,47,47
1,farmyard,810,14,9,5,2,1,11,0,14,0,12,1,0,116,58,58
1,farmyard,811,16,9,7,2,2,12,0,16,0,14,1,0,130,70,70
1,farmyard,812,17,8,9,3,2,12,0,17,0,17,3,0,146,82,82
1,farmyard,813,18,8,10,1,3,14,0,18,0,18,3,0,162,96,96
1,farmyard,814,20,8,12,2,1,17,0,20,0,20,3,0,178,113,113
1,farmyard,815,24,9,15,4,2,18,0,24,0,24,3,0,194,131,131
1,farmyard,816,27,10,17,3,4,20,0,27,0,27,3,0,210,151,151
1,farmyard,817,28,11,17,2,3,23,0,28,0,29,4,0,226,174,174
1,farmyard,818,26,9,17,1,2,23,0,26,0,30,7,0,242,197,197
1,farmyard,819,27,10,17,2,1,24,0,27,0,32,8,0,254,221,221
1,farmyard,820,27,10,17,3,2,22,0,27,0,35,11,0,268,243,243
1,farmyard,821,31,12,19,5,2,24,0,31,0,40,12,0,282,267,267
1,farmyard,822,31,11,20,1,5,25,0,31,0,41,13,0,300,292,292
1,farmyard,823,34,12,22,4,1,29,0,34,0,45,14,0,318,321,321
1,farmyard,824,36,12,24,2,4,30,0,36,0,47,14,0,338,351,351
1,farmyard,825,44,15,29,8,2,34,0,44,0,55,14,0,358,385,385
1,farmyard,826,45,16,29,3,8,34,0,45,0,58,16,0,382,419,419
1,farmyard,827,49,20,29,7,3,39,0,49,0,65,19,0,406,458,458
1,farmyard,828,52,22,30,3,7,42,0,52,0,68,19,0,434,500,500
1,farmyard,829,54,25,29,6,3,45,0,54,0,74,23,0,464,545,545
1,farmyard,830,59,28,31,7,5,47,0,59,0,81,25,0,502,592,592
1,farmyard,831,68,32,36,9,7,52,0,68,0,90,25,0,544,644,644
1,farmyard,832,69,34,35,2,9,58,0,69,0,92,26,0,594,702,702
1,farmyard,833,82,42,40,16,2,64,0,82,0,108,29,0,650,766,766
1,farmyard,834,82,42,40,5,16,61,0,82,0,113,34,0,712,827,827
1,farmyard,835,93,50,43,14,5,74,0,93,0,127,37,0,774,901,901
1,farmyard,836,98,55,43,10,13,75,0,98,0,137,42,0,854,976,976
1,farmyard,837,110,58,52,16,10,84,0,110,0,153,46,0,936,1060,1060
1,farmyard,838,116,63,53,11,15,90,0,116,0,164,51,0,1030,1150,1150
1,farmyard,839,131,67,64,15,11,105,0,131,0,179,51,0,1132,1255,1255
1,farmyard,840,144,70,74,16,15,113,0,144,0,195,54,0,1244,1368,1368
1,farmyard,841,159,79,80,19,16,124,0,159,0,214,58,0,1366,1492,1492
1,farmyard,842,173,83,90,19,19,135,0,173,0,233,63,0,1492,1627,1627
1,farmyard,843,188,94,94,20,19,149,0,188,0,253,68,0,1618,1776,1776
1,farmyard,844,207,103,104,26,20,161,0,207,0,279,75,0,1760,1937,1937
1,farmyard,845,225,115,110,25,26,174,0,225,0,304,82,0,1912,2111,2111
1,farmyard,846,241,124,117,23,25,193,0,241,0,327,89,0,2090,2304,2304
1,farmyard,847,266,132,134,36,21,209,0,266,0,363,100,0,2286,2513,2513
1,farmyard,848,277,138,139,22,32,223,0,277,0,385,111,0,2496,2736,2736
1,farmyard,849,305,150,155,36,22,247,0,305,0,421,119,0,2722,2983,2983
1,farmyard,850,340,167,173,41,35,264,0,340,0,462,125,0,2966,3247,3247
1,outside,800,3,2,1,0,0,3,0,3,0,0,0,0,0,0,0
1,outside,801,4,3,1,1,0,3,0,4,0,1,0,0,4,3,3
1,outside,802,4,3,1,0,1,3,0,4,0,1,0,0,8,6,6
1,outside,803,5,4,1,1,0,4,0,5,0,2,0,0,12,10,10
1,outside,804,7,6,1,2,1,4,0,7,0,4,0,0,18,14,14
1,outside,805,7,6,1,0,2,5,0,7,0,4,0,0,24,19,19
1,outside,806,9,7,2,2,0,7,0,9,0,6,0,0,32,26,26
1,outside,807,8,7,1,0,1,7,0,8,0,6,1,0,44,33,33
1,outside,808,12,9,3,4,0,8,0,12,0,10,1,0,56,41,41
1,outside,809,12,9,3,0,4,8,0,12,0,10,1,0,70,49,49
1,outside,810,15,10,5,3,0,12,0,15,0,13,1,0,84,61,61
1,outside,811,15,10,5,1,3,11,0,15,0,14,2,0,102,72,72
1,outside,812,17,12,5,2,1,14,0,17,0,16,2,0,118,86,86
1,outside,813,19,11,8,3,2,14,0,19,0,19,3,0,136,100,100
1,outside,814,21,11,10,3,3,15,0,21,0,22,4,0,154,115,115
1,outside,815,22,12,10,2,3,17,0,22,0,24,5,0,174,132,132
1,outside,816,23,12,11,2,2,19,0,23,0,26,6,0,194,151,151
1,outside,817,25,13,12,3,2,20,0,25,0,29,7,0,214,171,171
1,outside,818,24,13,11,1,2,21,0,24,0,30,9,0,234,192,192
1,outside,819,27,14,13,5,1,21,0,27,0,35,11,0,254,213,213
1,outside,820,31,16,15,5,5,21,0,31,0,40,12,0,278,234,234
1,outside,821,34,19,15,3,5,26,0,34,0,43,12,0,304,260,260
1,outside,822,39,21,18,7,3,29,0,39,0,50,14,0,332,289,289
1,outside,823,44,24,20,5,7,32,0,44,0,55,14,0,360,321,321
1,outside,824,54,28,26,10,5,39,0,54,0,65,14,0,394,360,360
1,outside,825,58,28,30,5,10,43,0,58,0,70,15,0,436,403,403
1,outside,826,62,31,31,7,5,50,0,62,0,77,18,0,482,453,453
1,outside,827,69,33,36,10,7,52,0,69,0,87,21,0,534,505,505
1,outside,828,74,35,39,8,8,58,0,74,0,95,24,0,586,563,563
1,outside,829,84,39,45,10,8,66,0,84,0,105,24,0,646,629,629
1,outside,830,92,45,47,10,10,72,0,92,0,115,26,0,710,701,701
1,outside,831,101,49,52,12,10,79,0,101,0,127,29,0,780,780,780
1,outside,832,110,53,57,13,12,85,0,110,0,140,33,0,854,865,865
1,outside,833,115,53,62,11,13,91,0,115,0,151,39,0,936,956,956
1,outside,834,124,53,71,13,11,100,0,124,0,164,43,0,1026,1056,1056
1,outside,835,129,55,74,10,12,107,0,129,0,174,48,0,1122,1163,1163
1,outside,836,142,58,84,13,10,119,0,142,0,187,48,0,1216,1282,1282
1,outside,837,151,62,89,12,13,126,0,151,0,199,51,0,1316,1408,1408
1,outside,838,168,70,98,20,12,136,0,168,0,219,54,0,1424,1544,1544
1,outside,839,175,72,103,13,20,142,0,175,0,232,60,0,1534,1686,1686
1,outside,840,193,87,106,20,13,160,0,193,0,252,62,0,1648,1846,1846
1,outside,841,198,93,105,18,19,161,0,198,0,270,75,0,1780,2007,2007
1,outside,842,214,105,109,21,18,175,0,214,0,291,80,0,1914,2182,2182
1,outside,843,226,111,115,21,20,185,0,226,0,312,89,0,2074,2367,2367
1,outside,844,243,120,123,23,21,199,0,243,0,335,95,0,2244,2566,2566
1,outside,845,273,138,135,36,23,214,0,273,0,371,101,0,2430,2780,2780
1,outside,846,300,153,147,37,36,227,0,300,0,408,111,0,2638,3007,3007
1,outside,847,326,161,165,33,37,256,0,326,0,441,118,0,2868,3263,3263
1,outside,848,362,179,183,47,33,282,0,362,0,488,129,0,3132,3545,3545
1,outside,849,390,201,189,43,45,302,0,390,0,531,144,0,3416,3847,3847
1,outside,850,426,224,202,48,42,336,0,426,0,579,156,0,3716,4163,4183
2,farmyard,800,3,2,1,0,0,3,3,0,0,0,0,0,0,0,0
2,farmyard,801,4,3,1,1,0,3,4,0,0,1,0,0,8,3,3
2,farmyard,802,3,2,1,0,0,3,3,0,0,1,1,0,16,6,6
2,farmyard,803,4,3,1,1,0,3,4,0,0,2,1,0,24,9,9
2,farmyard,804,5,3,2,1,1,3,5,0,1,3,1,0,32,12,12
2,farmyard,805,5,3,2,0,1,4,5,0,1,3,1,0,40,16,16
2,farmyard,806,7,4,3,2,0,5,7,0,1,5,1,0,52,21,21
2,farmyard,807,7,4,3,0,2,5,7,0,1,5,1,0,64,26,26
2,farmyard,808,10,6,4,3,0,7,10,0,1,8,1,0,76,33,33
2,farmyard,809,9,5,4,0,3,6,9,0,1,8,2,0,92,39,39
2,farmyard,810,9,5,4,1,0,8,9,0,1,9,3,0,104,47,47
2,farmyard,811,9,4,5,1,1,7,9,0,1,10,4,0,120,54,54
2,farmyard,812,9,4,5,1,1,7,9,0,1,11,5,0,132,61,61
2,farmyard,813,8,4,4,0,1,7,8,0,1,11,6,0,148,68,68
2,farmyard,814,11,4,7,3,0,8,11,0,1,14,6,0,164,76,76
2,farmyard,815,9,3,6,0,2,7,9,0,1,14,8,0,180,83,83
2,farmyard,816,9,3,6,1,0,8,9,0,1,15,9,0,192,91,91
2,farmyard,817,6,2,4,0,0,6,6,0,1,15,12,0,204,97,97
2,farmyard,818,6,2,4,0,0,6,6,0,1,15,12,0,212,103,103
2,farmyard,819,6,2,4,0,0,6,6,0,1,15,12,0,220,109,109
2,farmyard,820,5,2,3,0,0,5,5,0,1,15,13,0,228,114,114
2,farmyard,821,5,2,3,0,0,5,5,0,1,15,13,0,236,119,119
2,farmyard,822,5,2,3,0,0,5,5,0,1,15,13,0,244,124,124
2,farmyard,823,5,2,3,0,0,5,5,0,1,15,13,0,252,129,129
2,farmyard,824,5,2,3,0,0,5,5,0,1,15,13,0,260,134,134
2,farmyard,825,5,2,3,0,0,5,5,0,1,15,13,0,268,139,139
2,farmyard,826,4,2,2,0,0,4,4,0,0,15,14,0,276,143,143
2,farmyard,827,4,2,2,0,0,4,4,0,0,15,14,0,284,147,147
2,farmyard,828,4,2,2,0,0,4,4,0,0,15,14,0,292,151,151
2,farmyard,829,4,2,2,0,0,4,4,0,0,15,14,0,300,155,155
2,farmyard,830,2,1,1,0,0,2,2,0,0,15,16,0,308,157,157
2,farmyard,831,2,1,1,0,0,2,2,0,0,15,16,0,312,159,159
2,farmyard,832,2,1,1,0,0,2,2,0,0,15,16,0,316,161,161
2,farmyard,833,2,1,1,0,0,2,2,0,0,15,16,0,320,163,163
2,farmyard,834,2,1,1,0,0,2,2,0,0,15,16,0,324,165,165
2,farmyard,835,2,1,1,0,0,2,2,0,0,15,16,0,328,167,167
2,farmyard,836,1,1,0,0,0,1,1,0,0,15,17,0,332,168,168
2,farmyard,837,0,0,0,0,0,0,0,0,0,15,18,0,336,168,168
2,farmyard,838,0,0,0,0,0,0,0,0,0,15,18,0,336,168,168
2,farmyard,839,0,0,0,0,0,0,0,0,0,15,18,0,336,168,168
2,farmyard,840,0,0,0,0,0,0,0,0,0,15,18,0,336,168,168
2,farmyard,841,0,0,0,0,0,0,0,0,0,15,18,0,336,168,168
2,farmyard,842,0,0,0,0,0,0,0,0,0,15,18,0,336,168,168
2,farmyard,843,0,0,0,0,0,0,0,0,0,15,18,0,336,168,168
2,farmyard,844,0,0,0,0,0,0,0,0,0,15,18,0,336,168,168
2,farmyard,845,0,0,0,0,0,0,0,0,0,15,18,0,336,168,168
2,farmyard,846,0,0,0,0,0,0,0,0,0,15,18,0,336,168,168
2,farmyard,847,0,0,0,0,0,0,0,0,0,15,18,0,336,168,168
2,farmyard,848,0,0,0,0,0,0,0,0,0,15,18,0,336,168,168
2,farmyard,849,0,0,0,0,0,0,0,0,0,15,18,0,336,168,168
2,farmyard,850,0,0,0,0,0,0,0,0,0,15,18,0,336,168,168
2,outside,800,3,2,1,0,0,3,0,3,0,0,0,0,0,0,0
2,outside,801,4,3,1,1,0,3,0,4,0,1,0,0,4,3,3
2,outside,802,3,2,1,0,0,3,0,3,0,1,1,0,8,6,6
2,outside,803,4,3,1,1,0,3,0,4,0,2,1,0,12,9,9
2,outside,804,5,3,2,1,1,3,0,5,0,3,1,0,16,12,12
2,outside,805,5,3,2,0,1,4,0,5,0,3,1,0,20,16,16
2,outside,806,7,4,3,2,0,5,0,7,0,5,1,0,26,21,21
2,outside,807,7,4,3,0,2,5,0,7,0,5,1,0,32,26,26
2,outside,808,10,6,4,3,0,7,0,10,0,8,1,0,38,33,33
2,outside,809,10,6,4,0,3,7,0,10,0,8,1,0,46,40,40
2,outside,810,12,6,6,2,0,10,0,12,0,10,1,0,54,50,50
2,outside,811,12,6,6,0,2,10,0,12,0,10,1,0,66,60,60
2,outside,812,13,7,6,1,0,12,0,13,0,11,1,0,78,72,72
2,outside,813,13,7,6,0,1,12,0,13,0,11,1,0,90,84,84
2,outside,814,15,9,6,3,0,12,0,15,0,14,2,0,102,96,96
2,outside,815,15,9,6,1,3,11,0,15,0,15,3,0,116,107,107
2,outside,816,17,11,6,3,1,13,0,17,0,18,4,0,128,120,120
2,outside,817,19,11,8,3,3,13,0,19,0,21,5,0,144,133,133
2,outside,818,21,13,8,3,3,15,0,21,0,24,6,0,160,148,148
2,outside,819,23,14,9,2,3,18,0,23,0,26,6,0,180,166,166
2,outside,820,27,14,13,5,2,20,0,27,0,31,7,0,202,186,186
2,outside,821,31,16,15,5,4,22,0,31,0,36,8,0,226,208,208
2,outside,822,33,16,17,2,5,26,0,33,0,38,8,0,252,234,234
2,outside,823,39,18,21,6,2,31,0,39,0,44,8,0,280,265,265
2,outside,824,42,18,24,3,6,33,0,42,0,47,8,0,312,298,298
2,outside,825,44,19,25,4,2,38,0,44,0,51,10,0,344,336,336
2,outside,826,47,21,26,4,4,39,0,47,0,55,11,0,378,375,375
2,outside,827,49,22,27,4,4,41,0,49,0,59,13,0,410,416,416
2,outside,828,53,23,30,6,4,43,0,53,0,65,15,0,444,459,459
2,outside,829,58,26,32,7,6,45,0,58,0,72,17,0,480,504,504
2,outside,830,58,25,33,4,7,47,0,58,0,76,21,0,520,551,551
2,outside,831,63,29,34,8,4,51,0,63,0,84,24,0,560,602,602
2,outside,832,66,30,36,5,7,54,0,66,0,89,26,0,606,656,656
2,outside,833,69,32,37,6,5,58,0,69,0,95,29,0,656,714,714
2,outside,834,78,35,43,11,6,61,0,78,0,106,31,0,710,775,775
2,outside,835,80,36,44,6,11,63,0,80,0,112,35,0,766,838,838
2,outside,836,92,45,47,14,6,72,0,92,0,126,37,0,824,910,910
2,outside,837,98,49,49,8,14,76,0,98,0,134,39,0,890,986,986
2,outside,838,110,57,53,16,8,86,0,110,0,150,43,0,962,1072,1072
2,outside,839,117,61,56,12,16,89,0,117,0,162,48,0,1048,1161,1161
2,outside,840,136,70,66,21,12,103,0,136,0,183,50,0,1142,1264,1264
2,outside,841,144,74,70,16,21,107,0,144,0,199,58,0,1256,1371,1371
2,outside,842,158,81,77,16,16,126,0,158,0,215,60,0,1370,1497,1497
2,outside,843,178,96,82,26,15,137,0,178,0,241,66,0,1498,1634,1634
2,outside,844,195,107,88,21,26,148,0,195,0,262,70,0,1638,1782,1782
2,outside,845,218,116,102,27,19,172,0,218,0,289,74,0,1794,1954,1954
2,outside,846,243,129,114,33,27,183,0,243,0,322,82,0,1982,2137,2137
2,outside,847,270,149,121,35,32,203,0,270,0,357,90,0,2184,2340,2340
2,outside,848,297,163,134,37,35,225,0,297,0,394,100,0,2404,2565,2565
2,outside,849,335,182,153,44,35,256,0,335,0,438,106,0,2646,2821,2821
2,outside,850,380,203,177,52,44,284,0,380,0,490,113,0,2928,3105,3105
3,farmyard,800,3,2,1,0,0,3,3,0,0,0,0,0,0,0,0
3,farmyard,801,5,4,1,2,0,3,5,0,1,2,0,0,8,3,3
3,farmyard,802,5,4,1,0,2,3,5,0,1,2,0,0,16,6,6
3,farmyard,803,6,5,1,1,0,5,6,0,1,3,0,0,24,11,11
3,farmyard,804,6,5,1,0,1,5,6,0,1,3,0,0,40,16,16
3,farmyard,805,8,5,3,2,0,6,8,0,1,5,0,0,56,22,22
3,farmyard,806,8,5,3,0,2,6,8,0,1,5,0,0,76,28,28
3,farmyard,807,10,5,5,2,0,8,10,0,1,7,0,0,96,36,36
3,farmyard,808,8,3,5,0,2,6,8,0,1,7,2,0,116,42,42
3,farmyard,809,10,5,5,2,0,8,10,0,1,9,2,0,128,50,50
3,farmyard,810,11,6,5,1,2,8,11,0,1,10,2,0,140,58,58
3,farmyard,811,12,6,6,2,1,9,12,0,1,12,3,0,152,67,67
3,farmyard,812,11,5,6,1,2,8,11,0,1,13,5,0,172,75,75
3,farmyard,813,7,3,4,1,0,6,7,0,1,14,10,0,192,81,81
3,farmyard,814,8,3,5,1,1,6,8,0,1,15,10,0,204,87,87
3,farmyard,815,7,2,5,1,1,5,7,0,1,16,12,0,216,92,92
3,farmyard,816,8,3,5,1,1,6,8,0,1,17,12,0,224,98,98
3,farmyard,817,6,3,3,1,1,4,6,0,1,18,15,0,232,102,102
3,farmyard,818,6,3,3,0,1,5,6,0,1,18,15,0,236,107,107
3,farmyard,819,6,2,4,1,0,5,6,0,1,19,16,0,244,112,112
3,farmyard,820,7,2,5,1,1,5,7,0,1,20,16,0,252,117,117
3,farmyard,821,8,3,5,1,1,6,8,0,1,21,16,0,260,123,123
3,farmyard,822,9,4,5,1,1,7,9,0,1,22,16,0,268,130,130
3,farmyard,823,9,4,5,2,0,7,9,0,1,24,18,0,276,137,137
3,farmyard,824,7,4,3,1,1,5,7,0,1,25,21,0,288,142,142
3,farmyard,825,8,4,4,1,1,6,8,0,1,26,21,0,300,148,148
3,farmyard,826,7,2,5,2,1,4,7,0,1,28,24,0,316,152,152
3,farmyard,827,7,2,5,0,2,5,7,0,1,28,24,0,324,157,157
3,farmyard,828,8,2,6,1,0,7,8,0,1,29,24,0,332,164,164
3,farmyard,829,8,2,6,0,1,7,8,0,1,29,24,0,340,171,171
3,farmyard,830,9,2,7,1,0,8,9,0,1,30,24,0,348,179,179
3,farmyard,831,7,1,6,0,1,6,7,0,1,30,26,0,356,185,185
3,farmyard,832,7,1,6,0,0,7,7,0,1,30,26,0,360,192,192
3,farmyard,833,7,2,5,1,0,6,7,0,1,31,27,0,364,198,198
3,farmyard,834,6,2,4,0,1,5,6,0,1,31,28,0,368,203,203
3,farmyard,835,5,1,4,0,0,5,5,0,1,31,29,0,372,208,208
3,farmyard,836,4,1,3,0,0,4,4,0,0,31,30,0,376,212,212
3,farmyard,837,4,1,3,0,0,4,4,0,0,31,30,0,380,216,216
3,farmyard,838,4,1,3,0,0,4,4,0,0,31,30,0,384,220,220
3,farmyard,839,4,1,3,0,0,4,4,0,0,31,30,0,388,224,224
3,farmyard,840,4,1,3,0,0,4,4,0,0,31,30,0,392,228,228
3,farmyard,841,4,1,3,0,0,4,4,0,0,31,30,0,396,232,232
3,farmyard,842,4,1,3,0,0,4,4,0,0,31,30,0,400,236,236
3,farmyard,843,4,1,3,0,0,4,4,0,0,31,30,0,404,240,240
3,farmyard,844,3,1,2,0,0,3,3,0,0,31,31,0,408,243,243
3,farmyard,845,3,1,2,0,0,3,3,0,0,31,31,0,412,246,246
3,farmyard,846,3,1,2,0,0,3,3,0,0,31,31,0,416,249,249
3,farmyard,847,3,1,2,0,0,3,3,0,0,31,31,0,420,252,252
3,farmyard,848,2,0,2,0,0,2,2,0,0,31,32,0,424,254,254
3,farmyard,849,2,0,2,0,0,2,2,0,0,31,32,0,424,256,256
3,farmyard,850,0,0,0,0,0,0,0,0,0,31,34,0,424,256,256
3,outside,800,3,2,1,0,0,3,0,3,0,0,0,0,0,0,0
3,outside,801,5,4,1,2,0,3,0,5,0,2,0,0,4,3,3
3,outside,802,5,4,1,0,2,3,0,5,0,2,0,0,8,6,6
3,outside,803,6,5,1,1,0,5,0,6,0,3,0,0,12,11,11
3,outside,804,6,5,1,0,1,5,0,6,0,3,0,0,20,16,16
3,outside,805,8,5,3,2,0,6,0,8,0,5,0,0,28,22,22
3,outside,806,8,5,3,0,2,6,0,8,0,5,0,0,38,28,28
3,outside,807,10,5,5,2,0,8,0,10,0,7,0,0,48,36,36
3,outside,808,10,5,5,0,2,8,0,10,0,7,0,0,58,44,44
3,outside,809,13,6,7,3,0,10,0,13,0,10,0,0,68,54,54
3,outside,810,15,7,8,2,3,10,0,15,0,12,0,0,78,64,64
3,outside,811,17,9,8,2,2,13,0,17,0,14,0,0,88,77,77
3,outside,812,15,7,8,0,2,13,0,15,0,14,2,0,100,90,90
3,outside,813,20,10,10,5,0,15,0,20,0,19,2,0,110,105,105
3,outside,814,20,10,10,0,5,15,0,20,0,19,2,0,124,120,120
3,outside,815,23,11,12,4,0,19,0,23,0,23,3,0,138,139,139
3,outside,816,23,12,11,2,3,18,0,23,0,25,5,0,158,157,157
3,outside,817,24,13,11,2,2,20,0,24,0,27,6,0,178,177,177
3,outside,818,26,15,11,3,2,21,0,26,0,30,7,0,198,198,198
3,outside,819,31,18,13,5,3,23,0,31,0,35,7,0,222,221,221
3,outside,820,31,16,15,2,5,24,0,31,0,37,9,0,248,245,245
3,outside,821,33,17,16,3,2,28,0,33,0,40,10,0,274,273,273
3,outside,822,38,19,19,7,2,29,0,38,0,47,12,0,306,302,302
3,outside,823,40,21,19,4,7,29,0,40,0,51,14,0,338,331,331
3,outside,824,45,22,23,6,4,35,0,45,0,57,15,0,368,366,366
3,outside,825,49,25,24,4,6,39,0,49,0,61,15,0,402,405,405
3,outside,826,56,31,25,8,4,44,0,56,0,69,16,0,442,449,449
3,outside,827,59,33,26,4,8,47,0,59,0,73,17,0,486,496,496
3,outside,828,64,36,28,7,4,53,0,64,0,80,19,0,536,549,549
3,outside,829,73,41,32,11,7,55,0,73,0,91,21,0,596,604,604
3,outside,830,79,44,35,8,11,60,0,79,0,99,23,0,658,664,664
3,outside,831,89,50,39,12,8,69,0,89,0,111,25,0,724,733,733
3,outside,832,95,55,40,10,12,73,0,95,0,121,29,0,798,806,806
3,outside,833,112,61,51,18,10,84,0,112,0,139,30,0,882,890,890
3,outside,834,123,63,60,13,18,92,0,123,0,152,32,0,980,982,982
3,outside,835,138,71,67,15,13,110,0,138,0,167,32,0,1084,1092,1092
3,outside,836,156,82,74,23,15,118,0,156,0,190,37,0,1202,1210,1210
3,outside,837,164,83,81,15,22,127,0,164,0,205,44,0,1322,1337,1337
3,outside,838,182,97,85,26,14,142,0,182,0,231,52,0,1448,1479,1479
3,outside,839,193,100,93,15,25,153,0,193,0,246,56,0,1596,1632,1632
3,outside,840,221,118,103,31,14,176,0,221,0,277,59,0,1756,1808,1808
3,outside,841,239,130,109,26,31,182,0,239,0,303,67,0,1942,1990,1990
3,outside,842,269,147,122,37,26,206,0,269,0,340,74,0,2134,2196,2196
3,outside,843,295,168,127,36,37,222,0,295,0,376,84,0,2360,2418,2418
3,outside,844,331,185,146,43,35,253,0,331,0,419,91,0,2606,2671,2671
3,outside,845,362,195,167,48,40,274,0,362,0,467,108,0,2884,2945,2945
3,outside,846,407,215,192,53,47,307,0,407,0,520,116,0,3198,3252,3252
3,outside,847,445,234,211,49,53,343,0,445,0,569,127,0,3538,3595,3595
3,outside,848,502,259,243,69,49,384,0,502,0,638,139,0,3902,3979,3979
3,outside,849,542,282,260,55,68,419,0,542,0,693,154,0,4308,4398,4398
3,outside,850,616,323,293,86,54,476,0,616,0,779,166,0,4748,4874,4874
4,farmyard,800,3,2,1,0,0,3,3,0,0,0,0,0,0,0,0
4,farmyard,801,5,3,2,2,0,3,5,0,1,2,0,0,8,3,3
4,farmyard,802,5,3,2,0,2,3,5,0,1,2,0,0,16,6,6
4,farmyard,803,7,3,4,2,0,5,7,0,1,4,0,0,24,11,11
4,farmyard,804,8,3,5,1,2,5,8,0,1,5,0,0,36,16,16
4,farmyard,805,8,4,4,1,1,6,8,0,1,6,1,0,48,22,22
4,farmyard,806,8,4,4,1,1,6,8,0,1,7,2,0,60,28,28
4,farmyard,807,8,5,3,1,1,6,8,0,1,8,3,0,68,34,34
4,farmyard,808,9,5,4,1,1,7,9,0,1,9,3,0,80,41,41
4,farmyard,809,9,6,3,1,0,8,9,0,1,10,4,0,96,49,49
4,farmyard,810,8,5,3,0,1,7,8,0,1,10,5,0,116,56,56
4,farmyard,811,8,5,3,2,0,6,8,0,1,12,7,0,132,62,62
4,farmyard,812,9,5,4,1,2,6,9,0,1,13,7,0,148,68,68
4,farmyard,813,9,5,4,2,1,6,9,0,1,15,9,0,164,74,74
4,farmyard,814,7,5,2,0,2,5,7,0,1,15,11,0,180,79,79
4,farmyard,815,8,5,3,1,0,7,8,0,1,16,11,0,196,86,86
4,farmyard,816,6,3,3,0,1,5,6,0,1,16,13,0,216,91,91
4,farmyard,817,6,3,3,1,0,5,6,0,1,17,14,0,228,96,96
4,farmyard,818,7,4,3,1,1,5,7,0,1,18,14,0,236,101,101
4,farmyard,819,8,5,3,1,1,6,8,0,1,19,14,0,244,107,107
4,farmyard,820,9,7,2,2,1,6,9,0,1,21,15,0,256,113,113
4,farmyard,821,9,7,2,1,2,6,9,0,1,22,16,0,272,119,119
4,farmyard,822,10,6,4,2,1,7,10,0,1,24,17,0,292,126,126
4,farmyard,823,11,7,4,1,2,8,11,0,1,25,17,0,316,134,134
4,farmyard,824,10,6,4,1,1,8,10,0,1,26,19,0,340,142,142
4,farmyard,825,13,7,6,4,1,8,13,0,1,30,20,0,360,150,150
4,farmyard,826,13,6,7,1,3,9,13,0,1,31,21,0,384,159,159
4,farmyard,827,10,5,5,1,0,9,10,0,1,32,25,0,408,168,168
4,farmyard,828,10,5,5,2,1,7,10,0,1,34,27,0,428,175,175
4,farmyard,829,9,5,4,0,2,7,9,0,1,34,28,0,440,182,182
4,farmyard,830,11,7,4,3,0,8,11,0,1,37,29,0,452,190,190
4,farmyard,831,11,7,4,0,3,8,11,0,1,37,29,0,468,198,198
4,farmyard,832,9,5,4,0,0,9,9,0,1,37,31,0,484,207,207
4,farmyard,833,9,5,4,2,0,7,9,0,1,39,33,0,504,214,214
4,farmyard,834,10,5,5,1,2,7,10,0,1,40,33,0,520,221,221
4,farmyard,835,9,3,6,1,1,7,9,0,1,41,35,0,536,228,228
4,farmyard,836,9,3,6,1,1,7,9,0,1,42,36,0,548,235,235
4,farmyard,837,10,4,6,1,1,8,10,0,1,43,36,0,560,243,243
4,farmyard,838,10,3,7,1,1,8,10,0,1,44,37,0,572,251,251
4,farmyard,839,9,3,6,1,0,8,9,0,1,45,39,0,580,259,259
4,farmyard,840,10,4,6,2,1,7,10,0,1,47,40,0,592,266,266
4,farmyard,841,8,3,5,0,2,6,8,0,1,47,42,0,604,272,272
4,farmyard,842,7,4,3,1,0,6,7,0,1,48,44,0,612,278,278
4,farmyard,843,6,4,2,0,1,5,6,0,1,48,45,0,624,283,283
4,farmyard,844,6,3,3,1,0,5,6,0,1,49,46,0,636,288,288
4,farmyard,845,7,3,4,1,1,5,7,0,1,50,46,0,648,293,293
4,farmyard,846,6,3,3,0,0,6,6,0,1,50,47,0,660,299,299
4,farmyard,847,8,4,4,2,0,6,8,0,1,52,47,0,672,305,305
4,farmyard,848,8,4,4,0,2,6,8,0,1,52,47,0,684,311,311
4,farmyard,849,9,4,5,1,0,8,0,9,0,53,47,0,696,319,319
4,farmyard,850,8,3,5,0,1,7,0,8,0,53,48,0,704,326,326
4,outside,800,3,2,1,0,0,3,0,3,0,0,0,0,0,0,0
4,outside,801,5,3,2,2,0,3,0,5,0,2,0,0,4,3,3
4,outside,802,5,3,2,0,2,3,0,5,0,2,0,0,8,6,6
4,outside,803,6,3,3,1,0,5,0,6,0,3,0,0,12,11,11
4,outside,804,6,3,3,0,1,5,0,6,0,3,0,0,18,16,16
4,outside,805,8,5,3,2,0,6,0,8,0,5,0,0,24,22,22
4,outside,806,8,5,3,0,2,6,0,8,0,5,0,0,30,28,28
4,outside,807,11,7,4,4,0,7,0,11,0,9,1,0,36,35,35
4,outside,808,11,7,4,0,4,7,0,11,0,9,1,0,46,42,42
4,outside,809,13,8,5,2,0,11,0,13,0,11,1,0,56,53,53
4,outside,810,13,8,5,0,2,11,0,13,0,11,1,0,70,64,64
4,outside,811,16,9,7,3,0,13,0,16,0,14,1,0,84,77,77
4,outside,812,15,8,7,1,3,11,0,15,0,15,3,0,100,88,88
4,outside,813,18,10,8,3,1,14,0,18,0,18,3,0,112,102,102
4,outside,814,21,11,10,3,3,15,0,21,0,21,3,0,126,117,117
4,outside,815,23,14,9,3,2,18,0,23,0,24,4,0,142,135,135
4,outside,816,28,16,12,5,3,20,0,28,0,29,4,0,162,155,155
4,outside,817,32,18,14,5,4,23,0,32,0,34,5,0,184,178,178
4,outside,818,36,19,17,4,5,27,0,36,0,38,5,0,212,205,205
4,outside,819,40,20,20,6,4,30,0,40,0,44,7,0,244,235,235
4,outside,820,42,21,21,2,6,34,0,42,0,46,7,0,278,269,269
4,outside,821,46,22,24,4,2,40,0,46,0,50,7,0,314,309,309
4,outside,822,49,24,25,5,4,40,0,49,0,55,9,0,354,349,349
4,outside,823,54,27,27,5,5,44,0,54,0,60,9,0,392,393,393
4,outside,824,59,30,29,8,4,47,0,59,0,68,12,0,432,440,440
4,outside,825,66,33,33,8,7,51,0,66,0,76,13,0,478,491,491
4,outside,826,70,35,35,8,8,54,0,70,0,84,17,0,528,545,545
4,outside,827,81,42,39,11,8,62,0,81,0,95,17,0,582,607,607
4,outside,828,85,44,41,7,10,68,0,85,0,102,20,0,644,675,675
4,outside,829,94,51,43,12,7,75,0,94,0,114,23,0,714,750,750
4,outside,830,101,54,47,9,12,80,0,101,0,123,25,0,796,830,830
4,outside,831,120,65,55,20,9,91,0,120,0,143,26,0,880,921,921
4,outside,832,128,65,63,12,19,97,0,128,0,155,30,0,980,1018,1018
4,outside,833,146,74,72,23,12,111,0,146,0,178,35,0,1084,1129,1129
4,outside,834,153,77,76,12,22,119,0,153,0,190,40,0,1206,1248,1248
4,outside,835,170,82,88,21,12,137,0,170,0,211,44,0,1330,1385,1385
4,outside,836,189,89,100,24,21,144,0,189,0,235,49,0,1472,1529,1529
4,outside,837,203,95,108,20,24,159,0,203,0,255,55,0,1620,1688,1688
4,outside,838,216,99,117,25,19,172,0,216,0,280,67,0,1770,1860,1860
4,outside,839,237,110,127,26,24,187,0,237,0,306,72,0,1926,2047,2047
4,outside,840,257,123,134,25,26,206,0,257,0,331,77,0,2098,2253,2253
4,outside,841,275,131,144,28,25,222,0,275,0,359,87,0,2290,2475,2475
4,outside,842,299,140,159,29,28,242,0,299,0,388,92,0,2496,2717,2717
4,outside,843,321,147,174,30,29,262,0,321,0,418,100,0,2722,2979,2979
4,outside,844,348,162,186,36,28,284,0,348,0,454,109,0,2970,3263,3263
4,outside,845,376,179,197,37,33,306,0,376,0,491,118,0,3234,3569,3569
4,outside,846,404,197,207,40,37,327,0,404,0,531,130,0,3518,3896,3896
4,outside,847,433,211,222,47,39,347,0,433,0,578,148,0,3830,4243,4243
4,outside,848,470,235,235,56,44,370,0,470,0,634,167,0,4164,4613,4613
4,outside,849,502,254,248,49,55,398,0,502,0,683,184,0,4532,5011,5011
4,outside,850,555,280,275,67,48,440,0,555,0,750,198,0,4920,5446,5451
5,farmyard,800,3,2,1,0,0,3,3,0,0,0,0,0,0,0,0
5,farmyard,801,4,2,2,1,0,3,4,0,0,1,0,0,8,3,3
5,farmyard,802,5,2,3,1,1,3,5,0,1,2,0,0,16,6,6
5,farmyard,803,6,3,3,1,1,4,6,0,1,3,0,0,24,10,10
5,farmyard,804,7,3,4,1,1,5,7,0,1,4,0,0,32,15,15
5,farmyard,805,7,3,4,0,1,6,7,0,1,4,0,0,40,21,21
5,farmyard,806,8,3,5,1,0,7,8,0,1,5,0,0,52,28,28
5,farmyard,807,8,3,5,0,1,7,8,0,1,5,0,0,64,35,35
5,farmyard,808,8,3,5,1,0,7,8,0,1,6,1,0,76,42,42
5,farmyard,809,9,4,5,1,1,7,9,0,1,7,1,0,84,49,49
5,farmyard,810,7,3,4,0,0,7,7,0,1,7,3,0,92,56,56
5,farmyard,811,7,3,4,1,0,6,7,0,1,8,4,0,104,62,62
5,farmyard,812,7,3,4,0,1,6,7,0,1,8,4,0,116,68,68
5,farmyard,813,6,1,5,1,0,5,6,0,1,9,6,0,128,73,73
5,farmyard,814,6,1,5,0,1,5,6,0,1,9,6,0,132,78,78
5,farmyard,815,6,1,5,0,0,6,6,0,1,9,6,0,136,84,84
5,farmyard,816,5,1,4,0,0,5,5,0,1,9,7,0,140,89,89
5,farmyard,817,6,1,5,1,0,5,6,0,1,10,7,0,144,94,94
5,farmyard,818,6,1,5,0,1,5,6,0,1,10,7,0,148,99,99
5,farmyard,819,6,1,5,0,0,6,6,0,1,10,7,0,152,105,105
5,farmyard,820,6,1,5,1,0,5,6,0,1,11,8,0,156,110,110
5,farmyard,821,5,0,5,0,1,4,5,0,1,11,9,0,160,114,114
5,farmyard,822,5,0,5,0,0,5,5,0,1,11,9,0,160,119,119
5,farmyard,823,5,0,5,0,0,5,5,0,1,11,9,0,160,124,124
5,farmyard,824,5,0,5,0,0,5,5,0,1,11,9,0,160,129,129
5,farmyard,825,5,0,5,0,0,5,5,0,1,11,9,0,160,134,134
5,farmyard,826,5,0,5,0,0,5,5,0,1,11,9,0,160,139,139
5,farmyard,827,5,0,5,0,0,5,5,0,1,11,9,0,160,144,144
5,farmyard,828,3,0,3,0,0,3,3,0,0,11,11,0,160,147,147
5,farmyard,829,3,0,3,0,0,3,3,0,0,11,11,0,160,150,150
5,farmyard,830,3,0,3,0,0,3,3,0,0,11,11,0,160,153,153
5,farmyard,831,2,0,2,0,0,2,2,0,0,11,12,0,160,155,155
5,farmyard,832,2,0,2,0,0,2,2,0,0,11,12,0,160,157,157
5,farmyard,833,1,0,1,0,0,1,1,0,0,11,13,0,160,158,158
5,farmyard,834,0,0,0,0,0,0,0,0,0,11,14,0,160,158,158
5,farmyard,835,0,0,0,0,0,0,0,0,0,11,14,0,160,158,158
5,farmyard,836,0,0,0,0,0,0,0,0,0,11,14,0,160,158,158
5,farmyard,837,0,0,0,0,0,0,0,0,0,11,14,0,160,158,158
5,farmyard,838,0,0,0,0,0,0,0,0,0,11,14,0,160,158,158
5,farmyard,839,0,0,0,0,0,0,0,0,0,11,14,0,160,158,158
5,farmyard,840,0,0,0,0,0,0,0,0,0,11,14,0,160,158,158
5,farmyard,841,0,0,0,0,0,0,0,0,0,11,14,0,160,158,158
5,farmyard,842,0,0,0,0,0,0,0,0,0,11,14,0,160,158,158
5,farmyard,843,0,0,0,0,0,0,0,0,0,11,14,0,160,158,158
5,farmyard,844,0,0,0,0,0,0,0,0,0,11,14,0,160,158,158
5,farmyard,845,0,0,0,0,0,0,0,0,0,11,14,0,160,158,158
5,farmyard,846,0,0,0,0,0,0,0,0,0,11,14,0,160,158,158
5,farmyard,847,0,0,0,0,0,0,0,0,0,11,14,0,160,158,158
5,farmyard,848,0,0,0,0,0,0,0,0,0,11,14,0,160,158,158
5,farmyard,849,0,0,0,0,0,0,0,0,0,11,14,0,160,158,158
5,farmyard,850,0,0,0,0,0,0,0,0,0,11,14,0,160,158,158
5,outside,800,3,2,1,0,0,3,0,3,0,0,0,0,0,0,0
5,outside,801,4,2,2,1,0,3,0,4,0,1,0,0,4,3,3
5,outside,802,5,2,3,1,1,3,0,5,0,2,0,0,8,6,6
5,outside,803,6,3,3,1,1,4,0,6,0,3,0,0,12,10,10
5,outside,804,7,3,4,1,1,5,0,7,0,4,0,0,16,15,15
5,outside,805,7,3,4,0,1,6,0,7,0,4,0,0,20,21,21
5,outside,806,8,3,5,1,0,7,0,8,0,5,0,0,26,28,28
5,outside,807,8,3,5,0,1,7,0,8,0,5,0,0,32,35,35
5,outside,808,10,5,5,2,0,8,0,10,0,7,0,0,38,43,43
5,outside,809,10,5,5,0,2,8,0,10,0,7,0,0,44,51,51
5,outside,810,12,6,6,2,0,10,0,12,0,9,0,0,50,61,61
5,outside,811,13,6,7,1,2,10,0,13,0,10,0,0,60,71,71
5,outside,812,14,6,8,1,1,12,0,14,0,11,0,0,70,83,83
5,outside,813,15,6,9,2,1,12,0,15,0,13,1,0,82,95,95
5,outside,814,16,7,9,2,2,12,0,16,0,15,2,0,92,107,107
5,outside,815,16,7,9,0,2,14,0,16,0,15,2,0,100,121,121
5,outside,816,17,8,9,1,0,16,0,17,0,16,2,0,110,137,137
5,outside,817,21,10,11,4,1,16,0,21,0,20,2,0,124,153,153
5,outside,818,22,11,11,1,4,17,0,22,0,21,2,0,138,170,170
5,outside,819,28,13,15,6,1,21,0,28,0,27,2,0,154,191,191
5,outside,820,27,13,14,1,6,20,0,27,0,28,4,0,174,211,211
5,outside,821,31,17,14,5,1,25,0,31,0,33,5,0,196,236,236
5,outside,822,31,18,13,1,5,25,0,31,0,34,6,0,222,261,261
5,outside,823,36,21,15,5,1,30,0,36,0,39,6,0,248,291,291
5,outside,824,41,24,17,6,5,30,0,41,0,45,7,0,282,321,321
5,outside,825,46,25,21,6,6,34,0,46,0,51,8,0,316,355,355
5,outside,826,53,30,23,8,6,39,0,53,0,59,9,0,354,394,394
5,outside,827,60,34,26,8,8,44,0,60,0,67,10,0,400,438,438
5,outside,828,68,35,33,8,8,52,0,68,0,75,10,0,448,490,490
5,outside,829,74,37,37,10,8,56,0,74,0,85,14,0,506,546,546
5,outside,830,80,41,39,7,10,63,0,80,0,92,15,0,570,609,609
5,outside,831,93,47,46,13,7,73,0,93,0,105,15,0,636,682,682
5,outside,832,99,52,47,9,13,77,0,99,0,114,18,0,710,759,759
5,outside,833,112,58,54,14,9,89,0,112,0,128,19,0,788,848,848
5,outside,834,122,61,61,15,13,94,0,122,0,143,24,0,876,942,942
5,outside,835,132,63,69,11,15,106,0,132,0,154,25,0,972,1048,1048
5,outside,836,158,83,75,28,10,120,0,158,0,182,27,0,1078,1168,1168
5,outside,837,169,92,77,13,28,128,0,169,0,195,29,0,1196,1296,1296
5,outside,838,185,94,91,22,13,150,0,185,0,217,35,0,1318,1446,1446
5,outside,839,200,101,99,23,20,157,0,200,0,240,43,0,1474,1603,1603
5,outside,840,219,110,109,25,22,172,0,219,0,265,49,0,1648,1775,1775
5,outside,841,238,116,122,25,24,189,0,238,0,290,55,0,1826,1964,1964
5,outside,842,264,130,134,32,25,207,0,264,0,322,61,0,2018,2171,2171
5,outside,843,288,145,143,30,31,227,0,288,0,352,67,0,2226,2398,2398
5,outside,844,310,158,152,34,30,246,0,310,0,386,79,0,2448,2644,2644
5,outside,845,338,171,167,40,34,264,0,338,0,426,91,0,2684,2908,2908
5,outside,846,362,187,175,40,38,284,0,362,0,466,107,0,2944,3192,3192
5,outside,847,407,204,203,48,40,319,0,407,0,514,110,0,3234,3511,3511
5,outside,848,442,229,213,49,46,347,0,442,0,563,124,0,3560,3858,3858
5,outside,849,484,254,230,55,49,380,0,484,0,618,137,0,3920,4238,4238
5,outside,850,541,283,258,67,55,419,0,541,0,685,147,0,4300,4651,4657
6,farmyard,800,3,2,1,0,0,3,3,0,0,0,0,0,0,0,0
6,farmyard,801,3,2,1,0,0,3,3,0,0,0,0,0,8,3,3
6,farmyard,802,4,2,2,1,0,3,4,0,0,1,0,0,16,6,6
6,farmyard,803,4,2,2,0,1,3,4,0,0,1,0,0,24,9,9
6,farmyard,804,5,2,3,1,0,4,5,0,1,2,0,0,32,13,13
6,farmyard,805,5,2,3,0,1,4,5,0,1,2,0,0,40,17,17
6,farmyard,806,5,2,3,0,0,5,5,0,1,2,0,0,48,22,22
6,farmyard,807,7,4,3,2,0,5,7,0,1,4,0,0,56,27,27
6,farmyard,808,5,3,2,0,2,3,5,0,1,4,2,0,64,30,30
6,farmyard,809,6,3,3,1,0,5,6,0,1,5,2,0,68,35,35
6,farmyard,810,4,2,2,0,1,3,4,0,0,5,4,0,80,38,38
6,farmyard,811,4,2,2,0,0,4,4,0,0,5,4,0,88,42,42
6,farmyard,812,5,2,3,1,0,4,5,0,1,6,4,0,96,46,46
6,farmyard,813,4,1,3,0,1,3,4,0,0,6,5,0,104,49,49
6,farmyard,814,4,1,3,0,0,4,4,0,0,6,5,0,108,53,53
6,farmyard,815,5,1,4,1,0,4,5,0,1,7,5,0,112,57,57
6,farmyard,816,5,1,4,0,1,4,5,0,1,7,5,0,116,61,61
6,farmyard,817,5,1,4,0,0,5,5,0,1,7,5,0,120,66,66
6,farmyard,818,5,1,4,0,0,5,5,0,1,7,5,0,124,71,71
6,farmyard,819,5,1,4,0,0,5,5,0,1,7,5,0,128,76,76
6,farmyard,820,2,0,2,0,0,2,2,0,0,7,8,0,132,78,78
6,farmyard,821,2,0,2,0,0,2,2,0,0,7,8,0,132,80,80
6,farmyard,822,2,0,2,0,0,2,2,0,0,7,8,0,132,82,82
6,farmyard,823,2,0,2,0,0,2,2,0,0,7,8,0,132,84,84
6,farmyard,824,2,0,2,0,0,2,2,0,0,7,8,0,132,86,86
6,farmyard,825,2,0,2,0,0,2,2,0,0,7,8,0,132,88,88
6,farmyard,826,2,0,2,0,0,2,2,0,0,7,8,0,132,90,90
6,farmyard,827,2,0,2,0,0,2,2,0,0,7,8,0,132,92,92
6,farmyard,828,2,0,2,0,0,2,2,0,0,7,8,0,132,94,94
6,farmyard,829,2,0,2,0,0,2,2,0,0,7,8,0,132,96,96
6,farmyard,830,1,0,1,0,0,1,1,0,0,7,9,0,132,97,97
6,farmyard,831,1,0,1,0,0,1,1,0,0,7,9,0,132,98,98
6,farmyard,832,1,0,1,0,0,1,1,0,0,7,9,0,132,99,99
6,farmyard,833,1,0,1,0,0,1,1,0,0,7,9,0,132,100,100
6,farmyard,834,1,0,1,0,0,1,1,0,0,7,9,0,132,101,101
6,farmyard,835,1,0,1,0,0,1,1,0,0,7,9,0,132,102,102
6,farmyard,836,1,0,1,0,0,1,1,0,0,7,9,0,132,103,103
6,farmyard,837,1,0,1,0,0,1,1,0,0,7,9,0,132,104,104
6,farmyard,838,1,0,1,0,0,1,1,0,0,7,9,0,132,105,105
6,farmyard,839,1,0,1,0,0,1,0,1,0,7,9,0,132,106,106
6,farmyard,840,1,0,1,0,0,1,0,1,0,7,9,0,132,107,107
6,farmyard,841,1,0,1,0,0,1,0,1,0,7,9,0,132,108,108
6,farmyard,842,1,0,1,0,0,1,0,1,0,7,9,0,132,109,109
6,farmyard,843,1,0,1,0,0,1,0,1,0,7,9,0,132,110,110
6,farmyard,844,1,0,1,0,0,1,0,1,0,7,9,0,132,111,111
6,farmyard,845,0,0,0,0,0,0,0,0,0,7,10,0,132,111,111
6,farmyard,846,0,0,0,0,0,0,0,0,0,7,10,0,132,111,111
6,farmyard,847,0,0,0,0,0,0,0,0,0,7,10,0,132,111,111
6,farmyard,848,0,0,0,0,0,0,0,0,0,7,10,0,132,111,111
6,farmyard,849,0,0,0,0,0,0,0,0,0,7,10,0,132,111,111
6,farmyard,850,0,0,0,0,0,0,0,0,0,7,10,0,132,111,111
6,outside,800,3,2,1,0,0,3,0,3,0,0,0,0,0,0,0
6,outside,801,3,2,1,0,0,3,0,3,0,0,0,0,4,3,3
6,outside,802,4,2,2,1,0,3,0,4,0,1,0,0,8,6,6
6,outside,803,4,2,2,0,1,3,0,4,0,1,0,0,12,9,9
6,outside,804,4,2,2,0,0,4,0,4,0,1,0,0,16,13,13
6,outside,805,4,2,2,0,0,4,0,4,0,1,0,0,20,17,17
6,outside,806,5,3,2,1,0,4,0,5,0,2,0,0,24,21,21
6,outside,807,4,2,2,0,1,3,0,4,0,2,1,0,28,24,24
6,outside,808,4,3,1,1,0,3,0,4,0,3,2,0,30,27,27
6,outside,809,5,4,1,1,1,3,0,5,0,4,2,0,34,30,30
6,outside,810,6,4,2,1,1,4,0,6,0,5,2,0,38,34,34
6,outside,811,7,5,2,2,1,4,0,7,0,7,3,0,44,38,38
6,outside,812,7,5,2,0,2,5,0,7,0,7,3,0,50,43,43
6,outside,813,10,7,3,3,0,7,0,10,0,10,3,0,56,50,50
6,outside,814,9,6,3,0,2,7,0,9,0,10,4,0,66,57,57
6,outside,815,10,7,3,2,0,8,0,10,0,12,5,0,76,65,65
6,outside,816,13,8,5,3,2,8,0,13,0,15,5,0,88,73,73
6,outside,817,15,9,6,2,3,10,0,15,0,17,5,0,100,83,83
6,outside,818,19,11,8,4,2,13,0,19,0,21,5,0,114,96,96
6,outside,819,19,11,8,0,4,15,0,19,0,21,5,0,130,111,111
6,outside,820,22,13,9,3,0,19,0,22,0,24,5,0,148,130,130
6,outside,821,26,14,12,4,3,19,0,26,0,28,5,0,170,149,149
6,outside,822,29,17,12,3,4,22,0,29,0,31,5,0,192,171,171
6,outside,823,34,22,12,5,3,26,0,34,0,36,5,0,218,197,197
6,outside,824,38,24,14,4,5,29,0,38,0,40,5,0,246,226,226
6,outside,825,46,27,19,9,4,33,0,46,0,49,6,0,280,259,259
6,outside,826,51,28,23,5,9,37,0,51,0,54,6,0,322,296,296
6,outside,827,57,30,27,9,5,43,0,57,0,63,9,0,368,339,339
6,outside,828,65,32,33,9,9,47,0,65,0,72,10,0,418,386,386
6,outside,829,70,35,35,7,8,55,0,70,0,79,12,0,468,441,441
6,outside,830,82,39,43,13,7,62,0,82,0,92,13,0,524,503,503
6,outside,831,90,41,49,9,13,68,0,90,0,101,14,0,584,571,571
6,outside,832,95,48,47,8,9,78,0,95,0,109,17,0,650,649,649
6,outside,833,103,51,52,10,8,85,0,103,0,119,19,0,726,734,734
6,outside,834,118,61,57,17,10,91,0,118,0,136,21,0,806,825,825
6,outside,835,130,64,66,14,17,99,0,130,0,150,23,0,898,924,924
6,outside,836,140,70,70,13,14,113,0,140,0,163,26,0,994,1037,1037
6,outside,837,154,75,79,19,12,123,0,154,0,182,31,0,1110,1160,1160
6,outside,838,162,81,81,16,19,127,0,162,0,198,39,0,1234,1287,1287
6,outside,839,179,93,86,20,16,143,0,179,0,218,42,0,1362,1430,1430
6,outside,840,198,101,97,24,20,154,0,198,0,242,47,0,1500,1584,1584
6,outside,841,218,117,101,26,24,168,0,218,0,268,53,0,1656,1752,1752
6,outside,842,239,131,108,30,25,184,0,239,0,298,62,0,1834,1936,1936
6,outside,843,262,141,121,30,29,203,0,262,0,328,69,0,2026,2139,2139
6,outside,844,293,153,140,40,30,223,0,293,0,368,78,0,2244,2362,2362
6,outside,845,322,169,153,37,40,245,0,322,0,405,86,0,2482,2607,2607
6,outside,846,354,182,172,39,36,279,0,354,0,444,93,0,2742,2886,2886
6,outside,847,385,199,186,41,39,305,0,385,0,485,103,0,3036,3191,3191
6,outside,848,417,216,201,46,39,332,0,417,0,531,117,0,3360,3523,3523
6,outside,849,459,236,223,57,44,358,0,459,0,588,132,0,3704,3881,3881
6,outside,850,497,252,245,60,55,382,0,497,0,648,154,0,4074,4263,4263
7,farmyard,800,3,2,1,0,0,3,3,0,0,0,0,0,0,0,0
7,farmyard,801,4,2,2,1,0,3,4,0,0,1,0,0,8,3,3
7,farmyard,802,5,2,3,1,1,3,5,0,1,2,0,0,16,6,6
7,farmyard,803,5,2,3,0,1,4,5,0,1,2,0,0,24,10,10
7,farmyard,804,7,2,5,2,0,5,7,0,1,4,0,0,32,15,15
7,farmyard,805,7,2,5,0,2,5,7,0,1,4,0,0,40,20,20
7,farmyard,806,7,3,4,1,0,6,7,0,1,5,1,0,48,26,26
7,farmyard,807,6,2,4,0,0,6,6,0,1,5,2,0,56,32,32
7,farmyard,808,7,2,5,1,0,6,7,0,1,6,2,0,64,38,38
7,farmyard,809,6,2,4,1,0,5,6,0,1,7,4,0,72,43,43
7,farmyard,810,6,2,4,0,1,5,6,0,1,7,4,0,80,48,48
7,farmyard,811,5,2,3,0,0,5,5,0,1,7,5,0,88,53,53
7,farmyard,812,5,2,3,0,0,5,5,0,1,7,5,0,96,58,58
7,farmyard,813,5,2,3,0,0,5,5,0,1,7,5,0,104,63,63
7,farmyard,814,5,2,3,0,0,5,5,0,1,7,5,0,112,68,68
7,farmyard,815,5,2,3,0,0,5,5,0,1,7,5,0,120,73,73
7,farmyard,816,5,2,3,0,0,5,5,0,1,7,5,0,128,78,78
7,farmyard,817,4,1,3,0,0,4,4,0,0,7,6,0,136,82,82
7,farmyard,818,2,0,2,0,0,2,2,0,0,7,8,0,140,84,84
7,farmyard,819,2,0,2,0,0,2,2,0,0,7,8,0,140,86,86
7,farmyard,820,2,0,2,0,0,2,2,0,0,7,8,0,140,88,88
7,farmyard,821,2,0,2,0,0,2,2,0,0,7,8,0,140,90,90
7,farmyard,822,1,0,1,0,0,1,1,0,0,7,9,0,140,91,91
7,farmyard,823,0,0,0,0,0,0,0,0,0,7,10,0,140,91,91
7,farmyard,824,0,0,0,0,0,0,0,0,0,7,10,0,140,91,91
7,farmyard,825,0,0,0,0,0,0,0,0,0,7,10,0,140,91,91
7,farmyard,826,0,0,0,0,0,0,0,0,0,7,10,0,140,91,91
7,farmyard,827,0,0,0,0,0,0,0,0,0,7,10,0,140,91,91
7,farmyard,828,0,0,0,0,0,0,0,0,0,7,10,0,140,91,91
7,farmyard,829,0,0,0,0,0,0,0,0,0,7,10,0,140,91,91
7,farmyard,830,0,0,0,0,0,0,0,0,0,7,10,0,140,91,91
7,farmyard,831,0,0,0,0,0,0,0,0,0,7,10,0,140,91,91
7,farmyard,832,0,0,0,0,0,0,0,0,0,7,10,0,140,91,91
7,farmyard,833,0,0,0,0,0,0,0,0,0,7,10,0,140,91,91
7,farmyard,834,0,0,0,0,0,0,0,0,0,7,10,0,140,91,91
7,farmyard,835,0,0,0,0,0,0,0,0,0,7,10,0,140,91,91
7,farmyard,836,0,0,0,0,0,0,0,0,0,7,10,0,140,91,91
7,farmyard,837,0,0,0,0,0,0,0,0,0,7,10,0,140,91,91
7,farmyard,838,0,0,0,0,0,0,0,0,0,7,10,0,140,91,91
7,farmyard,839,0,0,0,0,0,0,0,0,0,7,10,0,140,91,91
7,farmyard,840,0,0,0,0,0,0,0,0,0,7,10,0,140,91,91
7,farmyard,841,0,0,0,0,0,0,0,0,0,7,10,0,140,91,91
7,farmyard,842,0,0,0,0,0,0,0,0,0,7,10,0,140,91,91
7,farmyard,843,0,0,0,0,0,0,0,0,0,7,10,0,140,91,91
7,farmyard,844,0,0,0,0,0,0,0,0,0,7,10,0,140,91,91
7,farmyard,845,0,0,0,0,0,0,0,0,0,7,10,0,140,91,91
7,farmyard,846,0,0,0,0,0,0,0,0,0,7,10,0,140,91,91
7,farmyard,847,0,0,0,0,0,0,0,0,0,7,10,0,140,91,91
7,farmyard,848,0,0,0,0,0,0,0,0,0,7,10,0,140,91,91
7,farmyard,849,0,0,0,0,0,0,0,0,0,7,10,0,140,91,91
7,farmyard,850,0,0,0,0,0,0,0,0,0,7,10,0,140,91,91
7,outside,800,3,2,1,0,0,3,0,3,0,0,0,0,0,0,0
7,outside,801,4,2,2,1,0,3,0,4,0,1,0,0,4,3,3
7,outside,802,5,2,3,1,1,3,0,5,0,2,0,0,8,6,6
7,outside,803,5,2,3,0,1,4,0,5,0,2,0,0,12,10,10
7,outside,804,7,2,5,2,0,5,0,7,0,4,0,0,16,15,15
7,outside,805,7,2,5,0,2,5,0,7,0,4,0,0,20,20,20
7,outside,806,8,3,5,1,0,7,0,8,0,5,0,0,24,27,27
7,outside,807,8,3,5,0,1,7,0,8,0,5,0,0,28,34,34
7,outside,808,8,4,4,1,0,7,0,8,0,6,1,0,32,41,41
7,outside,809,10,6,4,2,1,7,0,10,0,8,1,0,38,48,48
7,outside,810,11,7,4,1,2,8,0,11,0,9,1,0,44,56,56
7,outside,811,12,9,3,2,1,9,0,12,0,11,2,0,52,65,65
7,outside,812,13,9,4,2,2,9,0,13,0,13,3,0,64,74,74
7,outside,813,15,11,4,2,2,11,0,15,0,15,3,0,76,85,85
7,outside,814,18,12,6,3,2,13,0,18,0,18,3,0,92,98,98
7,outside,815,22,13,9,5,3,14,0,22,0,23,4,0,110,112,112
7,outside,816,27,15,12,5,5,17,0,27,0,28,4,0,130,129,129
7,outside,817,29,16,13,2,5,22,0,29,0,30,4,0,152,151,151
7,outside,818,37,22,15,8,2,27,0,37,0,38,4,0,178,178,178
7,outside,819,40,25,15,4,8,28,0,40,0,42,5,0,208,206,206
7,outside,820,53,35,18,13,4,36,0,53,0,55,5,0,240,242,242
7,outside,821,58,38,20,5,13,40,0,58,0,60,5,0,284,282,282
7,outside,822,71,40,31,16,5,50,0,71,0,76,8,0,334,332,332
7,outside,823,78,46,32,9,15,54,0,78,0,85,10,0,402,386,386
7,outside,824,88,52,36,11,9,68,0,88,0,96,11,0,474,454,454
7,outside,825,102,58,44,15,11,76,0,102,0,111,12,0,550,530,530
7,outside,826,120,67,53,20,15,85,0,120,0,131,14,0,638,615,615
7,outside,827,131,73,58,12,20,99,0,131,0,143,15,0,736,714,714
7,outside,828,154,86,68,25,12,117,0,154,0,168,17,0,848,831,831
7,outside,829,169,94,75,19,24,126,0,169,0,187,21,0,980,957,957
7,outside,830,190,107,83,26,18,146,0,190,0,213,26,0,1120,1103,1103
7,outside,831,214,114,100,26,26,162,0,214,0,239,28,0,1282,1265,1265
7,outside,832,242,127,115,33,24,185,0,242,0,272,33,0,1464,1450,1450
7,outside,833,261,135,126,24,33,204,0,261,0,296,38,0,1672,1654,1654
7,outside,834,290,147,143,35,24,231,0,290,0,331,44,0,1888,1885,1885
7,outside,835,323,164,159,34,35,254,0,323,0,365,45,0,2130,2139,2139
7,outside,836,351,173,178,36,34,281,0,351,0,401,53,0,2394,2420,2420
7,outside,837,384,190,194,48,36,300,0,384,0,449,68,0,2676,2720,2720
7,outside,838,422,205,217,49,48,325,0,422,0,498,79,0,2980,3045,3045
7,outside,839,464,226,238,53,49,362,0,464,0,551,90,0,3302,3407,3407
7,outside,840,493,243,250,47,51,395,0,493,0,598,108,0,3654,3802,3802
7,outside,841,545,269,276,64,46,435,0,545,0,662,120,0,4034,4237,4237
7,outside,842,600,295,305,64,63,473,0,600,0,726,129,0,4456,4710,4710
7,outside,843,654,308,346,69,63,522,0,654,0,795,144,0,4922,5232,5232
7,outside,844,712,331,381,74,68,570,0,712,0,869,160,0,5442,5802,5802
7,outside,845,772,360,412,75,72,625,0,772,0,944,175,0,5996,6427,6427
7,outside,846,824,391,433,79,75,670,0,824,0,1023,202,0,6576,7097,7097
7,outside,847,884,421,463,88,78,718,0,884,0,1111,230,0,7202,7815,7815
7,outside,848,978,474,504,112,87,779,0,978,0,1223,248,0,7870,8594,8594
7,outside,849,1050,508,542,104,109,837,0,1050,0,1327,280,0,8602,9431,9431
7,outside,850,1163,569,594,148,100,915,0,1163,0,1475,315,0,9396,10346,10346
8,farmyard,800,3,2,1,0,0,3,3,0,0,0,0,0,0,0,0
8,farmyard,801,5,3,2,2,0,3,5,0,1,2,0,0,8,3,3
8,farmyard,802,5,3,2,0,2,3,5,0,1,2,0,0,16,6,6
8,farmyard,803,3,1,2,0,0,3,3,0,0,2,2,0,24,9,9
8,farmyard,804,3,1,2,0,0,3,3,0,0,2,2,0,28,12,12
8,farmyard,805,4,2,2,1,0,3,4,0,0,3,2,0,32,15,15
8,farmyard,806,4,2,2,0,1,3,4,0,0,3,2,0,36,18,18
8,farmyard,807,4,2,2,0,0,4,4,0,0,3,2,0,40,22,22
8,farmyard,808,5,2,3,1,0,4,5,0,1,4,2,0,48,26,26
8,farmyard,809,5,2,3,1,0,4,5,0,1,5,3,0,56,30,30
8,farmyard,810,6,3,3,1,1,4,6,0,1,6,3,0,64,34,34
8,farmyard,811,5,3,2,1,1,3,5,0,1,7,5,0,72,37,37
8,farmyard,812,6,3,3,1,1,4,6,0,1,8,5,0,80,41,41
8,farmyard,813,6,3,3,0,1,5,6,0,1,8,5,0,92,46,46
8,farmyard,814,7,3,4,1,0,6,7,0,1,9,5,0,104,52,52
8,farmyard,815,7,4,3,1,1,5,7,0,1,10,6,0,116,57,57
8,farmyard,816,8,5,3,1,1,6,8,0,1,11,6,0,128,63,63
8,farmyard,817,5,3,2,0,1,4,5,0,1,11,9,0,140,67,67
8,farmyard,818,4,2,2,0,0,4,4,0,0,11,10,0,148,71,71
8,farmyard,819,6,2,4,2,0,4,6,0,1,13,10,0,156,75,75
8,farmyard,820,6,2,4,0,2,4,6,0,1,13,10,0,164,79,79
8,farmyard,821,6,3,3,1,0,5,6,0,1,14,11,0,172,84,84
8,farmyard,822,6,3,3,1,1,4,6,0,1,15,12,0,180,88,88
8,farmyard,823,6,3,3,0,1,5,6,0,1,15,12,0,184,93,93
8,farmyard,824,6,2,4,2,0,4,6,0,1,17,14,0,192,97,97
8,farmyard,825,5,1,4,0,2,3,5,0,1,17,15,0,200,100,100
8,farmyard,826,5,1,4,0,0,5,5,0,1,17,15,0,204,105,105
8,farmyard,827,5,1,4,0,0,5,5,0,1,17,15,0,208,110,110
8,farmyard,828,4,1,3,0,0,4,4,0,0,17,16,0,212,114,114
8,farmyard,829,4,1,3,0,0,4,4,0,0,17,16,0,216,118,118
8,farmyard,830,3,0,3,0,0,3,3,0,0,17,17,0,220,121,121
8,farmyard,831,3,0,3,0,0,3,3,0,0,17,17,0,220,124,124
8,farmyard,832,3,0,3,0,0,3,3,0,0,17,17,0,220,127,127
8,farmyard,833,2,0,2,0,0,2,2,0,0,17,18,0,220,129,129
8,farmyard,834,2,0,2,0,0,2,2,0,0,17,18,0,220,131,131
8,farmyard,835,2,0,2,0,0,2,2,0,0,17,18,0,220,133,133
8,farmyard,836,2,0,2,0,0,2,2,0,0,17,18,0,220,135,135
8,farmyard,837,2,0,2,0,0,2,2,0,0,17,18,0,220,137,137
8,farmyard,838,2,0,2,0,0,2,2,0,0,17,18,0,220,139,139
8,farmyard,839,2,0,2,0,0,2,2,0,0,17,18,0,220,141,141
8,farmyard,840,1,0,1,0,0,1,1,0,0,17,19,0,220,142,142
8,farmyard,841,1,0,1,0,0,1,1,0,0,17,19,0,220,143,143
8,farmyard,842,1,0,1,0,0,1,1,0,0,17,19,0,220,144,144
8,farmyard,843,1,0,1,0,0,1,1,0,0,17,19,0,220,145,145
8,farmyard,844,0,0,0,0,0,0,0,0,0,17,20,0,220,145,145
8,farmyard,845,0,0,0,0,0,0,0,0,0,17,20,0,220,145,145
8,farmyard,846,0,0,0,0,0,0,0,0,0,17,20,0,220,145,145
8,farmyard,847,0,0,0,0,0,0,0,0,0,17,20,0,220,145,145
8,farmyard,848,0,0,0,0,0,0,0,0,0,17,20,0,220,145,145
8,farmyard,849,0,0,0,0,0,0,0,0,0,17,20,0,220,145,145
8,farmyard,850,0,0,0,0,0,0,0,0,0,17,20,0,220,145,145
8,outside,800,3,2,1,0,0,3,0,3,0,0,0,0,0,0,0
8,outside,801,5,3,2,2,0,3,0,5,0,2,0,0,4,3,3
8,outside,802,5,3,2,0,2,3,0,5,0,2,0,0,8,6,6
8,outside,803,7,4,3,2,0,5,0,7,0,4,0,0,12,11,11
8,outside,804,7,4,3,0,2,5,0,7,0,4,0,0,18,16,16
8,outside,805,10,4,6,3,0,7,0,10,0,7,0,0,24,23,23
8,outside,806,10,4,6,0,3,7,0,10,0,7,0,0,32,30,30
8,outside,807,10,4,6,0,0,10,0,10,0,7,0,0,40,40,40
8,outside,808,12,5,7,2,0,10,0,12,0,9,0,0,48,50,50
8,outside,809,13,4,9,2,2,9,0,13,0,11,1,0,56,59,59
8,outside,810,13,4,9,0,2,11,0,13,0,11,1,0,62,70,70
8,outside,811,13,4,9,0,0,13,0,13,0,11,1,0,70,83,83
8,outside,812,15,4,11,2,0,13,0,15,0,13,1,0,78,96,96
8,outside,813,15,4,11,0,2,13,0,15,0,13,1,0,86,109,109
8,outside,814,17,4,13,2,0,15,0,17,0,15,1,0,94,124,124
8,outside,815,15,3,12,0,2,13,0,15,0,15,3,0,102,137,137
8,outside,816,14,2,12,0,0,14,0,14,0,15,4,0,108,151,151
8,outside,817,14,2,12,0,0,14,0,14,0,15,4,0,112,165,165
8,outside,818,15,3,12,1,0,14,0,15,0,16,4,0,116,179,179
8,outside,819,14,2,12,0,1,13,0,14,0,16,5,0,120,192,192
8,outside,820,15,3,12,1,0,14,0,15,0,17,5,0,122,206,206
8,outside,821,15,3,12,0,1,14,0,15,0,17,5,0,126,220,220
8,outside,822,16,4,12,2,0,14,0,16,0,19,6,0,130,234,234
8,outside,823,15,3,12,0,2,13,0,15,0,19,7,0,136,247,247
8,outside,824,14,3,11,0,0,14,0,14,0,19,8,0,140,261,261
8,outside,825,17,5,12,3,0,14,0,17,0,22,8,0,146,275,275
8,outside,826,17,5,12,0,3,14,0,17,0,22,8,0,152,289,289
8,outside,827,19,7,12,3,0,16,0,19,0,25,9,0,158,305,305
8,outside,828,16,7,9,0,3,13,0,16,0,25,12,0,168,318,318
8,outside,829,19,9,10,4,0,15,0,19,0,29,13,0,178,333,333
8,outside,830,20,10,10,1,4,15,0,20,0,30,13,0,192,348,348
8,outside,831,23,13,10,5,1,17,0,23,0,35,15,0,206,365,365
8,outside,832,25,13,12,2,5,18,0,25,0,37,15,0,224,383,383
8,outside,833,31,15,16,6,2,23,0,31,0,43,15,0,244,406,406
8,outside,834,33,17,16,2,6,25,0,33,0,45,15,0,270,431,431
8,outside,835,39,23,16,6,2,31,0,39,0,51,15,0,296,462,462
8,outside,836,43,25,18,6,6,31,0,43,0,57,17,0,326,493,493
8,outside,837,51,31,20,8,6,37,0,51,0,65,17,0,358,530,530
8,outside,838,54,31,23,4,7,43,0,54,0,69,18,0,402,573,573
8,outside,839,60,35,25,10,4,46,0,60,0,79,22,0,452,619,619
8,outside,840,66,40,26,8,10,48,0,66,0,87,24,0,510,667,667
8,outside,841,76,44,32,10,8,58,0,76,0,97,24,0,566,725,725
8,outside,842,82,48,34,7,10,65,0,82,0,104,25,0,634,790,790
8,outside,843,94,54,40,15,7,72,0,94,0,119,28,0,712,862,862
8,outside,844,101,58,43,11,14,76,0,101,0,130,32,0,796,938,938
8,outside,845,117,61,56,18,10,89,0,117,0,148,34,0,886,1027,1027
8,outside,846,129,70,59,17,17,95,0,129,0,165,39,0,986,1122,1122
8,outside,847,142,77,65,17,17,108,0,142,0,182,43,0,1100,1230,1230
8,outside,848,155,83,72,18,15,122,0,155,0,200,48,0,1216,1352,1352
8,outside,849,174,94,80,23,18,133,0,174,0,223,52,0,1348,1485,1485
8,outside,850,190,104,86,21,23,146,0,190,0,244,57,0,1494,1631,1631
9,farmyard,800,3,2,1,0,0,3,3,0,0,0,0,0,0,0,0
9,farmyard,801,4,2,2,1,0,3,4,0,0,1,0,0,8,3,3
9,farmyard,802,5,2,3,1,1,3,5,0,1,2,0,0,16,6,6
9,farmyard,803,6,2,4,1,1,4,6,0,1,3,0,0,24,10,10
9,farmyard,804,6,2,4,0,1,5,6,0,1,3,0,0,32,15,15
9,farmyard,805,5,3,2,1,0,4,5,0,1,4,2,0,40,19,19
9,farmyard,806,5,2,3,1,1,3,5,0,1,5,3,0,48,22,22
9,farmyard,807,6,2,4,1,1,4,6,0,1,6,3,0,52,26,26
9,farmyard,808,7,2,5,1,1,5,7,0,1,7,3,0,60,31,31
9,farmyard,809,8,2,6,1,1,6,8,0,1,8,3,0,68,37,37
9,farmyard,810,7,1,6,0,1,6,7,0,1,8,4,0,76,43,43
9,farmyard,811,7,1,6,0,0,7,7,0,1,8,4,0,80,50,50
9,farmyard,812,7,1,6,1,0,6,7,0,1,9,5,0,84,56,56
9,farmyard,813,7,1,6,0,1,6,7,0,1,9,5,0,88,62,62
9,farmyard,814,5,0,5,0,0,5,5,0,1,9,7,0,92,67,67
9,farmyard,815,5,0,5,0,0,5,5,0,1,9,7,0,92,72,72
9,farmyard,816,4,0,4,0,0,4,4,0,0,9,8,0,92,76,76
9,farmyard,817,4,0,4,0,0,4,4,0,0,9,8,0,92,80,80
9,farmyard,818,4,0,4,0,0,4,4,0,0,9,8,0,92,84,84
9,farmyard,819,4,0,4,0,0,4,4,0,0,9,8,0,92,88,88
9,farmyard,820,4,0,4,0,0,4,4,0,0,9,8,0,92,92,92
9,farmyard,821,4,0,4,0,0,4,4,0,0,9,8,0,92,96,96
9,farmyard,822,4,0,4,0,0,4,4,0,0,9,8,0,92,100,100
9,farmyard,823,4,0,4,0,0,4,4,0,0,9,8,0,92,104,104
9,farmyard,824,2,0,2,0,0,2,2,0,0,9,10,0,92,106,106
9,farmyard,825,2,0,2,0,0,2,2,0,0,9,10,0,92,108,108
9,farmyard,826,2,0,2,0,0,2,2,0,0,9,10,0,92,110,110
9,farmyard,827,2,0,2,0,0,2,2,0,0,9,10,0,92,112,112
9,farmyard,828,2,0,2,0,0,2,2,0,0,9,10,0,92,114,114
9,farmyard,829,2,0,2,0,0,2,2,0,0,9,10,0,92,116,116
9,farmyard,830,1,0,1,0,0,1,1,0,0,9,11,0,92,117,117
9,farmyard,831,0,0,0,0,0,0,0,0,0,9,12,0,92,117,117
9,farmyard,832,0,0,0,0,0,0,0,0,0,9,12,0,92,117,117
9,farmyard,833,0,0,0,0,0,0,0,0,0,9,12,0,92,117,117
9,farmyard,834,0,0,0,0,0,0,0,0,0,9,12,0,92,117,117
9,farmyard,835,0,0,0,0,0,0,0,0,0,9,12,0,92,117,117
9,farmyard,836,0,0,0,0,0,0,0,0,0,9,12,0,92,117,117
9,farmyard,837,0,0,0,0,0,0,0,0,0,9,12,0,92,117,117
9,farmyard,838,0,0,0,0,0,0,0,0,0,9,12,0,92,117,117
9,farmyard,839,0,0,0,0,0,0,0,0,0,9,12,0,92,117,117
9,farmyard,840,0,0,0,0,0,0,0,0,0,9,12,0,92,117,117
9,farmyard,841,0,0,0,0,0,0,0,0,0,9,12,0,92,117,117
9,farmyard,842,0,0,0,0,0,0,0,0,0,9,12,0,92,117,117
9,farmyard,843,0,0,0,0,0,0,0,0,0,9,12,0,92,117,117
9,farmyard,844,0,0,0,0,0,0,0,0,0,9,12,0,92,117,117
9,farmyard,845,0,0,0,0,0,0,0,0,0,9,12,0,92,117,117
9,farmyard,846,0,0,0,0,0,0,0,0,0,9,12,0,92,117,117
9,farmyard,847,0,0,0,0,0,0,0,0,0,9,12,0,92,117,117
9,farmyard,848,0,0,0,0,0,0,0,0,0,9,12,0,92,117,117
9,farmyard,849,0,0,0,0,0,0,0,0,0,9,12,0,92,117,117
9,farmyard,850,0,0,0,0,0,0,0,0,0,9,12,0,92,117,117
9,outside,800,3,2,1,0,0,3,0,3,0,0,0,0,0,0,0
9,outside,801,4,2,2,1,0,3,0,4,0,1,0,0,4,3,3
9,outside,802,5,2,3,1,1,3,0,5,0,2,0,0,8,6,6
9,outside,803,5,2,3,0,1,4,0,5,0,2,0,0,12,10,10
9,outside,804,7,3,4,2,0,5,0,7,0,4,0,0,16,15,15
9,outside,805,7,3,4,0,2,5,0,7,0,4,0,0,20,20,20
9,outside,806,10,6,4,3,0,7,0,10,0,7,0,0,24,27,27
9,outside,807,10,6,4,0,3,7,0,10,0,7,0,0,30,34,34
9,outside,808,13,8,5,3,0,10,0,13,0,10,0,0,36,44,44
9,outside,809,14,8,6,2,3,9,0,14,0,12,1,0,48,53,53
9,outside,810,15,8,7,1,2,12,0,15,0,13,1,0,58,65,65
9,outside,811,17,10,7,3,1,13,0,17,0,16,2,0,72,78,78
9,outside,812,18,10,8,2,3,13,0,18,0,18,3,0,88,91,91
9,outside,813,20,11,9,2,2,16,0,20,0,20,3,0,102,107,107
9,outside,814,25,12,13,5,2,18,0,25,0,25,3,0,120,125,125
9,outside,815,26,12,14,1,5,20,0,26,0,26,3,0,140,145,145
9,outside,816,30,11,19,5,1,24,0,30,0,31,4,0,162,169,169
9,outside,817,32,13,19,2,5,25,0,32,0,33,4,0,184,194,194
9,outside,818,36,15,21,4,2,30,0,36,0,37,4,0,206,224,224
9,outside,819,38,15,23,2,4,32,0,38,0,39,4,0,228,256,256
9,outside,820,43,17,26,5,2,36,0,43,0,44,4,0,254,292,292
9,outside,821,46,16,30,5,5,36,0,46,0,49,6,0,284,328,328
9,outside,822,48,17,31,3,5,40,0,48,0,52,7,0,310,368,368
9,outside,823,51,19,32,5,3,43,0,51,0,57,9,0,340,411,411
9,outside,824,55,21,34,5,5,45,0,55,0,62,10,0,370,456,456
9,outside,825,57,22,35,3,5,49,0,57,0,65,11,0,402,505,505
9,outside,826,59,22,37,5,3,51,0,59,0,70,14,0,440,556,556
9,outside,827,61,22,39,4,5,52,0,61,0,74,16,0,478,608,608
9,outside,828,69,27,42,8,4,57,0,69,0,82,16,0,516,665,665
9,outside,829,71,28,43,3,8,60,0,71,0,85,17,0,558,725,725
9,outside,830,77,33,44,10,3,64,0,77,0,95,21,0,602,789,789
9,outside,831,80,34,46,6,10,64,0,80,0,101,24,0,652,853,853
9,outside,832,86,34,52,9,6,71,0,86,0,110,27,0,700,924,924
9,outside,833,86,35,51,4,9,73,0,86,0,114,31,0,760,997,997
9,outside,834,89,37,52,8,4,77,0,89,0,122,36,0,826,1074,1074
9,outside,835,91,37,54,6,8,77,0,91,0,128,40,0,890,1151,1151
9,outside,836,94,37,57,7,6,81,0,94,0,135,44,0,950,1232,1232
9,outside,837,96,39,57,8,6,82,0,96,0,143,50,0,1014,1314,1314
9,outside,838,103,42,61,10,8,85,0,103,0,153,53,0,1080,1399,1399
9,outside,839,112,46,66,9,10,93,0,112,0,162,53,0,1146,1492,1492
9,outside,840,117,48,69,12,9,96,0,117,0,174,60,0,1222,1588,1588
9,outside,841,122,52,70,9,12,101,0,122,0,183,64,0,1300,1689,1689
9,outside,842,130,58,72,16,8,106,0,130,0,199,72,0,1384,1795,1795
9,outside,843,131,57,74,11,15,105,0,131,0,210,82,0,1474,1900,1900
9,outside,844,145,65,80,16,11,118,0,145,0,226,84,0,1560,2018,2018
9,outside,845,156,70,86,17,16,123,0,156,0,243,90,0,1664,2141,2141
9,outside,846,162,70,92,18,17,127,0,162,0,261,102,0,1774,2268,2268
9,outside,847,177,81,96,19,18,140,0,177,0,280,106,0,1888,2408,2408
9,outside,848,193,92,101,20,19,154,0,193,0,300,110,0,2016,2562,2562
9,outside,849,214,100,114,28,19,167,0,214,0,328,117,0,2154,2729,2729
9,outside,850,232,105,127,23,28,181,0,232,0,351,122,0,2310,2910,2910
10,farmyard,800,3,2,1,0,0,3,3,0,0,0,0,0,0,0,0
10,farmyard,801,4,2,2,1,0,3,4,0,0,1,0,0,8,3,3
10,farmyard,802,5,2,3,1,1,3,5,0,1,2,0,0,16,6,6
10,farmyard,803,6,2,4,1,1,4,6,0,1,3,0,0,24,10,10
10,farmyard,804,6,2,4,0,1,5,6,0,1,3,0,0,32,15,15
10,farmyard,805,6,2,4,0,0,6,6,0,1,3,0,0,40,21,21
10,farmyard,806,8,2,6,2,0,6,8,0,1,5,0,0,48,27,27
10,farmyard,807,6,2,4,0,1,5,6,0,1,5,2,0,56,32,32
10,farmyard,808,8,2,6,2,0,6,8,0,1,7,2,0,64,38,38
10,farmyard,809,6,1,5,0,2,4,6,0,1,7,4,0,72,42,42
10,farmyard,810,6,1,5,0,0,6,6,0,1,7,4,0,76,48,48
10,farmyard,811,4,1,3,0,0,4,4,0,0,7,6,0,80,52,52
10,farmyard,812,4,1,3,0,0,4,4,0,0,7,6,0,84,56,56
10,farmyard,813,4,1,3,0,0,4,4,0,0,7,6,0,88,60,60
10,farmyard,814,4,1,3,0,0,4,4,0,0,7,6,0,92,64,64
10,farmyard,815,3,0,3,0,0,3,3,0,0,7,7,0,96,67,67
10,farmyard,816,3,0,3,0,0,3,3,0,0,7,7,0,96,70,70
10,farmyard,817,3,0,3,0,0,3,3,0,0,7,7,0,96,73,73
10,farmyard,818,3,0,3,0,0,3,3,0,0,7,7,0,96,76,76
10,farmyard,819,3,0,3,0,0,3,3,0,0,7,7,0,96,79,79
10,farmyard,820,3,0,3,0,0,3,3,0,0,7,7,0,96,82,82
10,farmyard,821,3,0,3,0,0,3,3,0,0,7,7,0,96,85,85
10,farmyard,822,3,0,3,0,0,3,3,0,0,7,7,0,96,88,88
10,farmyard,823,2,0,2,0,0,2,2,0,0,7,8,0,96,90,90
10,farmyard,824,1,0,1,0,0,1,1,0,0,7,9,0,96,91,91
10,farmyard,825,1,0,1,0,0,1,1,0,0,7,9,0,96,92,92
10,farmyard,826,1,0,1,0,0,1,1,0,0,7,9,0,96,93,93
10,farmyard,827,1,0,1,0,0,1,1,0,0,7,9,0,96,94,94
10,farmyard,828,1,0,1,0,0,1,1,0,0,7,9,0,96,95,95
10,farmyard,829,1,0,1,0,0,1,1,0,0,7,9,0,96,96,96
10,farmyard,830,1,0,1,0,0,1,1,0,0,7,9,0,96,97,97
10,farmyard,831,1,0,1,0,0,1,1,0,0,7,9,0,96,98,98
10,farmyard,832,1,0,1,0,0,1,1,0,0,7,9,0,96,99,99
10,farmyard,833,1,0,1,0,0,1,1,0,0,7,9,0,96,100,100
10,farmyard,834,1,0,1,0,0,1,1,0,0,7,9,0,96,101,101
10,farmyard,835,1,0,1,0,0,1,1,0,0,7,9,0,96,102,102
10,farmyard,836,1,0,1,0,0,1,1,0,0,7,9,0,96,103,103
10,farmyard,837,0,0,0,0,0,0,0,0,0,7,10,0,96,103,103
10,farmyard,838,0,0,0,0,0,0,0,0,0,7,10,0,96,103,103
10,farmyard,839,0,0,0,0,0,0,0,0,0,7,10,0,96,103,103
10,farmyard,840,0,0,0,0,0,0,0,0,0,7,10,0,96,103,103
10,farmyard,841,0,0,0,0,0,0,0,0,0,7,10,0,96,103,103
10,farmyard,842,0,0,0,0,0,0,0,0,0,7,10,0,96,103,103
10,farmyard,843,0,0,0,0,0,0,0,0,0,7,10,0,96,103,103
10,farmyard,844,0,0,0,0,0,0,0,0,0,7,10,0,96,103,103
10,farmyard,845,0,0,0,0,0,0,0,0,0,7,10,0,96,103,103
10,farmyard,846,0,0,0,0,0,0,0,0,0,7,10,0,96,103,103
10,farmyard,847,0,0,0,0,0,0,0,0,0,7,10,0,96,103,103
10,farmyard,848,0,0,0,0,0,0,0,0,0,7,10,0,96,103,103
10,farmyard,849,0,0,0,0,0,0,0,0,0,7,10,0,96,103,103
10,farmyard,850,0,0,0,0,0,0,0,0,0,7,10,0,96,103,103
10,outside,800,3,2,1,0,0,3,0,3,0,0,0,0,0,0,0
10,outside,801,4,2,2,1,0,3,0,4,0,1,0,0,4,3,3
10,outside,802,5,2,3,1,1,3,0,5,0,2,0,0,8,6,6
10,outside,803,6,2,4,1,1,4,0,6,0,3,0,0,12,10,10
10,outside,804,6,2,4,0,1,5,0,6,0,3,0,0,16,15,15
10,outside,805,5,2,3,0,0,5,0,5,0,3,1,0,20,20,20
10,outside,806,5,2,3,0,0,5,0,5,0,3,1,0,24,25,25
10,outside,807,6,2,4,1,0,5,0,6,0,4,1,0,28,30,30
10,outside,808,7,2,5,1,1,5,0,7,0,5,1,0,32,35,35
10,outside,809,7,2,5,0,1,6,0,7,0,5,1,0,36,41,41
10,outside,810,7,2,5,0,0,7,0,7,0,5,1,0,40,48,48
10,outside,811,7,2,5,0,0,7,0,7,0,5,1,0,44,55,55
10,outside,812,7,2,5,0,0,7,0,7,0,5,1,0,48,62,62
10,outside,813,6,2,4,0,0,6,0,6,0,5,2,0,52,68,68
10,outside,814,6,2,4,0,0,6,0,6,0,5,2,0,56,74,74
10,outside,815,5,2,3,0,0,5,0,5,0,5,3,0,60,79,79
10,outside,816,4,1,3,0,0,4,0,4,0,5,4,0,64,83,83
10,outside,817,3,1,2,0,0,3,0,3,0,5,5,0,66,86,86
10,outside,818,3,1,2,0,0,3,0,3,0,5,5,0,68,89,89
10,outside,819,3,1,2,0,0,3,0,3,0,5,5,0,70,92,92
10,outside,820,3,1,2,0,0,3,0,3,0,5,5,0,72,95,95
10,outside,821,3,1,2,0,0,3,0,3,0,5,5,0,74,98,98
10,outside,822,2,0,2,0,0,2,0,2,0,5,6,0,76,100,100
10,outside,823,2,0,2,0,0,2,0,2,0,5,6,0,76,102,102
10,outside,824,2,0,2,0,0,2,0,2,0,5,6,0,76,104,104
10,outside,825,2,0,2,0,0,2,0,2,0,5,6,0,76,106,106
10,outside,826,2,0,2,0,0,2,0,2,0,5,6,0,76,108,108
10,outside,827,2,0,2,0,0,2,0,2,0,5,6,0,76,110,110
10,outside,828,2,0,2,0,0,2,0,2,0,5,6,0,76,112,112
10,outside,829,2,0,2,0,0,2,0,2,0,5,6,0,76,114,114
10,outside,830,2,0,2,0,0,2,0,2,0,5,6,0,76,116,116
10,outside,831,2,0,2,0,0,2,0,2,0,5,6,0,76,118,118
10,outside,832,2,0,2,0,0,2,0,2,0,5,6,0,76,120,120
10,outside,833,2,0,2,0,0,2,0,2,0,5,6,0,76,122,122
10,outside,834,1,0,1,0,0,1,0,1,0,5,7,0,76,123,123
10,outside,835,1,0,1,0,0,1,0,1,0,5,7,0,76,124,124
10,outside,836,1,0,1,0,0,1,0,1,0,5,7,0,76,125,125
10,outside,837,0,0,0,0,0,0,0,0,0,5,8,0,76,125,125
10,outside,838,0,0,0,0,0,0,0,0,0,5,8,0,76,125,125
10,outside,839,0,0,0,0,0,0,0,0,0,5,8,0,76,125,125
10,outside,840,0,0,0,0,0,0,0,0,0,5,8,0,76,125,125
10,outside,841,0,0,0,0,0,0,0,0,0,5,8,0,76,125,125
10,outside,842,0,0,0,0,0,0,0,0,0,5,8,0,76,125,125
10,outside,843,0,0,0,0,0,0,0,0,0,5,8,0,76,125,125
10,outside,844,0,0,0,0,0,0,0,0,0,5,8,0,76,125,125
10,outside,845,0,0,0,0,0,0,0,0,0,5,8,0,76,125,125
10,outside,846,0,0,0,0,0,0,0,0,0,5,8,0,76,125,125
10,outside,847,0,0,0,0,0,0,0,0,0,5,8,0,76,125,125
10,outside,848,0,0,0,0,0,0,0,0,0,5,8,0,76,125,125
10,outside,849,0,0,0,0,0,0,0,0,0,5,8,0,76,125,125
10,outside,850,0,0,0,0,0,0,0,0,0,5,8,0,76,125,125
11,farmyard,800,3,2,1,0,0,3,3,0,0,0,0,0,0,0,0
11,farmyard,801,4,3,1,1,0,3,4,0,0,1,0,0,8,3,3
11,farmyard,802,5,3,2,1,1,3,5,0,1,2,0,0,16,6,6
11,farmyard,803,7,4,3,2,1,4,7,0,1,4,0,0,24,10,10
11,farmyard,804,7,4,3,0,2,5,7,0,1,4,0,0,36,15,15
11,farmyard,805,9,5,4,2,0,7,9,0,1,6,0,0,48,22,22
11,farmyard,806,10,6,4,2,2,6,10,0,1,8,1,0,64,28,28
11,farmyard,807,9,5,4,1,2,6,9,0,1,9,3,0,76,34,34
11,farmyard,808,12,5,7,3,1,8,12,0,1,12,3,0,88,42,42
11,farmyard,809,12,4,8,1,3,8,12,0,1,13,4,0,108,50,50
11,farmyard,810,11,5,6,2,0,9,11,0,1,15,7,0,124,59,59
11,farmyard,811,10,5,5,1,2,7,10,0,1,16,9,0,140,66,66
11,farmyard,812,9,5,4,0,1,8,9,0,1,16,10,0,152,74,74
11,farmyard,813,9,6,3,1,0,8,9,0,1,17,11,0,168,82,82
11,farmyard,814,9,5,4,1,1,7,9,0,1,18,12,0,188,89,89
11,farmyard,815,10,5,5,1,1,8,10,0,1,19,12,0,204,97,97
11,farmyard,816,10,7,3,2,0,8,10,0,1,21,14,0,224,105,105
11,farmyard,817,10,7,3,1,2,7,10,0,1,22,15,0,244,112,112
11,farmyard,818,12,8,4,2,1,9,12,0,1,24,15,0,260,121,121
11,farmyard,819,14,8,6,2,2,10,14,0,1,26,15,0,284,131,131
11,farmyard,820,11,5,6,1,2,8,11,0,1,27,19,0,312,139,139
11,farmyard,821,11,4,7,1,1,9,11,0,1,28,20,0,328,148,148
11,farmyard,822,13,5,8,2,1,10,13,0,1,30,20,0,340,158,158
11,farmyard,823,12,4,8,0,1,11,12,0,1,30,21,0,356,169,169
11,farmyard,824,13,6,7,2,0,11,13,0,1,32,22,0,372,180,180
11,farmyard,825,8,3,5,0,1,7,8,0,1,32,27,0,388,187,187
11,farmyard,826,9,4,5,1,0,8,9,0,1,33,27,0,396,195,195
11,farmyard,827,7,4,3,0,1,6,7,0,1,33,29,0,408,201,201
11,farmyard,828,5,4,1,0,0,5,5,0,1,33,31,0,420,206,206
11,farmyard,829,6,4,2,1,0,5,6,0,1,34,31,0,436,211,211
11,farmyard,830,6,3,3,1,1,4,6,0,1,35,32,0,452,215,215
11,farmyard,831,7,3,4,1,1,5,7,0,1,36,32,0,464,220,220
11,farmyard,832,6,3,3,0,1,5,6,0,1,36,33,0,476,225,225
11,farmyard,833,8,4,4,2,0,6,8,0,1,38,33,0,488,231,231
11,farmyard,834,6,3,3,0,2,4,6,0,1,38,35,0,500,235,235
11,farmyard,835,7,4,3,1,0,6,7,0,1,39,35,0,508,241,241
11,farmyard,836,6,4,2,1,1,4,6,0,1,40,37,0,520,245,245
11,farmyard,837,8,5,3,2,1,5,8,0,1,42,37,0,528,250,250
11,farmyard,838,9,6,3,1,2,6,9,0,1,43,37,0,540,256,256
11,farmyard,839,9,6,3,0,1,8,0,9,0,43,37,0,556,264,264
11,farmyard,840,11,6,5,2,0,9,0,11,0,45,37,0,566,273,273
11,farmyard,841,13,6,7,2,2,9,0,13,0,47,37,0,578,282,282
11,farmyard,842,15,8,7,2,2,11,0,15,0,49,37,0,590,293,293
11,farmyard,843,16,8,8,2,2,12,0,16,0,51,38,0,602,305,305
11,farmyard,844,17,9,8,1,2,14,0,17,0,52,38,0,612,319,319
11,farmyard,845,22,11,11,5,1,16,0,22,0,57,38,0,626,335,335
11,farmyard,846,23,11,12,1,5,17,0,23,0,58,38,0,642,352,352
11,farmyard,847,29,13,16,6,1,22,0,29,0,64,38,0,660,374,374
11,farmyard,848,29,12,17,1,6,22,0,29,0,65,39,0,682,396,396
11,farmyard,849,32,12,20,3,1,28,0,32,0,68,39,0,702,424,424
11,farmyard,850,32,12,20,3,3,26,0,32,0,71,42,0,726,450,450
11,outside,800,3,2,1,0,0,3,0,3,0,0,0,0,0,0,0
11,outside,801,4,3,1,1,0,3,0,4,0,1,0,0,4,3,3
11,outside,802,5,3,2,1,1,3,0,5,0,2,0,0,8,6,6
11,outside,803,7,4,3,2,1,4,0,7,0,4,0,0,12,10,10
11,outside,804,7,4,3,0,2,5,0,7,0,4,0,0,18,15,15
11,outside,805,9,5,4,2,0,7,0,9,0,6,0,0,24,22,22
11,outside,806,11,7,4,2,2,7,0,11,0,8,0,0,32,29,29
11,outside,807,9,6,3,0,2,7,0,9,0,8,2,0,40,36,36
11,outside,808,12,6,6,3,0,9,0,12,0,11,2,0,48,45,45
11,outside,809,13,7,6,1,3,9,0,13,0,12,2,0,60,54,54
11,outside,810,16,9,7,3,1,12,0,16,0,15,2,0,72,66,66
11,outside,811,17,9,8,1,3,13,0,17,0,16,2,0,84,79,79
11,outside,812,20,10,10,3,1,16,0,20,0,19,2,0,98,95,95
11,outside,813,21,10,11,2,3,16,0,21,0,21,3,0,116,111,111
11,outside,814,22,10,12,3,2,17,0,22,0,24,5,0,134,128,128
11,outside,815,22,10,12,2,2,18,0,22,0,26,7,0,152,146,146
11,outside,816,26,12,14,4,2,20,0,26,0,30,7,0,168,166,166
11,outside,817,29,12,17,3,4,22,0,29,0,33,7,0,186,188,188
11,outside,818,32,14,18,3,3,26,0,32,0,36,7,0,206,214,214
11,outside,819,37,14,23,5,3,29,0,37,0,41,7,0,230,243,243
11,outside,820,38,14,24,2,5,31,0,38,0,43,8,0,254,274,274
11,outside,821,38,15,23,2,1,35,0,38,0,45,10,0,280,309,309
11,outside,822,41,18,23,3,2,36,0,41,0,48,10,0,304,345,345
11,outside,823,45,19,26,5,3,37,0,45,0,53,11,0,330,382,382
11,outside,824,50,23,27,5,5,40,0,50,0,58,11,0,358,422,422
11,outside,825,50,22,28,2,4,44,0,50,0,60,13,0,392,466,466
11,outside,826,56,23,33,8,2,46,0,56,0,68,15,0,430,512,512
11,outside,827,57,25,32,4,8,45,0,57,0,72,18,0,470,557,557
11,outside,828,63,30,33,10,4,49,0,63,0,82,22,0,506,606,606
11,outside,829,65,30,35,4,9,52,0,65,0,86,24,0,546,658,658
11,outside,830,71,32,39,9,3,59,0,71,0,95,27,0,592,717,717
11,outside,831,79,41,38,9,9,61,0,79,0,104,28,0,648,778,778
11,outside,832,84,43,41,8,9,67,0,84,0,112,31,0,706,845,845
11,outside,833,96,48,48,15,7,74,0,96,0,127,34,0,768,919,919
11,outside,834,97,50,47,6,14,77,0,97,0,133,39,0,848,996,996
11,outside,835,109,60,49,17,6,86,0,109,0,150,44,0,932,1082,1082
11,outside,836,114,64,50,7,17,90,0,114,0,157,46,0,1024,1172,1172
11,outside,837,128,73,55,15,7,106,0,128,0,172,47,0,1122,1278,1278
11,outside,838,137,78,59,14,15,108,0,137,0,186,52,0,1240,1386,1386
11,outside,839,160,93,67,28,14,118,0,160,0,214,57,0,1362,1504,1504
11,outside,840,173,98,75,19,28,126,0,173,0,233,63,0,1500,1630,1630
11,outside,841,199,112,87,30,19,150,0,199,0,263,67,0,1644,1780,1780
11,outside,842,214,121,93,19,30,165,0,214,0,282,71,0,1820,1945,1945
11,outside,843,246,139,107,42,18,186,0,246,0,324,81,0,2012,2131,2131
11,outside,844,274,154,120,31,42,201,0,274,0,355,84,0,2220,2332,2332
11,outside,845,310,177,133,43,30,237,0,310,0,398,91,0,2444,2569,2569
11,outside,846,342,190,152,40,42,260,0,342,0,438,99,0,2710,2829,2829
11,outside,847,382,205,177,50,38,294,0,382,0,488,109,0,2992,3123,3123
11,outside,848,423,230,193,51,49,323,0,423,0,539,119,0,3320,3446,3446
11,outside,849,466,258,208,57,49,360,0,466,0,596,133,0,3678,3806,3806
11,outside,850,525,285,240,71,56,398,0,525,0,667,145,0,4068,4204,4204
12,farmyard,800,3,2,1,0,0,3,3,0,0,0,0,0,0,0,0
12,farmyard,801,4,2,2,1,0,3,4,0,0,1,0,0,8,3,3
12,farmyard,802,4,2,2,0,1,3,4,0,0,1,0,0,16,6,6
12,farmyard,803,4,2,2,0,0,4,4,0,0,1,0,0,24,10,10
12,farmyard,804,5,2,3,1,0,4,5,0,1,2,0,0,32,14,14
12,farmyard,805,6,2,4,1,1,4,6,0,1,3,0,0,40,18,18
12,farmyard,806,6,3,3,1,1,4,6,0,1,4,1,0,48,22,22
12,farmyard,807,6,3,3,0,1,5,6,0,1,4,1,0,56,27,27
12,farmyard,808,7,3,4,1,0,6,7,0,1,5,1,0,64,33,33
12,farmyard,809,5,1,4,0,1,4,5,0,1,5,3,0,76,37,37
12,farmyard,810,6,2,4,1,0,5,6,0,1,6,3,0,80,42,42
12,farmyard,811,5,1,4,0,1,4,5,0,1,6,4,0,84,46,46
12,farmyard,812,5,1,4,1,0,4,5,0,1,7,5,0,84,50,50
12,farmyard,813,5,1,4,0,1,4,5,0,1,7,5,0,88,54,54
12,farmyard,814,5,1,4,0,0,5,5,0,1,7,5,0,92,59,59
12,farmyard,815,5,1,4,0,0,5,5,0,1,7,5,0,96,64,64
12,farmyard,816,6,2,4,1,0,5,6,0,1,8,5,0,100,69,69
12,farmyard,817,6,2,4,0,1,5,6,0,1,8,5,0,104,74,74
12,farmyard,818,6,3,3,1,0,5,6,0,1,9,6,0,108,79,79
12,farmyard,819,6,3,3,1,1,4,6,0,1,10,7,0,116,83,83
12,farmyard,820,5,3,2,0,1,4,5,0,1,10,8,0,124,87,87
12,farmyard,821,6,4,2,1,0,5,6,0,1,11,8,0,136,92,92
12,farmyard,822,7,5,2,1,1,5,7,0,1,12,8,0,148,97,97
12,farmyard,823,5,4,1,0,0,5,5,0,1,12,10,0,160,102,102
12,farmyard,824,6,4,2,1,0,5,6,0,1,13,10,0,176,107,107
12,farmyard,825,5,3,2,0,1,4,5,0,1,13,11,0,192,111,111
12,farmyard,826,5,3,2,0,0,5,5,0,1,13,11,0,204,116,116
12,farmyard,827,5,3,2,0,0,5,5,0,1,13,11,0,216,121,121
12,farmyard,828,6,3,3,2,0,4,6,0,1,15,12,0,228,125,125
12,farmyard,829,6,3,3,0,2,4,6,0,1,15,12,0,240,129,129
12,farmyard,830,5,3,2,0,0,5,5,0,1,15,13,0,252,134,134
12,farmyard,831,5,3,2,0,0,5,5,0,1,15,13,0,264,139,139
12,farmyard,832,5,3,2,0,0,5,5,0,1,15,13,0,276,144,144
12,farmyard,833,4,2,2,0,0,4,4,0,0,15,14,0,288,148,148
12,farmyard,834,4,2,2,0,0,4,4,0,0,15,14,0,296,152,152
12,farmyard,835,3,1,2,0,0,3,3,0,0,15,15,0,304,155,155
12,farmyard,836,2,0,2,0,0,2,2,0,0,15,16,0,308,157,157
12,farmyard,837,2,0,2,0,0,2,2,0,0,15,16,0,308,159,159
12,farmyard,838,2,0,2,0,0,2,2,0,0,15,16,0,308,161,161
12,farmyard,839,2,0,2,0,0,2,2,0,0,15,16,0,308,163,163
12,farmyard,840,2,0,2,0,0,2,2,0,0,15,16,0,308,165,165
12,farmyard,841,2,0,2,0,0,2,2,0,0,15,16,0,308,167,167
12,farmyard,842,2,0,2,0,0,2,2,0,0,15,16,0,308,169,169
12,farmyard,843,2,0,2,0,0,2,2,0,0,15,16,0,308,171,171
12,farmyard,844,2,0,2,0,0,2,2,0,0,15,16,0,308,173,173
12,farmyard,845,2,0,2,0,0,2,2,0,0,15,16,0,308,175,175
12,farmyard,846,2,0,2,0,0,2,2,0,0,15,16,0,308,177,177
12,farmyard,847,1,0,1,0,0,1,1,0,0,15,17,0,308,178,178
12,farmyard,848,1,0,1,0,0,1,1,0,0,15,17,0,308,179,179
12,farmyard,849,1,0,1,0,0,1,1,0,0,15,17,0,308,180,180
12,farmyard,850,1,0,1,0,0,1,1,0,0,15,17,0,308,181,181
12,outside,800,3,2,1,0,0,3,0,3,0,0,0,0,0,0,0
12,outside,801,4,2,2,1,0,3,0,4,0,1,0,0,4,3,3
12,outside,802,4,2,2,0,1,3,0,4,0,1,0,0,8,6,6
12,outside,803,4,2,2,0,0,4,0,4,0,1,0,0,12,10,10
12,outside,804,5,2,3,1,0,4,0,5,0,2,0,0,16,14,14
12,outside,805,6,2,4,1,1,4,0,6,0,3,0,0,20,18,18
12,outside,806,6,2,4,0,1,5,0,6,0,3,0,0,24,23,23
12,outside,807,7,3,4,1,0,6,0,7,0,4,0,0,28,29,29
12,outside,808,8,3,5,1,1,6,0,8,0,5,0,0,32,35,35
12,outside,809,10,5,5,2,1,7,0,10,0,7,0,0,36,42,42
12,outside,810,10,5,5,0,2,8,0,10,0,7,0,0,42,50,50
12,outside,811,11,6,5,1,0,10,0,11,0,8,0,0,48,60,60
12,outside,812,10,4,6,1,0,9,0,10,0,9,2,0,58,69,69
12,outside,813,12,5,7,2,1,9,0,12,0,11,2,0,66,78,78
12,outside,814,12,5,7,0,2,10,0,12,0,11,2,0,74,88,88
12,outside,815,13,6,7,1,0,12,0,13,0,12,2,0,82,100,100
12,outside,816,14,8,6,2,1,11,0,14,0,14,3,0,92,111,111
12,outside,817,17,9,8,3,2,12,0,17,0,17,3,0,102,123,123
12,outside,818,18,9,9,1,3,14,0,18,0,18,3,0,114,137,137
12,outside,819,23,11,12,5,1,17,0,23,0,23,3,0,130,154,154
12,outside,820,24,11,13,1,5,18,0,24,0,24,3,0,148,172,172
12,outside,821,28,14,14,4,1,23,0,28,0,28,3,0,166,195,195
12,outside,822,28,14,14,2,4,22,0,28,0,30,5,0,188,217,217
12,outside,823,31,14,17,3,2,26,0,31,0,33,5,0,206,243,243
12,outside,824,34,17,17,4,3,27,0,34,0,37,6,0,230,270,270
12,outside,825,37,18,19,4,4,29,0,37,0,41,7,0,258,299,299
12,outside,826,43,22,21,6,4,33,0,43,0,47,7,0,286,332,332
12,outside,827,47,23,24,5,6,36,0,47,0,52,8,0,320,368,368
12,outside,828,53,26,27,7,5,41,0,53,0,59,9,0,356,409,409
12,outside,829,59,30,29,7,7,45,0,59,0,66,10,0,398,454,454
12,outside,830,65,34,31,7,7,51,0,65,0,73,11,0,440,505,505
12,outside,831,67,35,32,5,7,55,0,67,0,78,14,0,488,560,560
12,outside,832,74,38,36,10,5,59,0,74,0,88,17,0,544,619,619
12,outside,833,85,44,41,12,10,63,0,85,0,100,18,0,606,682,682
12,outside,834,95,47,48,13,12,70,0,95,0,113,21,0,672,752,752
12,outside,835,106,51,55,12,13,81,0,106,0,125,22,0,746,833,833
12,outside,836,122,57,65,16,12,94,0,122,0,141,22,0,830,927,927
12,outside,837,134,59,75,13,16,105,0,134,0,154,23,0,922,1032,1032
12,outside,838,146,68,78,15,13,118,0,146,0,169,26,0,1022,1150,1150
12,outside,839,162,80,82,17,15,130,0,162,0,186,27,0,1134,1280,1280
12,outside,840,176,89,87,21,17,138,0,176,0,207,34,0,1250,1418,1418
12,outside,841,189,92,97,20,21,148,0,189,0,227,41,0,1378,1566,1566
12,outside,842,197,105,92,20,19,158,0,197,0,247,53,0,1524,1724,1724
12,outside,843,209,112,97,15,19,175,0,209,0,262,56,0,1686,1899,1899
12,outside,844,248,130,118,41,15,192,0,248,0,303,58,0,1862,2091,2091
12,outside,845,252,132,120,18,41,193,0,252,0,321,72,0,2070,2284,2284
12,outside,846,284,146,138,38,18,228,0,284,0,359,78,0,2278,2512,2512
12,outside,847,303,152,151,28,37,238,0,303,0,387,87,0,2512,2750,2750
12,outside,848,341,173,168,52,28,261,0,341,0,439,101,0,2762,3011,3011
12,outside,849,369,192,177,38,52,279,0,369,0,477,111,0,3036,3290,3290
12,outside,850,405,210,195,45,38,322,0,405,0,522,120,0,3314,3612,3612
13,farmyard,800,3,2,1,0,0,3,3,0,0,0,0,0,0,0,0
13,farmyard,801,4,2,2,1,0,3,4,0,0,1,0,0,8,3,3
13,farmyard,802,4,2,2,0,1,3,4,0,0,1,0,0,16,6,6
13,farmyard,803,4,2,2,0,0,4,4,0,0,1,0,0,24,10,10
13,farmyard,804,6,4,2,2,0,4,6,0,1,3,0,0,32,14,14
13,farmyard,805,6,4,2,0,2,4,6,0,1,3,0,0,40,18,18
13,farmyard,806,8,6,2,2,0,6,8,0,1,5,0,0,48,24,24
13,farmyard,807,7,5,2,0,1,6,7,0,1,5,1,0,64,30,30
13,farmyard,808,9,6,3,3,0,6,9,0,1,8,2,0,80,36,36
13,farmyard,809,6,4,2,0,1,5,6,0,1,8,5,0,100,41,41
13,farmyard,810,5,4,1,0,0,5,5,0,1,8,6,0,116,46,46
13,farmyard,811,5,4,1,0,0,5,5,0,1,8,6,0,132,51,51
13,farmyard,812,5,4,1,0,0,5,5,0,1,8,6,0,148,56,56
13,farmyard,813,4,3,1,0,0,4,4,0,0,8,7,0,164,60,60
13,farmyard,814,4,3,1,0,0,4,4,0,0,8,7,0,176,64,64
13,farmyard,815,4,3,1,0,0,4,4,0,0,8,7,0,188,68,68
13,farmyard,816,4,3,1,0,0,4,4,0,0,8,7,0,200,72,72
13,farmyard,817,4,3,1,0,0,4,4,0,0,8,7,0,212,76,76
13,farmyard,818,4,3,1,0,0,4,4,0,0,8,7,0,224,80,80
13,farmyard,819,4,3,1,0,0,4,4,0,0,8,7,0,236,84,84
13,farmyard,820,4,3,1,0,0,4,4,0,0,8,7,0,248,88,88
13,farmyard,821,4,3,1,0,0,4,4,0,0,8,7,0,260,92,92
13,farmyard,822,4,3,1,0,0,4,4,0,0,8,7,0,272,96,96
13,farmyard,823,3,2,1,0,0,3,3,0,0,8,8,0,284,99,99
13,farmyard,824,3,2,1,0,0,3,3,0,0,8,8,0,292,102,102
13,farmyard,825,3,2,1,0,0,3,3,0,0,8,8,0,300,105,105
13,farmyard,826,2,1,1,0,0,2,2,0,0,8,9,0,308,107,107
13,farmyard,827,2,1,1,0,0,2,2,0,0,8,9,0,312,109,109
13,farmyard,828,1,1,0,0,0,1,1,0,0,8,10,0,316,110,110
13,farmyard,829,1,1,0,0,0,1,1,0,0,8,10,0,320,111,111
13,farmyard,830,1,1,0,0,0,1,1,0,0,8,10,0,324,112,112
13,farmyard,831,1,1,0,0,0,1,1,0,0,8,10,0,328,113,113
13,farmyard,832,1,1,0,0,0,1,1,0,0,8,10,0,332,114,114
13,farmyard,833,0,0,0,0,0,0,0,0,0,8,11,0,336,114,114
13,farmyard,834,0,0,0,0,0,0,0,0,0,8,11,0,336,114,114
13,farmyard,835,0,0,0,0,0,0,0,0,0,8,11,0,336,114,114
13,farmyard,836,0,0,0,0,0,0,0,0,0,8,11,0,336,114,114
13,farmyard,837,0,0,0,0,0,0,0,0,0,8,11,0,336,114,114
13,farmyard,838,0,0,0,0,0,0,0,0,0,8,11,0,336,114,114
13,farmyard,839,0,0,0,0,0,0,0,0,0,8,11,0,336,114,114
13,farmyard,840,0,0,0,0,0,0,0,0,0,8,11,0,336,114,114
13,farmyard,841,0,0,0,0,0,0,0,0,0,8,11,0,336,114,114
13,farmyard,842,0,0,0,0,0,0,0,0,0,8,11,0,336,114,114
13,farmyard,843,0,0,0,0,0,0,0,0,0,8,11,0,336,114,114
13,farmyard,844,0,0,0,0,0,0,0,0,0,8,11,0,336,114,114
13,farmyard,845,0,0,0,0,0,0,0,0,0,8,11,0,336,114,114
13,farmyard,846,0,0,0,0,0,0,0,0,0,8,11,0,336,114,114
13,farmyard,847,0,0,0,0,0,0,0,0,0,8,11,0,336,114,114
13,farmyard,848,0,0,0,0,0,0,0,0,0,8,11,0,336,114,114
13,farmyard,849,0,0,0,0,0,0,0,0,0,8,11,0,336,114,114
13,farmyard,850,0,0,0,0,0,0,0,0,0,8,11,0,336,114,114
13,outside,800,3,2,1,0,0,3,0,3,0,0,0,0,0,0,0
13,outside,801,4,2,2,1,0,3,0,4,0,1,0,0,4,3,3
13,outside,802,4,2,2,0,1,3,0,4,0,1,0,0,8,6,6
13,outside,803,4,2,2,0,0,4,0,4,0,1,0,0,12,10,10
13,outside,804,6,4,2,2,0,4,0,6,0,3,0,0,16,14,14
13,outside,805,6,4,2,0,2,4,0,6,0,3,0,0,20,18,18
13,outside,806,8,6,2,2,0,6,0,8,0,5,0,0,24,24,24
13,outside,807,8,6,2,0,2,6,0,8,0,5,0,0,32,30,30
13,outside,808,11,7,4,3,0,8,0,11,0,8,0,0,40,38,38
13,outside,809,11,8,3,2,3,6,0,11,0,10,2,0,52,44,44
13,outside,810,14,9,5,3,2,9,0,14,0,13,2,0,62,53,53
13,outside,811,17,12,5,3,3,11,0,17,0,16,2,0,74,64,64
13,outside,812,20,15,5,3,3,14,0,20,0,19,2,0,90,78,78
13,outside,813,24,17,7,4,3,17,0,24,0,23,2,0,108,95,95
13,outside,814,29,19,10,6,4,19,0,29,0,29,3,0,132,114,114
13,outside,815,33,20,13,4,6,23,0,33,0,33,3,0,160,137,137
13,outside,816,41,23,18,9,4,28,0,41,0,42,4,0,192,165,165
13,outside,817,47,26,21,6,9,32,0,47,0,48,4,0,230,197,197
13,outside,818,52,27,25,6,6,40,0,52,0,54,5,0,270,237,237
13,outside,819,59,31,28,7,6,46,0,59,0,61,5,0,316,283,283
13,outside,820,63,30,33,6,7,50,0,63,0,67,7,0,368,333,333
13,outside,821,69,35,34,7,6,56,0,69,0,74,8,0,418,389,389
13,outside,822,73,39,34,5,7,61,0,73,0,79,9,0,476,450,450
13,outside,823,78,42,36,11,5,62,0,78,0,90,15,0,534,512,512
13,outside,824,86,47,39,9,11,66,0,86,0,99,16,0,594,578,578
13,outside,825,99,54,45,14,9,76,0,99,0,113,17,0,664,654,654
13,outside,826,112,60,52,16,13,83,0,112,0,129,20,0,748,737,737
13,outside,827,118,63,55,11,16,91,0,118,0,140,25,0,842,828,828
13,outside,828,138,77,61,21,11,106,0,138,0,161,26,0,942,934,934
13,outside,829,150,83,67,18,21,111,0,150,0,179,32,0,1054,1045,1045
13,outside,830,169,93,76,23,18,128,0,169,0,202,36,0,1176,1173,1173
13,outside,831,190,106,84,27,22,141,0,190,0,229,42,0,1324,1314,1314
13,outside,832,207,117,90,22,27,158,0,207,0,251,47,0,1482,1472,1472
13,outside,833,231,130,101,34,22,175,0,231,0,285,57,0,1654,1647,1647
13,outside,834,253,145,108,26,33,194,0,253,0,311,61,0,1852,1841,1841
13,outside,835,295,160,135,47,26,222,0,295,0,358,66,0,2074,2063,2063
13,outside,836,320,172,148,32,45,243,0,320,0,390,73,0,2324,2306,2306
13,outside,837,361,189,172,50,31,280,0,361,0,440,82,0,2604,2586,2586
13,outside,838,395,202,193,43,48,304,0,395,0,483,91,0,2914,2890,2890
13,outside,839,438,220,218,56,43,339,0,438,0,539,104,0,3244,3229,3229
13,outside,840,476,233,243,51,55,370,0,476,0,590,117,0,3602,3599,3599
13,outside,841,523,257,266,58,51,414,0,523,0,648,128,0,3978,4013,4013
13,outside,842,570,279,291,67,55,448,0,570,0,715,148,0,4392,4461,4461
13,outside,843,612,299,313,61,66,485,0,612,0,776,167,0,4824,4946,4946
13,outside,844,683,329,354,83,59,541,0,683,0,859,179,0,5288,5487,5487
13,outside,845,743,358,385,83,82,578,0,743,0,942,202,0,5812,6065,6065
13,outside,846,804,390,414,83,81,640,0,804,0,1025,224,0,6378,6676,6705
13,outside,847,869,431,438,93,82,694,0,869,0,1118,252,0,6992,7332,7399
13,outside,848,949,473,476,108,92,749,0,949,0,1226,280,0,7656,8042,8148
13,outside,849,1058,532,526,131,108,819,0,1058,0,1357,302,0,8382,8810,8967
13,outside,850,1174,596,578,136,130,908,0,1174,0,1493,322,0,9192,9664,9875
14,farmyard,800,3,2,1,0,0,3,3,0,0,0,0,0,0,0,0
14,farmyard,801,5,3,2,2,0,3,5,0,1,2,0,0,8,3,3
14,farmyard,802,5,3,2,0,2,3,5,0,1,2,0,0,16,6,6
14,farmyard,803,6,4,2,2,0,4,6,0,1,4,1,0,24,10,10
14,farmyard,804,6,4,2,0,2,4,6,0,1,4,1,0,36,14,14
14,farmyard,805,7,5,2,1,0,6,7,0,1,5,1,0,48,20,20
14,farmyard,806,9,7,2,2,1,6,9,0,1,7,1,0,64,26,26
14,farmyard,807,8,6,2,1,2,5,8,0,1,8,3,0,80,31,31
14,farmyard,808,7,5,2,0,1,6,7,0,1,8,4,0,92,37,37
14,farmyard,809,10,8,2,3,0,7,10,0,1,11,4,0,108,44,44
14,farmyard,810,10,8,2,1,3,6,10,0,1,12,5,0,128,50,50
14,farmyard,811,12,9,3,2,1,9,12,0,1,14,5,0,144,59,59
14,farmyard,812,6,5,1,0,1,5,6,0,1,14,11,0,172,64,64
14,farmyard,813,9,6,3,3,0,6,9,0,1,17,11,0,192,70,70
14,farmyard,814,10,6,4,1,3,6,10,0,1,18,11,0,212,76,76
14,farmyard,815,13,8,5,3,1,9,13,0,1,21,11,0,232,85,85
14,farmyard,816,14,8,6,3,3,8,14,0,1,24,13,0,256,93,93
14,farmyard,817,10,5,5,1,2,7,10,0,1,25,18,0,276,100,100
14,farmyard,818,13,8,5,3,1,9,13,0,1,28,18,0,292,109,109
14,farmyard,819,13,8,5,1,3,9,13,0,1,29,19,0,312,118,118
14,farmyard,820,15,8,7,3,1,11,15,0,1,32,20,0,332,129,129
14,farmyard,821,11,4,7,0,2,9,11,0,1,32,24,0,360,138,138
14,farmyard,822,14,5,9,3,0,11,14,0,1,35,24,0,376,149,149
14,farmyard,823,10,3,7,0,3,7,10,0,1,35,28,0,392,156,156
14,farmyard,824,10,3,7,1,0,9,10,0,1,36,29,0,400,165,165
14,farmyard,825,11,3,8,1,1,9,11,0,1,37,29,0,412,174,174
14,farmyard,826,9,3,6,0,0,9,9,0,1,37,31,0,424,183,183
14,farmyard,827,11,3,8,2,0,9,11,0,1,39,31,0,436,192,192
14,farmyard,828,11,3,8,0,2,9,11,0,1,39,31,0,448,201,201
14,farmyard,829,9,3,6,1,0,8,9,0,1,40,34,0,460,209,209
14,farmyard,830,8,3,5,0,1,7,8,0,1,40,35,0,472,216,216
14,farmyard,831,7,2,5,0,0,7,7,0,1,40,36,0,484,223,223
14,farmyard,832,6,3,3,1,0,5,6,0,1,41,38,0,492,228,228
14,farmyard,833,5,3,2,0,1,4,5,0,1,41,39,0,500,232,232
14,farmyard,834,6,4,2,1,0,5,6,0,1,42,39,0,508,237,237
14,farmyard,835,6,4,2,0,1,5,6,0,1,42,39,0,520,242,242
14,farmyard,836,6,4,2,0,0,6,6,0,1,42,39,0,532,248,248
14,farmyard,837,6,4,2,0,0,6,6,0,1,42,39,0,548,254,254
14,farmyard,838,5,4,1,0,0,5,5,0,1,42,40,0,564,259,259
14,farmyard,839,5,4,1,0,0,5,5,0,1,42,40,0,580,264,264
14,farmyard,840,4,3,1,0,0,4,4,0,0,42,41,0,596,268,268
14,farmyard,841,3,2,1,0,0,3,3,0,0,42,42,0,608,271,271
14,farmyard,842,3,2,1,0,0,3,3,0,0,42,42,0,616,274,274
14,farmyard,843,3,2,1,0,0,3,3,0,0,42,42,0,624,277,277
14,farmyard,844,3,2,1,0,0,3,3,0,0,42,42,0,632,280,280
14,farmyard,845,3,2,1,0,0,3,3,0,0,42,42,0,640,283,283
14,farmyard,846,2,2,0,0,0,2,2,0,0,42,43,0,648,285,285
14,farmyard,847,2,2,0,0,0,2,2,0,0,42,43,0,656,287,287
14,farmyard,848,2,2,0,0,0,2,2,0,0,42,43,0,664,289,289
14,farmyard,849,1,1,0,0,0,1,1,0,0,42,44,0,672,290,290
14,farmyard,850,1,1,0,0,0,1,1,0,0,42,44,0,676,291,291
14,outside,800,3,2,1,0,0,3,0,3,0,0,0,0,0,0,0
14,outside,801,5,3,2,2,0,3,0,5,0,2,0,0,4,3,3
14,outside,802,5,3,2,0,2,3,0,5,0,2,0,0,8,6,6
14,outside,803,7,4,3,2,0,5,0,7,0,4,0,0,12,11,11
14,outside,804,7,4,3,0,2,5,0,7,0,4,0,0,18,16,16
14,outside,805,9,5,4,2,0,7,0,9,0,6,0,0,24,23,23
14,outside,806,9,5,4,0,2,7,0,9,0,6,0,0,32,30,30
14,outside,807,11,6,5,2,0,9,0,11,0,8,0,0,40,39,39
14,outside,808,10,5,5,0,2,8,0,10,0,8,1,0,50,47,47
14,outside,809,13,7,6,3,0,10,0,13,0,11,1,0,58,57,57
14,outside,810,13,7,6,0,3,10,0,13,0,11,1,0,68,67,67
14,outside,811,15,8,7,3,0,12,0,15,0,14,2,0,78,79,79
14,outside,812,17,10,7,2,3,12,0,17,0,16,2,0,92,91,91
14,outside,813,20,12,8,3,2,15,0,20,0,19,2,0,106,106,106
14,outside,814,23,13,10,4,3,16,0,23,0,23,3,0,122,122,122
14,outside,815,24,12,12,2,4,18,0,24,0,25,4,0,140,140,140
14,outside,816,29,15,14,5,2,22,0,29,0,30,4,0,160,162,162
14,outside,817,30,15,15,3,5,22,0,30,0,33,6,0,184,184,184
14,outside,818,35,17,18,5,3,27,0,35,0,38,6,0,208,211,211
14,outside,819,40,18,22,6,5,29,0,40,0,44,7,0,238,240,240
14,outside,820,41,20,21,3,6,32,0,41,0,47,9,0,266,272,272
14,outside,821,45,21,24,5,3,37,0,45,0,52,10,0,298,309,309
14,outside,822,47,21,26,4,4,39,0,47,0,56,12,0,334,348,348
14,outside,823,54,25,29,9,4,41,0,54,0,65,14,0,374,389,389
14,outside,824,55,25,30,2,8,45,0,55,0,67,15,0,412,434,434
14,outside,825,63,27,36,8,2,53,0,63,0,75,15,0,452,487,487
14,outside,826,65,28,37,4,8,53,0,65,0,79,17,0,500,540,540
14,outside,827,70,30,40,8,4,58,0,70,0,87,20,0,550,598,598
14,outside,828,71,31,40,4,8,59,0,71,0,91,23,0,600,657,657
14,outside,829,74,32,42,6,4,64,0,74,0,97,26,0,652,721,721
14,outside,830,80,36,44,9,6,65,0,80,0,106,29,0,708,786,786
14,outside,831,90,42,48,10,9,71,0,90,0,116,29,0,766,857,857
14,outside,832,92,42,50,5,10,77,0,92,0,121,32,0,830,934,934
14,outside,833,93,41,52,11,4,78,0,93,0,132,42,0,898,1012,1012
14,outside,834,97,41,56,9,11,77,0,97,0,141,47,0,962,1089,1089
14,outside,835,108,44,64,14,9,85,0,108,0,155,50,0,1022,1174,1174
14,outside,836,113,44,69,11,12,90,0,113,0,166,56,0,1096,1264,1264
14,outside,837,125,48,77,14,11,100,0,125,0,180,58,0,1170,1364,1364
14,outside,838,131,54,77,10,13,108,0,131,0,190,62,0,1252,1472,1472
14,outside,839,143,60,83,13,10,120,0,143,0,203,63,0,1336,1592,1592
14,outside,840,160,74,86,20,13,127,0,160,0,223,66,0,1428,1719,1719
14,outside,841,166,77,89,13,20,133,0,166,0,236,73,0,1536,1852,1852
14,outside,842,183,88,95,24,13,146,0,183,0,260,80,0,1650,1998,1998
14,outside,843,198,96,102,22,23,153,0,198,0,282,87,0,1786,2151,2151
14,outside,844,222,104,118,27,22,173,0,222,0,309,90,0,1930,2324,2324
14,outside,845,245,123,122,30,27,188,0,245,0,339,97,0,2096,2512,2512
14,outside,846,257,134,123,24,30,203,0,257,0,363,109,0,2284,2715,2715
14,outside,847,277,141,136,30,23,224,0,277,0,393,119,0,2486,2939,2939
14,outside,848,306,153,153,36,30,240,0,306,0,429,126,0,2712,3179,3179
14,outside,849,339,172,167,39,35,265,0,339,0,468,132,0,2956,3444,3444
14,outside,850,381,200,181,50,39,292,0,381,0,518,140,0,3224,3736,3736
15,farmyard,800,3,2,1,0,0,3,3,0,0,0,0,0,0,0,0
15,farmyard,801,3,2,1,0,0,3,3,0,0,0,0,0,8,3,3
15,farmyard,802,4,3,1,1,0,3,4,0,0,1,0,0,16,6,6
15,farmyard,803,4,3,1,0,1,3,4,0,0,1,0,0,24,9,9
15,farmyard,804,7,4,3,3,0,4,7,0,1,4,0,0,32,13,13
15,farmyard,805,6,4,2,0,3,3,6,0,1,4,1,0,44,16,16
15,farmyard,806,9,4,5,3,0,6,9,0,1,7,1,0,56,22,22
15,farmyard,807,7,4,3,0,2,5,7,0,1,7,3,0,72,27,27
15,farmyard,808,8,5,3,1,0,7,8,0,1,8,3,0,88,34,34
15,farmyard,809,9,4,5,2,1,6,9,0,1,10,4,0,104,40,40
15,farmyard,810,8,4,4,1,2,5,8,0,1,11,6,0,116,45,45
15,farmyard,811,8,4,4,0,1,7,8,0,1,11,6,0,128,52,52
15,farmyard,812,10,6,4,2,0,8,10,0,1,13,6,0,140,60,60
15,farmyard,813,10,6,4,1,2,7,10,0,1,14,7,0,156,67,67
15,farmyard,814,13,6,7,4,1,8,13,0,1,18,8,0,172,75,75
15,farmyard,815,12,5,7,0,4,8,12,0,1,18,9,0,192,83,83
15,farmyard,816,11,5,6,2,0,9,11,0,1,20,12,0,208,92,92
15,farmyard,817,9,4,5,0,2,7,9,0,1,20,14,0,224,99,99
15,farmyard,818,7,4,3,2,0,5,7,0,1,22,18,0,236,104,104
15,farmyard,819,5,2,3,0,1,4,5,0,1,22,20,0,248,108,108
15,farmyard,820,7,2,5,2,0,5,7,0,1,24,20,0,256,113,113
15,farmyard,821,7,2,5,0,2,5,7,0,1,24,20,0,264,118,118
15,farmyard,822,9,4,5,2,0,7,9,0,1,26,20,0,272,125,125
15,farmyard,823,7,3,4,0,2,5,7,0,1,26,22,0,280,130,130
15,farmyard,824,7,3,4,0,0,7,7,0,1,26,22,0,284,137,137
15,farmyard,825,8,4,4,1,0,7,8,0,1,27,22,0,296,144,144
15,farmyard,826,9,4,5,1,1,7,9,0,1,28,22,0,308,151,151
15,farmyard,827,10,4,6,1,1,8,10,0,1,29,22,0,320,159,159
15,farmyard,828,7,4,3,0,0,7,7,0,1,29,25,0,336,166,166
15,farmyard,829,10,5,5,3,0,7,10,0,1,32,25,0,352,173,173
15,farmyard,830,8,4,4,0,1,7,8,0,1,32,27,0,368,180,180
15,farmyard,831,9,4,5,1,0,8,9,0,1,33,27,0,384,188,188
15,farmyard,832,9,3,6,2,1,6,9,0,1,35,29,0,400,194,194
15,farmyard,833,8,3,5,0,2,6,8,0,1,35,30,0,412,200,200
15,farmyard,834,8,4,4,1,0,7,8,0,1,36,31,0,424,207,207
15,farmyard,835,8,4,4,0,1,7,8,0,1,36,31,0,436,214,214
15,farmyard,836,8,4,4,0,0,8,8,0,1,36,31,0,448,222,222
15,farmyard,837,6,2,4,0,0,6,6,0,1,36,33,0,464,228,228
15,farmyard,838,7,3,4,1,0,6,7,0,1,37,33,0,472,234,234
15,farmyard,839,6,2,4,0,1,5,6,0,1,37,34,0,480,239,239
15,farmyard,840,8,3,5,2,0,6,8,0,1,39,34,0,484,245,245
15,farmyard,841,6,2,4,0,2,4,6,0,1,39,36,0,492,249,249
15,farmyard,842,7,3,4,1,0,6,7,0,1,40,36,0,496,255,255
15,farmyard,843,7,3,4,0,1,6,7,0,1,40,36,0,504,261,261
15,farmyard,844,9,4,5,2,0,7,9,0,1,42,36,0,512,268,268
15,farmyard,845,8,3,5,0,2,6,8,0,1,42,37,0,524,274,274
15,farmyard,846,8,4,4,1,0,7,8,0,1,43,38,0,532,281,281
15,farmyard,847,5,3,2,0,0,5,5,0,1,43,41,0,544,286,286
15,farmyard,848,4,1,3,1,0,3,4,0,0,44,43,0,556,289,289
15,farmyard,849,4,1,3,0,1,3,4,0,0,44,43,0,560,292,292
15,farmyard,850,5,1,4,1,0,4,5,0,1,45,43,0,564,296,296
15,outside,800,3,2,1,0,0,3,0,3,0,0,0,0,0,0,0
15,outside,801,3,2,1,0,0,3,0,3,0,0,0,0,4,3,3
15,outside,802,4,3,1,1,0,3,0,4,0,1,0,0,8,6,6
15,outside,803,4,3,1,0,1,3,0,4,0,1,0,0,12,9,9
15,outside,804,7,4,3,3,0,4,0,7,0,4,0,0,16,13,13
15,outside,805,7,4,3,0,3,4,0,7,0,4,0,0,22,17,17
15,outside,806,11,5,6,4,0,7,0,11,0,8,0,0,28,24,24
15,outside,807,11,5,6,0,4,7,0,11,0,8,0,0,36,31,31
15,outside,808,12,5,7,1,0,11,0,12,0,9,0,0,44,42,42
15,outside,809,15,7,8,3,1,11,0,15,0,12,0,0,54,53,53
15,outside,810,15,7,8,0,3,12,0,15,0,12,0,0,64,65,65
15,outside,811,16,7,9,1,0,15,0,16,0,13,0,0,74,80,80
15,outside,812,17,8,9,3,1,13,0,17,0,16,2,0,88,93,93
15,outside,813,18,9,9,1,3,14,0,18,0,17,2,0,100,107,107
15,outside,814,21,12,9,3,1,17,0,21,0,20,2,0,112,124,124
15,outside,815,22,13,9,2,3,17,0,22,0,22,3,0,128,141,141
15,outside,816,24,15,9,3,2,19,0,24,0,25,4,0,144,160,160
15,outside,817,25,16,9,3,3,19,0,25,0,28,6,0,166,179,179
15,outside,818,24,15,9,0,3,21,0,24,0,28,7,0,190,200,200
15,outside,819,29,19,10,6,0,23,0,29,0,34,8,0,216,223,223
15,outside,820,31,21,10,3,6,22,0,31,0,37,9,0,246,245,245
15,outside,821,38,22,16,8,3,27,0,38,0,45,10,0,276,272,272
15,outside,822,44,23,21,6,8,30,0,44,0,51,10,0,312,302,302
15,outside,823,50,26,24,7,6,37,0,50,0,58,11,0,352,339,339
15,outside,824,53,28,25,6,7,40,0,53,0,64,14,0,394,379,379
15,outside,825,57,29,28,6,5,46,0,57,0,70,16,0,436,425,425
15,outside,826,63,34,29,8,5,50,0,63,0,78,18,0,484,475,475
15,outside,827,64,32,32,5,8,51,0,64,0,83,22,0,536,526,526
15,outside,828,70,37,33,8,5,57,0,70,0,91,24,0,584,583,583
15,outside,829,81,45,36,13,8,60,0,81,0,104,26,0,644,643,643
15,outside,830,85,46,39,7,12,66,0,85,0,111,29,0,706,709,709
15,outside,831,94,48,46,12,7,75,0,94,0,123,32,0,776,784,784
15,outside,832,100,49,51,10,12,78,0,100,0,133,36,0,858,862,862
15,outside,833,110,51,59,13,10,87,0,110,0,146,39,0,940,949,949
15,outside,834,117,53,64,8,13,96,0,117,0,154,40,0,1026,1045,1045
15,outside,835,132,64,68,17,8,107,0,132,0,171,42,0,1118,1152,1152
15,outside,836,135,68,67,9,17,109,0,135,0,180,48,0,1216,1261,1261
15,outside,837,147,74,73,19,9,119,0,147,0,199,55,0,1316,1380,1380
15,outside,838,153,77,76,14,17,122,0,153,0,213,63,0,1430,1502,1502
15,outside,839,173,87,86,21,14,138,0,173,0,234,64,0,1552,1640,1640
15,outside,840,190,99,91,24,21,145,0,190,0,258,71,0,1694,1785,1785
15,outside,841,197,102,95,14,23,160,0,197,0,272,78,0,1842,1945,1945
15,outside,842,216,110,106,29,13,174,0,216,0,301,88,0,2006,2119,2119
15,outside,843,231,118,113,24,29,178,0,231,0,325,97,0,2186,2297,2297
15,outside,844,250,127,123,27,24,199,0,250,0,352,105,0,2372,2496,2496
15,outside,845,276,139,137,32,25,219,0,276,0,384,111,0,2578,2715,2715
15,outside,846,298,146,152,31,31,236,0,298,0,415,120,0,2804,2951,2951
15,outside,847,319,152,167,33,31,255,0,319,0,448,132,0,3044,3206,3206
15,outside,848,341,163,178,33,33,275,0,341,0,481,143,0,3294,3470,3481
15,outside,849,379,182,197,43,33,303,0,379,0,524,148,0,3556,3745,3784
15,outside,850,403,195,208,38,42,323,0,403,0,562,162,0,3840,4043,4107
16,farmyard,800,3,2,1,0,0,3,3,0,0,0,0,0,0,0,0
16,farmyard,801,5,3,2,2,0,3,5,0,1,2,0,0,8,3,3
16,farmyard,802,5,3,2,0,2,3,5,0,1,2,0,0,16,6,6
16,farmyard,803,6,2,4,2,0,4,6,0,1,4,1,0,24,10,10
16,farmyard,804,5,1,4,0,2,3,5,0,1,4,2,0,32,13,13
16,farmyard,805,5,2,3,1,0,4,5,0,1,5,3,0,36,17,17
16,farmyard,806,5,2,3,0,1,4,5,0,1,5,3,0,40,21,21
16,farmyard,807,6,3,3,1,0,5,6,0,1,6,3,0,44,26,26
16,farmyard,808,6,3,3,0,1,5,6,0,1,6,3,0,52,31,31
16,farmyard,809,8,5,3,2,0,6,8,0,1,8,3,0,60,37,37
16,farmyard,810,9,6,3,1,2,6,9,0,1,9,3,0,72,43,43
16,farmyard,811,11,6,5,2,1,8,11,0,1,11,3,0,84,51,51
16,farmyard,812,11,6,5,0,2,9,11,0,1,11,3,0,104,60,60
16,farmyard,813,9,2,7,2,0,7,9,0,1,13,7,0,128,67,67
16,farmyard,814,8,2,6,0,2,6,8,0,1,13,8,0,136,73,73
16,farmyard,815,8,2,6,0,0,8,8,0,1,13,8,0,144,81,81
16,farmyard,816,8,2,6,0,0,8,8,0,1,13,8,0,152,89,89
16,farmyard,817,8,2,6,0,0,8,8,0,1,13,8,0,160,97,97
16,farmyard,818,4,1,3,0,0,4,4,0,0,13,12,0,168,101,101
16,farmyard,819,3,0,3,0,0,3,3,0,0,13,13,0,172,104,104
16,farmyard,820,3,0,3,0,0,3,3,0,0,13,13,0,172,107,107
16,farmyard,821,3,0,3,0,0,3,3,0,0,13,13,0,172,110,110
16,farmyard,822,3,0,3,0,0,3,3,0,0,13,13,0,172,113,113
16,farmyard,823,3,0,3,0,0,3,3,0,0,13,13,0,172,116,116
16,farmyard,824,3,0,3,0,0,3,3,0,0,13,13,0,172,119,119
16,farmyard,825,3,0,3,0,0,3,3,0,0,13,13,0,172,122,122
16,farmyard,826,3,0,3,0,0,3,3,0,0,13,13,0,172,125,125
16,farmyard,827,3,0,3,0,0,3,3,0,0,13,13,0,172,128,128
16,farmyard,828,2,0,2,0,0,2,2,0,0,13,14,0,172,130,130
16,farmyard,829,2,0,2,0,0,2,2,0,0,13,14,0,172,132,132
16,farmyard,830,1,0,1,0,0,1,1,0,0,13,15,0,172,133,133
16,farmyard,831,1,0,1,0,0,1,1,0,0,13,15,0,172,134,134
16,farmyard,832,1,0,1,0,0,1,1,0,0,13,15,0,172,135,135
16,farmyard,833,1,0,1,0,0,1,1,0,0,13,15,0,172,136,136
16,farmyard,834,1,0,1,0,0,1,1,0,0,13,15,0,172,137,137
16,farmyard,835,1,0,1,0,0,1,1,0,0,13,15,0,172,138,138
16,farmyard,836,1,0,1,0,0,1,1,0,0,13,15,0,172,139,139
16,farmyard,837,1,0,1,0,0,1,1,0,0,13,15,0,172,140,140
16,farmyard,838,1,0,1,0,0,1,1,0,0,13,15,0,172,141,141
16,farmyard,839,1,0,1,0,0,1,1,0,0,13,15,0,172,142,142
16,farmyard,840,1,0,1,0,0,1,1,0,0,13,15,0,172,143,143
16,farmyard,841,1,0,1,0,0,1,1,0,0,13,15,0,172,144,144
16,farmyard,842,1,0,1,0,0,1,1,0,0,13,15,0,172,145,145
16,farmyard,843,0,0,0,0,0,0,0,0,0,13,16,0,172,145,145
16,farmyard,844,0,0,0,0,0,0,0,0,0,13,16,0,172,145,145
16,farmyard,845,0,0,0,0,0,0,0,0,0,13,16,0,172,145,145
16,farmyard,846,0,0,0,0,0,0,0,0,0,13,16,0,172,145,145
16,farmyard,847,0,0,0,0,0,0,0,0,0,13,16,0,172,145,145
16,farmyard,848,0,0,0,0,0,0,0,0,0,13,16,0,172,145,145
16,farmyard,849,0,0,0,0,0,0,0,0,0,13,16,0,172,145,145
16,farmyard,850,0,0,0,0,0,0,0,0,0,13,16,0,172,145,145
16,outside,800,3,2,1,0,0,3,0,3,0,0,0,0,0,0,0
16,outside,801,5,3,2,2,0,3,0,5,0,2,0,0,4,3,3
16,outside,802,5,3,2,0,2,3,0,5,0,2,0,0,8,6,6
16,outside,803,7,3,4,2,0,5,0,7,0,4,0,0,12,11,11
16,outside,804,8,4,4,1,2,5,0,8,0,5,0,0,18,16,16
16,outside,805,8,4,4,1,1,6,0,8,0,6,1,0,24,22,22
16,outside,806,9,5,4,1,1,7,0,9,0,7,1,0,28,29,29
16,outside,807,9,5,4,0,1,8,0,9,0,7,1,0,34,37,37
16,outside,808,9,6,3,1,0,8,0,9,0,8,2,0,42,45,45
16,outside,809,11,7,4,2,1,8,0,11,0,10,2,0,52,53,53
16,outside,810,12,7,5,1,2,9,0,12,0,11,2,0,62,62,62
16,outside,811,14,8,6,2,1,11,0,14,0,13,2,0,74,73,73
16,outside,812,18,8,10,4,2,12,0,18,0,17,2,0,88,85,85
16,outside,813,18,8,10,1,4,13,0,18,0,18,3,0,102,98,98
16,outside,814,21,9,12,3,1,17,0,21,0,21,3,0,118,115,115
16,outside,815,21,9,12,2,3,16,0,21,0,23,5,0,134,131,131
16,outside,816,22,10,12,2,2,18,0,22,0,25,6,0,148,149,149
16,outside,817,24,11,13,2,2,20,0,24,0,27,6,0,162,169,169
16,outside,818,27,11,16,4,2,21,0,27,0,31,7,0,178,190,190
16,outside,819,26,11,15,1,3,22,0,26,0,32,9,0,196,212,212
16,outside,820,28,10,18,3,1,24,0,28,0,35,10,0,214,236,236
16,outside,821,29,11,18,2,3,24,0,29,0,37,11,0,232,260,260
16,outside,822,30,11,19,2,2,26,0,30,0,39,12,0,252,286,286
16,outside,823,35,13,22,5,2,28,0,35,0,44,12,0,272,314,314
16,outside,824,37,13,24,2,5,30,0,37,0,46,12,0,294,344,344
16,outside,825,41,14,27,5,2,34,0,41,0,51,13,0,316,378,378
16,outside,826,45,15,30,4,5,36,0,45,0,55,13,0,342,414,414
16,outside,827,47,18,29,3,4,40,0,47,0,58,14,0,368,454,454
16,outside,828,51,19,32,5,3,43,0,51,0,63,15,0,396,497,497
16,outside,829,51,19,32,4,5,42,0,51,0,67,19,0,424,539,539
16,outside,830,55,22,33,5,4,46,0,55,0,72,20,0,454,585,585
16,outside,831,57,23,34,3,5,49,0,57,0,75,21,0,488,634,634
16,outside,832,62,26,36,7,3,52,0,62,0,82,23,0,526,686,686
16,outside,833,61,24,37,2,7,52,0,61,0,84,26,0,570,738,738
16,outside,834,61,24,37,4,2,55,0,61,0,88,30,0,612,793,793
16,outside,835,63,27,36,6,4,53,0,63,0,94,34,0,656,846,846
16,outside,836,66,28,38,5,5,56,0,66,0,99,36,0,698,902,902
16,outside,837,72,31,41,8,5,59,0,72,0,107,38,0,744,961,961
16,outside,838,74,34,40,6,8,60,0,74,0,113,42,0,796,1021,1021
16,outside,839,85,43,42,12,6,67,0,85,0,125,43,0,846,1088,1088
16,outside,840,88,46,42,8,12,68,0,88,0,133,48,0,904,1156,1156
16,outside,841,96,49,47,12,8,76,0,96,0,145,52,0,968,1232,1232
16,outside,842,107,56,51,13,12,82,0,107,0,158,54,0,1050,1314,1314
16,outside,843,117,59,58,12,13,92,0,117,0,170,56,0,1140,1406,1406
16,outside,844,125,63,62,14,11,100,0,125,0,184,62,0,1232,1506,1506
16,outside,845,136,67,69,15,14,107,0,136,0,199,66,0,1336,1613,1613
16,outside,846,152,77,75,20,15,117,0,152,0,219,70,0,1442,1730,1730
16,outside,847,171,84,87,22,20,129,0,171,0,241,73,0,1560,1859,1859
16,outside,848,180,88,92,20,22,138,0,180,0,261,84,0,1686,1997,1997
16,outside,849,197,94,103,22,18,157,0,197,0,283,89,0,1824,2154,2154
16,outside,850,222,108,114,29,22,171,0,222,0,312,93,0,1978,2325,2325
17,farmyard,800,3,2,1,0,0,3,3,0,0,0,0,0,0,0,0
17,farmyard,801,5,3,2,2,0,3,5,0,1,2,0,0,8,3,3
17,farmyard,802,5,3,2,0,2,3,5,0,1,2,0,0,16,6,6
17,farmyard,803,5,3,2,0,0,5,5,0,1,2,0,0,24,11,11
17,farmyard,804,6,4,2,1,0,5,6,0,1,3,0,0,36,16,16
17,farmyard,805,8,5,3,2,1,5,8,0,1,5,0,0,48,21,21
17,farmyard,806,6,2,4,1,1,4,6,0,1,6,3,0,60,25,25
17,farmyard,807,6,2,4,0,1,5,6,0,1,6,3,0,68,30,30
17,farmyard,808,7,2,5,1,0,6,7,0,1,7,3,0,76,36,36
17,farmyard,809,8,2,6,1,1,6,8,0,1,8,3,0,84,42,42
17,farmyard,810,7,2,5,0,0,7,7,0,1,8,4,0,92,49,49
17,farmyard,811,7,2,5,0,0,7,7,0,1,8,4,0,100,56,56
17,farmyard,812,7,2,5,0,0,7,7,0,1,8,4,0,108,63,63
17,farmyard,813,5,1,4,0,0,5,5,0,1,8,6,0,116,68,68
17,farmyard,814,3,0,3,0,0,3,3,0,0,8,8,0,120,71,71
17,farmyard,815,3,0,3,0,0,3,3,0,0,8,8,0,120,74,74
17,farmyard,816,3,0,3,0,0,3,3,0,0,8,8,0,120,77,77
17,farmyard,817,3,0,3,0,0,3,3,0,0,8,8,0,120,80,80
17,farmyard,818,3,0,3,0,0,3,3,0,0,8,8,0,120,83,83
17,farmyard,819,2,0,2,0,0,2,2,0,0,8,9,0,120,85,85
17,farmyard,820,2,0,2,0,0,2,2,0,0,8,9,0,120,87,87
17,farmyard,821,0,0,0,0,0,0,0,0,0,8,11,0,120,87,87
17,farmyard,822,0,0,0,0,0,0,0,0,0,8,11,0,120,87,87
17,farmyard,823,0,0,0,0,0,0,0,0,0,8,11,0,120,87,87
17,farmyard,824,0,0,0,0,0,0,0,0,0,8,11,0,120,87,87
17,farmyard,825,0,0,0,0,0,0,0,0,0,8,11,0,120,87,87
17,farmyard,826,0,0,0,0,0,0,0,0,0,8,11,0,120,87,87
17,farmyard,827,0,0,0,0,0,0,0,0,0,8,11,0,120,87,87
17,farmyard,828,0,0,0,0,0,0,0,0,0,8,11,0,120,87,87
17,farmyard,829,0,0,0,0,0,0,0,0,0,8,11,0,120,87,87
17,farmyard,830,0,0,0,0,0,0,0,0,0,8,11,0,120,87,87
17,farmyard,831,0,0,0,0,0,0,0,0,0,8,11,0,120,87,87
17,farmyard,832,0,0,0,0,0,0,0,0,0,8,11,0,120,87,87
17,farmyard,833,0,0,0,0,0,0,0,0,0,8,11,0,120,87,87
17,farmyard,834,0,0,0,0,0,0,0,0,0,8,11,0,120,87,87
17,farmyard,835,0,0,0,0,0,0,0,0,0,8,11,0,120,87,87
17,farmyard,836,0,0,0,0,0,0,0,0,0,8,11,0,120,87,87
17,farmyard,837,0,0,0,0,0,0,0,0,0,8,11,0,120,87,87
17,farmyard,838,0,0,0,0,0,0,0,0,0,8,11,0,120,87,87
17,farmyard,839,0,0,0,0,0,0,0,0,0,8,11,0,120,87,87
17,farmyard,840,0,0,0,0,0,0,0,0,0,8,11,0,120,87,87
17,farmyard,841,0,0,0,0,0,0,0,0,0,8,11,0,120,87,87
17,farmyard,842,0,0,0,0,0,0,0,0,0,8,11,0,120,87,87
17,farmyard,843,0,0,0,0,0,0,0,0,0,8,11,0,120,87,87
17,farmyard,844,0,0,0,0,0,0,0,0,0,8,11,0,120,87,87
17,farmyard,845,0,0,0,0,0,0,0,0,0,8,11,0,120,87,87
17,farmyard,846,0,0,0,0,0,0,0,0,0,8,11,0,120,87,87
17,farmyard,847,0,0,0,0,0,0,0,0,0,8,11,0,120,87,87
17,farmyard,848,0,0,0,0,0,0,0,0,0,8,11,0,120,87,87
17,farmyard,849,0,0,0,0,0,0,0,0,0,8,11,0,120,87,87
17,farmyard,850,0,0,0,0,0,0,0,0,0,8,11,0,120,87,87
17,outside,800,3,2,1,0,0,3,0,3,0,0,0,0,0,0,0
17,outside,801,5,3,2,2,0,3,0,5,0,2,0,0,4,3,3
17,outside,802,5,3,2,0,2,3,0,5,0,2,0,0,8,6,6
17,outside,803,5,3,2,0,0,5,0,5,0,2,0,0,12,11,11
17,outside,804,6,4,2,1,0,5,0,6,0,3,0,0,18,16,16
17,outside,805,8,5,3,2,1,5,0,8,0,5,0,0,24,21,21
17,outside,806,9,5,4,1,2,6,0,9,0,6,0,0,30,27,27
17,outside,807,9,5,4,0,1,8,0,9,0,6,0,0,38,35,35
17,outside,808,10,6,4,1,0,9,0,10,0,7,0,0,48,44,44
17,outside,809,11,6,5,1,1,9,0,11,0,8,0,0,58,53,53
17,outside,810,11,6,5,0,1,10,0,11,0,8,0,0,68,63,63
17,outside,811,10,5,5,0,0,10,0,10,0,8,1,0,80,73,73
17,outside,812,11,6,5,1,0,10,0,11,0,9,1,0,90,83,83
17,outside,813,12,7,5,1,1,10,0,12,0,10,1,0,100,93,93
17,outside,814,14,9,5,3,1,10,0,14,0,13,2,0,110,103,103
17,outside,815,15,10,5,1,3,11,0,15,0,14,2,0,122,114,114
17,outside,816,18,10,8,4,1,13,0,18,0,18,3,0,136,127,127
17,outside,817,18,10,8,0,4,14,0,18,0,18,3,0,152,141,141
17,outside,818,20,11,9,3,0,17,0,20,0,21,4,0,170,158,158
17,outside,819,21,10,11,3,2,16,0,21,0,24,6,0,190,174,174
17,outside,820,22,11,11,1,3,18,0,22,0,25,6,0,208,192,192
17,outside,821,26,13,13,4,1,21,0,26,0,29,6,0,226,213,213
17,outside,822,27,13,14,2,4,21,0,27,0,31,7,0,246,234,234
17,outside,823,32,15,17,6,2,24,0,32,0,37,8,0,266,258,258
17,outside,824,32,16,16,2,6,24,0,32,0,39,10,0,288,282,282
17,outside,825,34,17,17,3,2,29,0,34,0,42,11,0,312,311,311
17,outside,826,36,17,19,3,2,31,0,36,0,45,12,0,342,342,342
17,outside,827,37,17,20,2,3,32,0,37,0,47,13,0,374,374,374
17,outside,828,42,19,23,5,2,35,0,42,0,52,13,0,406,409,409
17,outside,829,44,20,24,4,5,35,0,44,0,56,15,0,438,444,444
17,outside,830,45,19,26,2,4,39,0,45,0,58,16,0,470,483,483
17,outside,831,47,20,27,2,2,43,0,47,0,60,16,0,504,526,526
17,outside,832,49,23,26,5,2,42,0,49,0,65,19,0,542,568,568
17,outside,833,50,23,27,4,4,42,0,50,0,69,22,0,580,610,610
17,outside,834,56,26,30,8,4,44,0,56,0,77,24,0,618,654,654
17,outside,835,59,28,31,4,8,47,0,59,0,81,25,0,660,701,701
17,outside,836,64,29,35,5,4,55,0,64,0,86,25,0,702,756,756
17,outside,837,69,31,38,8,5,56,0,69,0,94,28,0,752,812,812
17,outside,838,75,34,41,6,8,61,0,75,0,100,28,0,806,873,873
17,outside,839,80,36,44,9,6,65,0,80,0,109,32,0,862,938,938
17,outside,840,82,40,42,8,8,66,0,82,0,117,38,0,922,1004,1004
17,outside,841,90,44,46,11,8,71,0,90,0,128,41,0,984,1075,1075
17,outside,842,95,47,48,10,9,76,0,95,0,138,46,0,1050,1151,1151
17,outside,843,104,54,50,11,10,83,0,104,0,149,48,0,1126,1234,1234
17,outside,844,105,55,50,5,11,89,0,105,0,154,52,0,1208,1323,1323
17,outside,845,123,61,62,20,5,98,0,123,0,174,54,0,1298,1421,1421
17,outside,846,129,65,64,11,20,98,0,129,0,185,59,0,1400,1519,1519
17,outside,847,141,70,71,20,11,110,0,141,0,205,67,0,1508,1629,1629
17,outside,848,149,73,76,13,20,116,0,149,0,218,72,0,1622,1745,1745
17,outside,849,163,83,80,18,13,132,0,163,0,236,76,0,1736,1877,1877
17,outside,850,181,91,90,23,17,141,0,181,0,259,81,0,1866,2018,2018
18,farmyard,800,3,2,1,0,0,3,3,0,0,0,0,0,0,0,0
18,farmyard,801,5,4,1,2,0,3,5,0,1,2,0,0,8,3,3
18,farmyard,802,5,4,1,0,2,3,5,0,1,2,0,0,16,6,6
18,farmyard,803,6,4,2,1,0,5,6,0,1,3,0,0,24,11,11
18,farmyard,804,8,6,2,2,1,5,8,0,1,5,0,0,40,16,16
18,farmyard,805,8,6,2,0,2,6,8,0,1,5,0,0,56,22,22
18,farmyard,806,11,9,2,4,0,7,11,0,1,9,1,0,72,29,29
18,farmyard,807,8,6,2,1,2,5,8,0,1,10,5,0,96,34,34
18,farmyard,808,9,7,2,1,1,7,9,0,1,11,5,0,112,41,41
18,farmyard,809,11,7,4,2,1,8,11,0,1,13,5,0,136,49,49
18,farmyard,810,10,7,3,2,0,8,10,0,1,15,8,0,160,57,57
18,farmyard,811,9,5,4,1,2,6,9,0,1,16,10,0,184,63,63
18,farmyard,812,9,4,5,1,1,7,9,0,1,17,11,0,200,70,70
18,farmyard,813,8,3,5,1,1,6,8,0,1,18,13,0,216,76,76
18,farmyard,814,8,4,4,1,1,6,8,0,1,19,14,0,224,82,82
18,farmyard,815,7,4,3,1,0,6,7,0,1,20,16,0,232,88,88
18,farmyard,816,9,5,4,2,1,6,9,0,1,22,16,0,244,94,94
18,farmyard,817,9,5,4,1,2,6,9,0,1,23,17,0,256,100,100
18,farmyard,818,10,6,4,1,1,8,10,0,1,24,17,0,268,108,108
18,farmyard,819,8,5,3,0,1,7,8,0,1,24,19,0,284,115,115
18,farmyard,820,7,4,3,1,0,6,7,0,1,25,21,0,300,121,121
18,farmyard,821,6,3,3,0,1,5,6,0,1,25,22,0,312,126,126
18,farmyard,822,6,3,3,0,0,6,6,0,1,25,22,0,320,132,132
18,farmyard,823,7,4,3,1,0,6,7,0,1,26,22,0,332,138,138
18,farmyard,824,9,6,3,2,1,6,9,0,1,28,22,0,344,144,144
18,farmyard,825,8,6,2,0,2,6,8,0,1,28,23,0,356,150,150
18,farmyard,826,8,6,2,0,0,8,8,0,1,28,23,0,372,158,158
18,farmyard,827,8,6,2,0,0,8,8,0,1,28,23,0,396,166,166
18,farmyard,828,8,6,2,0,0,8,8,0,1,28,23,0,420,174,174
18,farmyard,829,7,6,1,0,0,7,7,0,1,28,24,0,444,181,181
18,farmyard,830,7,6,1,0,0,7,7,0,1,28,24,0,468,188,188
18,farmyard,831,6,5,1,0,0,6,6,0,1,28,25,0,492,194,194
18,farmyard,832,6,5,1,0,0,6,6,0,1,28,25,0,512,200,200
18,farmyard,833,5,4,1,0,0,5,5,0,1,28,26,0,532,205,205
18,farmyard,834,5,4,1,0,0,5,5,0,1,28,26,0,548,210,210
18,farmyard,835,3,3,0,0,0,3,3,0,0,28,28,0,564,213,213
18,farmyard,836,3,3,0,0,0,3,3,0,0,28,28,0,576,216,216
18,farmyard,837,3,3,0,0,0,3,3,0,0,28,28,0,588,219,219
18,farmyard,838,3,3,0,0,0,3,3,0,0,28,28,0,600,222,222
18,farmyard,839,3,3,0,0,0,3,3,0,0,28,28,0,612,225,225
18,farmyard,840,2,2,0,0,0,2,2,0,0,28,29,0,624,227,227
18,farmyard,841,2,2,0,0,0,2,2,0,0,28,29,0,632,229,229
18,farmyard,842,1,1,0,0,0,1,1,0,0,28,30,0,640,230,230
18,farmyard,843,1,1,0,0,0,1,0,1,0,28,30,0,644,231,231
18,farmyard,844,1,1,0,0,0,1,0,1,0,28,30,0,646,232,232
18,farmyard,845,1,1,0,0,0,1,0,1,0,28,30,0,648,233,233
18,farmyard,846,1,1,0,0,0,1,0,1,0,28,30,0,650,234,234
18,farmyard,847,1,1,0,0,0,1,0,1,0,28,30,0,652,235,235
18,farmyard,848,1,1,0,0,0,1,0,1,0,28,30,0,654,236,236
18,farmyard,849,1,1,0,0,0,1,0,1,0,28,30,0,656,237,237
18,farmyard,850,0,0,0,0,0,0,0,0,0,28,31,0,658,237,237
18,outside,800,3,2,1,0,0,3,0,3,0,0,0,0,0,0,0
18,outside,801,5,4,1,2,0,3,0,5,0,2,0,0,4,3,3
18,outside,802,5,4,1,0,2,3,0,5,0,2,0,0,8,6,6
18,outside,803,5,4,1,0,0,5,0,5,0,2,0,0,12,11,11
18,outside,804,6,5,1,1,0,5,0,6,0,3,0,0,20,16,16
18,outside,805,8,7,1,2,1,5,0,8,0,5,0,0,28,21,21
18,outside,806,10,9,1,2,2,6,0,10,0,7,0,0,36,27,27
18,outside,807,13,11,2,3,2,8,0,13,0,10,0,0,46,35,35
18,outside,808,15,13,2,2,3,10,0,15,0,12,0,0,60,45,45
18,outside,809,16,13,3,2,2,12,0,16,0,14,1,0,78,57,57
18,outside,810,21,16,5,5,2,14,0,21,0,19,1,0,98,71,71
18,outside,811,23,16,7,2,5,16,0,23,0,21,1,0,122,87,87
18,outside,812,27,20,7,5,2,20,0,27,0,26,2,0,148,107,107
18,outside,813,33,22,11,6,5,22,0,33,0,32,2,0,180,129,129
18,outside,814,38,25,13,6,6,26,0,38,0,38,3,0,212,155,155
18,outside,815,45,29,16,7,6,32,0,45,0,45,3,0,250,187,187
18,outside,816,49,30,19,5,7,37,0,49,0,50,4,0,292,224,224
18,outside,817,59,35,24,10,5,44,0,59,0,60,4,0,340,268,268
18,outside,818,65,37,28,7,10,48,0,65,0,67,5,0,396,316,316
18,outside,819,79,47,32,14,7,58,0,79,0,81,5,0,454,374,374
18,outside,820,86,50,36,8,13,65,0,86,0,89,6,0,522,439,439
18,outside,821,102,62,40,17,8,77,0,102,0,106,7,0,596,516,516
18,outside,822,109,65,44,13,17,79,0,109,0,119,13,0,686,595,595
18,outside,823,121,72,49,15,12,94,0,121,0,134,16,0,776,689,689
18,outside,824,133,76,57,14,15,104,0,133,0,148,18,0,888,793,793
18,outside,825,155,88,67,25,14,116,0,155,0,173,21,0,1010,909,909
18,outside,826,172,98,74,21,25,126,0,172,0,194,25,0,1146,1035,1035
18,outside,827,199,109,90,28,21,150,0,199,0,222,26,0,1284,1185,1185
18,outside,828,222,119,103,26,28,168,0,222,0,248,29,0,1452,1353,1353
18,outside,829,246,130,116,29,24,193,0,246,0,277,34,0,1646,1546,1546
18,outside,830,278,140,138,36,29,213,0,278,0,313,38,0,1856,1759,1759
18,outside,831,306,156,150,32,36,238,0,306,0,345,42,0,2082,1997,1997
18,outside,832,335,178,157,36,32,267,0,335,0,381,49,0,2336,2264,2264
18,outside,833,379,204,175,52,36,291,0,379,0,433,57,0,2610,2555,2555
18,outside,834,400,208,192,35,52,313,0,400,0,468,71,0,2908,2868,2868
18,outside,835,450,227,223,58,35,357,0,450,0,526,79,0,3234,3225,3225
18,outside,836,486,248,238,50,56,380,0,486,0,576,93,0,3616,3605,3605
18,outside,837,533,284,249,59,49,425,0,533,0,635,105,0,4012,4030,4030
18,outside,838,599,312,287,82,58,459,0,599,0,717,121,0,4442,4489,4489
18,outside,839,661,343,318,75,79,507,0,661,0,792,134,0,4914,4996,4996
18,outside,840,725,381,344,77,74,574,0,725,0,869,147,0,5448,5570,5570
18,outside,841,803,427,376,99,76,628,0,803,0,968,168,0,6040,6198,6198
18,outside,842,883,467,416,107,96,680,0,883,0,1075,195,0,6696,6878,6878
18,outside,843,969,516,453,116,102,751,0,969,0,1191,225,0,7416,7629,7629
18,outside,844,1091,576,515,140,114,837,0,1091,0,1331,243,0,8224,8466,8466
18,outside,845,1217,639,578,152,136,929,0,1217,0,1483,269,0,9114,9395,9395
18,outside,846,1344,706,638,163,150,1031,0,1344,0,1646,305,0,10106,10426,10426
18,outside,847,1464,766,698,162,159,1143,0,1464,0,1808,347,0,11206,11569,11569
18,outside,848,1623,840,783,209,155,1259,0,1623,0,2017,397,0,12404,12828,12828
18,outside,849,1801,929,872,213,205,1383,0,1801,0,2230,432,0,13716,14211,14211
18,outside,850,1980,1024,956,239,210,1531,0,1980,0,2469,492,0,15162,15742,15742
19,farmyard,800,3,2,1,0,0,3,3,0,0,0,0,0,0,0,0
19,farmyard,801,3,2,1,0,0,3,3,0,0,0,0,0,8,3,3
19,farmyard,802,4,3,1,1,0,3,4,0,0,1,0,0,16,6,6
19,farmyard,803,4,3,1,0,1,3,4,0,0,1,0,0,24,9,9
19,farmyard,804,6,4,2,2,0,4,6,0,1,3,0,0,32,13,13
19,farmyard,805,6,4,2,0,2,4,6,0,1,3,0,0,44,17,17
19,farmyard,806,7,4,3,1,0,6,7,0,1,4,0,0,56,23,23
19,farmyard,807,8,5,3,1,1,6,8,0,1,5,0,0,72,29,29
19,farmyard,808,8,6,2,2,1,5,8,0,1,7,2,0,88,34,34
19,farmyard,809,9,6,3,1,2,6,9,0,1,8,2,0,104,40,40
19,farmyard,810,10,5,5,3,1,6,10,0,1,11,4,0,124,46,46
19,farmyard,811,10,5,5,0,3,7,10,0,1,11,4,0,140,53,53
19,farmyard,812,11,5,6,1,0,10,11,0,1,12,4,0,156,63,63
19,farmyard,813,12,7,5,2,1,9,12,0,1,14,5,0,176,72,72
19,farmyard,814,9,5,4,1,2,6,9,0,1,15,9,0,196,78,78
19,farmyard,815,10,5,5,2,1,7,10,0,1,17,10,0,208,85,85
19,farmyard,816,8,4,4,0,2,6,8,0,1,17,12,0,224,91,91
19,farmyard,817,10,6,4,2,0,8,10,0,1,19,12,0,236,99,99
19,farmyard,818,8,4,4,0,1,7,8,0,1,19,14,0,252,106,106
19,farmyard,819,9,5,4,2,0,7,9,0,1,21,15,0,264,113,113
19,farmyard,820,9,6,3,1,2,6,9,0,1,22,16,0,280,119,119
19,farmyard,821,12,7,5,3,1,8,0,12,0,25,16,0,296,127,127
19,farmyard,822,14,9,5,2,3,9,0,14,0,27,16,0,306,136,136
19,farmyard,823,18,11,7,4,2,12,0,18,0,31,16,0,318,148,148
19,farmyard,824,20,11,9,2,4,14,0,20,0,33,16,0,332,162,162
19,farmyard,825,24,14,10,4,2,18,0,24,0,37,16,0,350,180,180
19,farmyard,826,28,15,13,4,4,20,0,28,0,41,16,0,372,200,200
19,farmyard,827,31,16,15,3,4,24,0,31,0,44,16,0,394,224,224
19,farmyard,828,37,19,18,7,3,27,0,37,0,51,17,0,422,251,251
19,farmyard,829,37,19,18,1,7,29,0,37,0,52,18,0,450,280,280
19,farmyard,830,40,21,19,3,1,36,0,40,0,55,18,0,480,316,316
19,farmyard,831,46,23,23,7,3,36,0,46,0,62,19,0,518,352,352
19,farmyard,832,51,26,25,6,7,38,0,51,0,68,20,0,556,390,390
19,farmyard,833,57,27,30,6,6,45,0,57,0,74,20,0,596,435,435
19,farmyard,834,56,26,30,1,6,49,0,56,0,75,22,0,640,484,484
19,farmyard,835,65,29,36,10,1,54,0,65,0,85,23,0,690,538,538
19,farmyard,836,68,30,38,5,10,53,0,68,0,90,25,0,742,591,591
19,farmyard,837,73,34,39,10,4,59,0,73,0,100,30,0,792,650,650
19,farmyard,838,76,35,41,7,10,59,0,76,0,107,34,0,846,709,709
19,farmyard,839,85,41,44,9,7,69,0,85,0,116,34,0,898,778,778
19,farmyard,840,92,46,46,9,8,75,0,92,0,125,36,0,962,853,853
19,farmyard,841,99,48,51,8,9,82,0,99,0,133,37,0,1030,935,935
19,farmyard,842,111,53,58,14,8,89,0,111,0,147,39,0,1106,1024,1024
19,farmyard,843,117,53,64,12,14,91,0,117,0,159,45,0,1194,1115,1115
19,farmyard,844,124,55,69,11,11,102,0,124,0,170,49,0,1278,1217,1217
19,farmyard,845,131,60,71,11,11,109,0,131,0,181,53,0,1370,1326,1326
19,farmyard,846,142,68,74,15,11,116,0,142,0,196,57,0,1466,1442,1442
19,farmyard,847,154,76,78,15,15,124,0,154,0,211,60,0,1568,1566,1566
19,farmyard,848,163,83,80,17,15,131,0,163,0,228,68,0,1682,1697,1697
19,farmyard,849,178,90,88,21,16,141,0,178,0,249,74,0,1812,1838,1838
19,farmyard,850,196,100,96,26,21,149,0,196,0,275,82,0,1958,1987,1987
19,outside,800,3,2,1,0,0,3,0,3,0,0,0,0,0,0,0
19,outside,801,3,2,1,0,0,3,0,3,0,0,0,0,4,3,3
19,outside,802,4,3,1,1,0,3,0,4,0,1,0,0,8,6,6
19,outside,803,4,3,1,0,1,3,0,4,0,1,0,0,12,9,9
19,outside,804,6,4,2,2,0,4,0,6,0,3,0,0,16,13,13
19,outside,805,6,4,2,0,2,4,0,6,0,3,0,0,22,17,17
19,outside,806,7,4,3,1,0,6,0,7,0,4,0,0,28,23,23
19,outside,807,8,5,3,1,1,6,0,8,0,5,0,0,36,29,29
19,outside,808,10,6,4,2,1,7,0,10,0,7,0,0,44,36,36
19,outside,809,10,6,4,0,2,8,0,10,0,7,0,0,52,44,44
19,outside,810,13,8,5,3,0,10,0,13,0,10,0,0,62,54,54
19,outside,811,13,8,5,0,3,10,0,13,0,10,0,0,74,64,64
19,outside,812,15,9,6,2,0,13,0,15,0,12,0,0,86,77,77
19,outside,813,15,9,6,1,2,12,0,15,0,13,1,0,102,89,89
19,outside,814,17,11,6,3,1,13,0,17,0,16,2,0,118,102,102
19,outside,815,18,11,7,1,3,14,0,18,0,17,2,0,134,116,116
19,outside,816,24,15,9,6,1,17,0,24,0,23,2,0,150,133,133
19,outside,817,23,15,8,0,6,17,0,23,0,23,3,0,172,150,150
19,outside,818,29,17,12,7,0,22,0,29,0,30,4,0,194,172,172
19,outside,819,31,18,13,3,7,21,0,31,0,33,5,0,222,193,193
19,outside,820,35,20,15,4,3,28,0,35,0,37,5,0,248,221,221
19,outside,821,36,20,16,3,4,29,0,36,0,40,7,0,280,250,250
19,outside,822,45,25,20,10,3,32,0,45,0,50,8,0,314,282,282
19,outside,823,48,25,23,4,10,34,0,48,0,54,9,0,350,316,316
19,outside,824,56,28,28,8,4,44,0,56,0,62,9,0,386,360,360
19,outside,825,61,30,31,6,8,47,0,61,0,68,10,0,434,407,407
19,outside,826,70,31,39,10,6,54,0,70,0,78,11,0,484,461,461
19,outside,827,78,35,43,8,10,60,0,78,0,86,11,0,538,521,521
19,outside,828,83,37,46,5,8,70,0,83,0,91,11,0,596,591,591
19,outside,829,94,41,53,12,5,77,0,94,0,103,12,0,658,668,668
19,outside,830,98,45,53,7,12,79,0,98,0,110,15,0,726,747,747
19,outside,831,105,46,59,10,6,89,0,105,0,120,18,0,796,836,836
19,outside,832,113,51,62,9,10,94,0,113,0,129,19,0,872,930,930
19,outside,833,122,57,65,12,9,101,0,122,0,141,22,0,956,1031,1031
19,outside,834,127,56,71,12,12,103,0,127,0,153,29,0,1044,1134,1134
19,outside,835,135,62,73,15,12,108,0,135,0,168,36,0,1134,1242,1242
19,outside,836,145,69,76,17,14,114,0,145,0,185,43,0,1236,1356,1356
19,outside,837,152,74,78,11,17,124,0,152,0,196,47,0,1342,1480,1480
19,outside,838,166,85,81,22,11,133,0,166,0,218,55,0,1458,1613,1613
19,outside,839,182,94,88,21,22,139,0,182,0,239,60,0,1586,1752,1752
19,outside,840,209,107,102,32,21,156,0,209,0,271,65,0,1722,1908,1908
19,outside,841,225,112,113,23,31,171,0,225,0,294,72,0,1884,2079,2079
19,outside,842,253,121,132,36,22,195,0,253,0,330,80,0,2060,2274,2274
19,outside,843,279,139,140,35,35,209,0,279,0,365,89,0,2256,2483,2483
19,outside,844,310,157,153,38,34,238,0,310,0,403,96,0,2468,2721,2721
19,outside,845,336,170,166,34,38,264,0,336,0,437,104,0,2702,2985,2985
19,outside,846,376,186,190,50,33,293,0,376,0,487,114,0,2966,3278,3278
19,outside,847,414,203,211,48,47,319,0,414,0,535,124,0,3264,3597,3597
19,outside,848,451,219,232,50,48,353,0,451,0,585,137,0,3588,3950,3950
19,outside,849,504,243,261,63,49,392,0,504,0,648,147,0,3932,4321,4342
19,outside,850,550,263,287,65,62,423,0,550,0,713,166,0,4312,4727,4765
20,farmyard,800,3,2,1,0,0,3,3,0,0,0,0,0,0,0,0
20,farmyard,801,4,3,1,1,0,3,4,0,0,1,0,0,8,3,3
20,farmyard,802,4,3,1,0,1,3,4,0,0,1,0,0,16,6,6
20,farmyard,803,3,3,0,0,0,3,3,0,0,1,1,0,24,9,9
20,farmyard,804,3,3,0,0,0,3,3,0,0,1,1,0,36,12,12
20,farmyard,805,3,3,0,0,0,3,3,0,0,1,1,0,48,15,15
20,farmyard,806,3,3,0,0,0,3,3,0,0,1,1,0,60,18,18
20,farmyard,807,3,3,0,0,0,3,3,0,0,1,1,0,72,21,21
20,farmyard,808,3,3,0,0,0,3,3,0,0,1,1,0,84,24,24
20,farmyard,809,3,3,0,0,0,3,3,0,0,1,1,0,96,27,27
20,farmyard,810,3,3,0,0,0,3,3,0,0,1,1,0,108,30,30
20,farmyard,811,3,3,0,0,0,3,3,0,0,1,1,0,120,33,33
20,farmyard,812,3,3,0,0,0,3,3,0,0,1,1,0,132,36,36
20,farmyard,813,3,3,0,0,0,3,3,0,0,1,1,0,144,39,39
20,farmyard,814,3,3,0,0,0,3,3,0,0,1,1,0,156,42,42
20,farmyard,815,3,3,0,0,0,3,3,0,0,1,1,0,168,45,45
20,farmyard,816,2,2,0,0,0,2,2,0,0,1,2,0,180,47,47
20,farmyard,817,2,2,0,0,0,2,2,0,0,1,2,0,188,49,49
20,farmyard,818,1,1,0,0,0,1,1,0,0,1,3,0,196,50,50
20,farmyard,819,1,1,0,0,0,1,1,0,0,1,3,0,200,51,51
20,farmyard,820,0,0,0,0,0,0,0,0,0,1,4,0,204,51,51
20,farmyard,821,0,0,0,0,0,0,0,0,0,1,4,0,204,51,51
20,farmyard,822,0,0,0,0,0,0,0,0,0,1,4,0,204,51,51
20,farmyard,823,0,0,0,0,0,0,0,0,0,1,4,0,204,51,51
20,farmyard,824,0,0,0,0,0,0,0,0,0,1,4,0,204,51,51
20,farmyard,825,0,0,0,0,0,0,0,0,0,1,4,0,204,51,51
20,farmyard,826,0,0,0,0,0,0,0,0,0,1,4,0,204,51,51
20,farmyard,827,0,0,0,0,0,0,0,0,0,1,4,0,204,51,51
20,farmyard,828,0,0,0,0,0,0,0,0,0,1,4,0,204,51,51
20,farmyard,829,0,0,0,0,0,0,0,0,0,1,4,0,204,51,51
20,farmyard,830,0,0,0,0,0,0,0,0,0,1,4,0,204,51,51
20,farmyard,831,0,0,0,0,0,0,0,0,0,1,4,0,204,51,51
20,farmyard,832,0,0,0,0,0,0,0,0,0,1,4,0,204,51,51
20,farmyard,833,0,0,0,0,0,0,0,0,0,1,4,0,204,51,51
20,farmyard,834,0,0,0,0,0,0,0,0,0,1,4,0,204,51,51
20,farmyard,835,0,0,0,0,0,0,0,0,0,1,4,0,204,51,51
20,farmyard,836,0,0,0,0,0,0,0,0,0,1,4,0,204,51,51
20,farmyard,837,0,0,0,0,0,0,0,0,0,1,4,0,204,51,51
20,farmyard,838,0,0,0,0,0,0,0,0,0,1,4,0,204,51,51
20,farmyard,839,0,0,0,0,0,0,0,0,0,1,4,0,204,51,51
20,farmyard,840,0,0,0,0,0,0,0,0,0,1,4,0,204,51,51
20,farmyard,841,0,0,0,0,0,0,0,0,0,1,4,0,204,51,51
20,farmyard,842,0,0,0,0,0,0,0,0,0,1,4,0,204,51,51
20,farmyard,843,0,0,0,0,0,0,0,0,0,1,4,0,204,51,51
20,farmyard,844,0,0,0,0,0,0,0,0,0,1,4,0,204,51,51
20,farmyard,845,0,0,0,0,0,0,0,0,0,1,4,0,204,51,51
20,farmyard,846,0,0,0,0,0,0,0,0,0,1,4,0,204,51,51
20,farmyard,847,0,0,0,0,0,0,0,0,0,1,4,0,204,51,51
20,farmyard,848,0,0,0,0,0,0,0,0,0,1,4,0,204,51,51
20,farmyard,849,0,0,0,0,0,0,0,0,0,1,4,0,204,51,51
20,farmyard,850,0,0,0,0,0,0,0,0,0,1,4,0,204,51,51
20,outside,800,3,2,1,0,0,3,0,3,0,0,0,0,0,0,0
20,outside,801,4,3,1,1,0,3,0,4,0,1,0,0,4,3,3
20,outside,802,4,3,1,0,1,3,0,4,0,1,0,0,8,6,6
20,outside,803,3,3,0,0,0,3,0,3,0,1,1,0,12,9,9
20,outside,804,3,3,0,0,0,3,0,3,0,1,1,0,18,12,12
20,outside,805,3,3,0,0,0,3,0,3,0,1,1,0,24,15,15
20,outside,806,3,3,0,0,0,3,0,3,0,1,1,0,30,18,18
20,outside,807,3,3,0,0,0,3,0,3,0,1,1,0,36,21,21
20,outside,808,3,3,0,0,0,3,0,3,0,1,1,0,42,24,24
20,outside,809,3,3,0,0,0,3,0,3,0,1,1,0,48,27,27
20,outside,810,3,3,0,0,0,3,0,3,0,1,1,0,54,30,30
20,outside,811,3,3,0,0,0,3,0,3,0,1,1,0,60,33,33
20,outside,812,3,3,0,0,0,3,0,3,0,1,1,0,66,36,36
20,outside,813,3,3,0,0,0,3,0,3,0,1,1,0,72,39,39
20,outside,814,3,3,0,0,0,3,0,3,0,1,1,0,78,42,42
20,outside,815,3,3,0,0,0,3,0,3,0,1,1,0,84,45,45
20,outside,816,2,2,0,0,0,2,0,2,0,1,2,0,90,47,47
20,outside,817,2,2,0,0,0,2,0,2,0,1,2,0,94,49,49
20,outside,818,1,1,0,0,0,1,0,1,0,1,3,0,98,50,50
20,outside,819,1,1,0,0,0,1,0,1,0,1,3,0,100,51,51
20,outside,820,0,0,0,0,0,0,0,0,0,1,4,0,102,51,51
20,outside,821,0,0,0,0,0,0,0,0,0,1,4,0,102,51,51
20,outside,822,0,0,0,0,0,0,0,0,0,1,4,0,102,51,51
20,outside,823,0,0,0,0,0,0,0,0,0,1,4,0,102,51,51
20,outside,824,0,0,0,0,0,0,0,0,0,1,4,0,102,51,51
20,outside,825,0,0,0,0,0,0,0,0,0,1,4,0,102,51,51
20,outside,826,0,0,0,0,0,0,0,0,0,1,4,0,102,51,51
20,outside,827,0,0,0,0,0,0,0,0,0,1,4,0,102,51,51
20,outside,828,0,0,0,0,0,0,0,0,0,1,4,0,102,51,51
20,outside,829,0,0,0,0,0,0,0,0,0,1,4,0,102,51,51
20,outside,830,0,0,0,0,0,0,0,0,0,1,4,0,102,51,51
20,outside,831,0,0,0,0,0,0,0,0,0,1,4,0,102,51,51
20,outside,832,0,0,0,0,0,0,0,0,0,1,4,0,102,51,51
20,outside,833,0,0,0,0,0,0,0,0,0,1,4,0,102,51,51
20,outside,834,0,0,0,0,0,0,0,0,0,1,4,0,102,51,51
20,outside,835,0,0,0,0,0,0,0,0,0,1,4,0,102,51,51
20,outside,836,0,0,0,0,0,0,0,0,0,1,4,0,102,51,51
20,outside,837,0,0,0,0,0,0,0,0,0,1,4,0,102,51,51
20,outside,838,0,0,0,0,0,0,0,0,0,1,4,0,102,51,51
20,outside,839,0,0,0,0,0,0,0,0,0,1,4,0,102,51,51
20,outside,840,0,0,0,0,0,0,0,0,0,1,4,0,102,51,51
20,outside,841,0,0,0,0,0,0,0,0,0,1,4,0,102,51,51
20,outside,842,0,0,0,0,0,0,0,0,0,1,4,0,102,51,51
20,outside,843,0,0,0,0,0,0,0,0,0,1,4,0,102,51,51
20,outside,844,0,0,0,0,0,0,0,0,0,1,4,0,102,51,51
20,outside,845,0,0,0,0,0,0,0,0,0,1,4,0,102,51,51
20,outside,846,0,0,0,0,0,0,0,0,0,1,4,0,102,51,51
20,outside,847,0,0,0,0,0,0,0,0,0,1,4,0,102,51,51
20,outside,848,0,0,0,0,0,0,0,0,0,1,4,0,102,51,51
20,outside,849,0,0,0,0,0,0,0,0,0,1,4,0,102,51,51
20,outside,850,0,0,0,0,0,0,0,0,0,1,4,0,102,51,51
21,farmyard,800,3,2,1,0,0,3,3,0,0,0,0,0,0,0,0
21,farmyard,801,5,4,1,2,0,3,5,0,1,2,0,0,8,3,3
21,farmyard,802,4,4,0,0,2,2,4,0,0,2,1,0,16,5,5
21,farmyard,803,4,4,0,0,0,4,4,0,0,2,1,0,24,9,9
21,farmyard,804,4,4,0,0,0,4,4,0,0,2,1,0,40,13,13
21,farmyard,805,4,4,0,0,0,4,4,0,0,2,1,0,56,17,17
21,farmyard,806,4,4,0,0,0,4,4,0,0,2,1,0,72,21,21
21,farmyard,807,2,2,0,0,0,2,2,0,0,2,3,0,88,23,23
21,farmyard,808,2,2,0,0,0,2,2,0,0,2,3,0,96,25,25
21,farmyard,809,2,2,0,0,0,2,2,0,0,2,3,0,104,27,27
21,farmyard,810,2,2,0,0,0,2,2,0,0,2,3,0,112,29,29
21,farmyard,811,2,2,0,0,0,2,2,0,0,2,3,0,120,31,31
21,farmyard,812,2,2,0,0,0,2,2,0,0,2,3,0,128,33,33
21,farmyard,813,2,2,0,0,0,2,2,0,0,2,3,0,136,35,35
21,farmyard,814,1,1,0,0,0,1,1,0,0,2,4,0,144,36,36
21,farmyard,815,1,1,0,0,0,1,1,0,0,2,4,0,148,37,37
21,farmyard,816,1,1,0,0,0,1,1,0,0,2,4,0,152,38,38
21,farmyard,817,1,1,0,0,0,1,1,0,0,2,4,0,156,39,39
21,farmyard,818,1,1,0,0,0,1,1,0,0,2,4,0,160,40,40
21,farmyard,819,1,1,0,0,0,1,1,0,0,2,4,0,164,41,41
21,farmyard,820,1,1,0,0,0,1,1,0,0,2,4,0,168,42,42
21,farmyard,821,1,1,0,0,0,1,1,0,0,2,4,0,172,43,43
21,farmyard,822,1,1,0,0,0,1,1,0,0,2,4,0,176,44,44
21,farmyard,823,0,0,0,0,0,0,0,0,0,2,5,0,180,44,44
21,farmyard,824,0,0,0,0,0,0,0,0,0,2,5,0,180,44,44
21,farmyard,825,0,0,0,0,0,0,0,0,0,2,5,0,180,44,44
21,farmyard,826,0,0,0,0,0,0,0,0,0,2,5,0,180,44,44
21,farmyard,827,0,0,0,0,0,0,0,0,0,2,5,0,180,44,44
21,farmyard,828,0,0,0,0,0,0,0,0,0,2,5,0,180,44,44
21,farmyard,829,0,0,0,0,0,0,0,0,0,2,5,0,180,44,44
21,farmyard,830,0,0,0,0,0,0,0,0,0,2,5,0,180,44,44
21,farmyard,831,0,0,0,0,0,0,0,0,0,2,5,0,180,44,44
21,farmyard,832,0,0,0,0,0,0,0,0,0,2,5,0,180,44,44
21,farmyard,833,0,0,0,0,0,0,0,0,0,2,5,0,180,44,44
21,farmyard,834,0,0,0,0,0,0,0,0,0,2,5,0,180,44,44
21,farmyard,835,0,0,0,0,0,0,0,0,0,2,5,0,180,44,44
21,farmyard,836,0,0,0,0,0,0,0,0,0,2,5,0,180,44,44
21,farmyard,837,0,0,0,0,0,0,0,0,0,2,5,0,180,44,44
21,farmyard,838,0,0,0,0,0,0,0,0,0,2,5,0,180,44,44
21,farmyard,839,0,0,0,0,0,0,0,0,0,2,5,0,180,44,44
21,farmyard,840,0,0,0,0,0,0,0,0,0,2,5,0,180,44,44
21,farmyard,841,0,0,0,0,0,0,0,0,0,2,5,0,180,44,44
21,farmyard,842,0,0,0,0,0,0,0,0,0,2,5,0,180,44,44
21,farmyard,843,0,0,0,0,0,0,0,0,0,2,5,0,180,44,44
21,farmyard,844,0,0,0,0,0,0,0,0,0,2,5,0,180,44,44
21,farmyard,845,0,0,0,0,0,0,0,0,0,2,5,0,180,44,44
21,farmyard,846,0,0,0,0,0,0,0,0,0,2,5,0,180,44,44
21,farmyard,847,0,0,0,0,0,0,0,0,0,2,5,0,180,44,44
21,farmyard,848,0,0,0,0,0,0,0,0,0,2,5,0,180,44,44
21,farmyard,849,0,0,0,0,0,0,0,0,0,2,5,0,180,44,44
21,farmyard,850,0,0,0,0,0,0,0,0,0,2,5,0,180,44,44
21,outside,800,3,2,1,0,0,3,0,3,0,0,0,0,0,0,0
21,outside,801,5,4,1,2,0,3,0,5,0,2,0,0,4,3,3
21,outside,802,4,4,0,0,2,2,0,4,0,2,1,0,8,5,5
21,outside,803,4,4,0,0,0,4,0,4,0,2,1,0,12,9,9
21,outside,804,4,4,0,0,0,4,0,4,0,2,1,0,20,13,13
21,outside,805,4,4,0,0,0,4,0,4,0,2,1,0,28,17,17
21,outside,806,4,4,0,0,0,4,0,4,0,2,1,0,36,21,21
21,outside,807,2,2,0,0,0,2,0,2,0,2,3,0,44,23,23
21,outside,808,2,2,0,0,0,2,0,2,0,2,3,0,48,25,25
21,outside,809,2,2,0,0,0,2,0,2,0,2,3,0,52,27,27
21,outside,810,2,2,0,0,0,2,0,2,0,2,3,0,56,29,29
21,outside,811,2,2,0,0,0,2,0,2,0,2,3,0,60,31,31
21,outside,812,2,2,0,0,0,2,0,2,0,2,3,0,64,33,33
21,outside,813,2,2,0,0,0,2,0,2,0,2,3,0,68,35,35
21,outside,814,1,1,0,0,0,1,0,1,0,2,4,0,72,36,36
21,outside,815,1,1,0,0,0,1,0,1,0,2,4,0,74,37,37
21,outside,816,1,1,0,0,0,1,0,1,0,2,4,0,76,38,38
21,outside,817,1,1,0,0,0,1,0,1,0,2,4,0,78,39,39
21,outside,818,1,1,0,0,0,1,0,1,0,2,4,0,80,40,40
21,outside,819,1,1,0,0,0,1,0,1,0,2,4,0,82,41,41
21,outside,820,1,1,0,0,0,1,0,1,0,2,4,0,84,42,42
21,outside,821,1,1,0,0,0,1,0,1,0,2,4,0,86,43,43
21,outside,822,1,1,0,0,0,1,0,1,0,2,4,0,88,44,44
21,outside,823,0,0,0,0,0,0,0,0,0,2,5,0,90,44,44
21,outside,824,0,0,0,0,0,0,0,0,0,2,5,0,90,44,44
21,outside,825,0,0,0,0,0,0,0,0,0,2,5,0,90,44,44
21,outside,826,0,0,0,0,0,0,0,0,0,2,5,0,90,44,44
21,outside,827,0,0,0,0,0,0,0,0,0,2,5,0,90,44,44
21,outside,828,0,0,0,0,0,0,0,0,0,2,5,0,90,44,44
21,outside,829,0,0,0,0,0,0,0,0,0,2,5,0,90,44,44
21,outside,830,0,0,0,0,0,0,0,0,0,2,5,0,90,44,44
21,outside,831,0,0,0,0,0,0,0,0,0,2,5,0,90,44,44
21,outside,832,0,0,0,0,0,0,0,0,0,2,5,0,90,44,44
21,outside,833,0,0,0,0,0,0,0,0,0,2,5,0,90,44,44
21,outside,834,0,0,0,0,0,0,0,0,0,2,5,0,90,44,44
21,outside,835,0,0,0,0,0,0,0,0,0,2,5,0,90,44,44
21,outside,836,0,0,0,0,0,0,0,0,0,2,5,0,90,44,44
21,outside,837,0,0,0,0,0,0,0,0,0,2,5,0,90,44,44
21,outside,838,0,0,0,0,0,0,0,0,0,2,5,0,90,44,44
21,outside,839,0,0,0,0,0,0,0,0,0,2,5,0,90,44,44
21,outside,840,0,0,0,0,0,0,0,0,0,2,5,0,90,44,44
21,outside,841,0,0,0,0,0,0,0,0,0,2,5,0,90,44,44
21,outside,842,0,0,0,0,0,0,0,0,0,2,5,0,90,44,44
21,outside,843,0,0,0,0,0,0,0,0,0,2,5,0,90,44,44
21,outside,844,0,0,0,0,0,0,0,0,0,2,5,0,90,44,44
21,outside,845,0,0,0,0,0,0,0,0,0,2,5,0,90,44,44
21,outside,846,0,0,0,0,0,0,0,0,0,2,5,0,90,44,44
21,outside,847,0,0,0,0,0,0,0,0,0,2,5,0,90,44,44
21,outside,848,0,0,0,0,0,0,0,0,0,2,5,0,90,44,44
21,outside,849,0,0,0,0,0,0,0,0,0,2,5,0,90,44,44
21,outside,850,0,0,0,0,0,0,0,0,0,2,5,0,90,44,44
22,farmyard,800,3,2,1,0,0,3,3,0,0,0,0,0,0,0,0
22,farmyard,801,4,3,1,1,0,3,4,0,0,1,0,0,8,3,3
22,farmyard,802,4,3,1,0,1,3,4,0,0,1,0,0,16,6,6
22,farmyard,803,7,5,2,3,0,4,7,0,1,4,0,0,24,10,10
22,farmyard,804,6,4,2,0,2,4,6,0,1,4,1,0,36,14,14
22,farmyard,805,8,5,3,2,0,6,8,0,1,6,1,0,48,20,20
22,farmyard,806,10,6,4,2,2,6,0,10,0,8,1,0,64,26,26
22,farmyard,807,11,6,5,1,2,8,0,11,0,9,1,0,72,34,34
22,farmyard,808,14,7,7,4,1,9,0,14,0,13,2,0,82,43,43
22,farmyard,809,16,8,8,2,4,10,0,16,0,15,2,0,94,53,53
22,farmyard,810,16,8,8,0,2,14,0,16,0,15,2,0,106,67,67
22,farmyard,811,18,9,9,2,0,16,0,18,0,17,2,0,120,83,83
22,farmyard,812,18,9,9,0,2,16,0,18,0,17,2,0,136,99,99
22,farmyard,813,20,9,11,2,0,18,0,20,0,19,2,0,152,117,117
22,farmyard,814,23,10,13,3,2,18,0,23,0,22,2,0,170,135,135
22,farmyard,815,24,11,13,2,3,19,0,24,0,24,3,0,188,154,154
22,farmyard,816,25,11,14,1,2,22,0,25,0,25,3,0,206,176,176
22,farmyard,817,28,10,18,4,1,23,0,28,0,29,4,0,226,199,199
22,farmyard,818,28,8,20,2,4,22,0,28,0,31,6,0,246,221,221
22,farmyard,819,26,7,19,1,2,23,0,26,0,32,9,0,262,244,244
22,farmyard,820,26,7,19,1,1,24,0,26,0,33,10,0,276,268,268
22,farmyard,821,24,7,17,0,1,23,0,24,0,33,12,0,290,291,291
22,farmyard,822,23,6,17,0,0,23,0,23,0,33,13,0,304,314,314
22,farmyard,823,23,6,17,2,0,21,0,23,0,35,15,0,316,335,335
22,farmyard,824,22,5,17,0,2,20,0,22,0,35,16,0,326,355,355
22,farmyard,825,22,6,16,1,0,21,0,22,0,36,17,0,334,376,376
22,farmyard,826,23,7,16,1,1,21,0,23,0,37,17,0,344,397,397
22,farmyard,827,24,8,16,1,1,22,0,24,0,38,17,0,354,419,419
22,farmyard,828,23,8,15,2,1,20,0,23,0,40,20,0,366,439,439
22,farmyard,829,24,8,16,1,2,21,0,24,0,41,20,0,378,460,460
22,farmyard,830,26,8,18,4,1,21,0,26,0,45,22,0,392,481,481
22,farmyard,831,25,8,17,1,4,20,0,25,0,46,24,0,404,501,501
22,farmyard,832,25,9,16,3,1,21,0,25,0,49,27,0,416,522,522
22,farmyard,833,25,9,16,2,3,20,0,25,0,51,29,0,430,542,542
22,farmyard,834,27,9,18,4,2,21,0,27,0,55,31,0,444,563,563
22,farmyard,835,31,13,18,4,4,23,0,31,0,59,31,0,462,586,586
22,farmyard,836,33,14,19,3,4,26,0,33,0,62,32,0,480,612,612
22,farmyard,837,34,14,20,2,3,29,0,34,0,64,33,0,498,641,641
22,farmyard,838,39,16,23,5,2,32,0,39,0,69,33,0,522,673,673
22,farmyard,839,43,19,24,4,5,34,0,43,0,73,33,0,548,707,707
22,farmyard,840,48,21,27,7,3,38,0,48,0,80,35,0,576,745,745
22,farmyard,841,52,22,30,5,7,40,0,52,0,85,36,0,606,785,785
22,farmyard,842,55,25,30,6,5,44,0,55,0,91,39,0,640,829,829
22,farmyard,843,61,28,33,7,5,49,0,61,0,98,40,0,680,878,878
22,farmyard,844,67,33,34,7,7,53,0,67,0,105,41,0,722,931,931
22,farmyard,845,71,35,36,8,7,56,0,71,0,113,45,0,772,987,987
22,farmyard,846,81,39,42,13,8,60,0,81,0,126,48,0,828,1047,1047
22,farmyard,847,83,39,44,8,13,62,0,83,0,134,54,0,890,1109,1109
22,farmyard,848,91,40,51,12,8,71,0,91,0,146,58,0,950,1180,1180
22,farmyard,849,99,45,54,10,12,77,0,99,0,156,60,0,1018,1257,1257
22,farmyard,850,106,50,56,10,10,86,0,106,0,166,63,0,1092,1343,1343
22,outside,800,3,2,1,0,0,3,0,3,0,0,0,0,0,0,0
22,outside,801,4,3,1,1,0,3,0,4,0,1,0,0,4,3,3
22,outside,802,4,3,1,0,1,3,0,4,0,1,0,0,8,6,6
22,outside,803,7,5,2,3,0,4,0,7,0,4,0,0,12,10,10
22,outside,804,7,5,2,0,3,4,0,7,0,4,0,0,18,14,14
22,outside,805,8,6,2,1,0,7,0,8,0,5,0,0,24,21,21
22,outside,806,9,7,2,2,0,7,0,9,0,7,1,0,34,28,28
22,outside,807,9,6,3,1,2,6,0,9,0,8,2,0,44,34,34
22,outside,808,11,7,4,3,0,8,0,11,0,11,3,0,52,42,42
22,outside,809,14,9,5,3,3,8,0,14,0,14,3,0,64,50,50
22,outside,810,13,9,4,0,3,10,0,13,0,14,4,0,76,60,60
22,outside,811,17,13,4,4,0,13,0,17,0,18,4,0,90,73,73
22,outside,812,18,13,5,1,4,13,0,18,0,19,4,0,108,86,86
22,outside,813,23,15,8,5,1,17,0,23,0,24,4,0,126,103,103
22,outside,814,23,15,8,1,5,17,0,23,0,25,5,0,152,120,120
22,outside,815,26,18,8,4,1,21,0,26,0,29,6,0,176,141,141
22,outside,816,28,18,10,2,4,22,0,28,0,31,6,0,202,163,163
22,outside,817,35,20,15,7,2,26,0,35,0,38,6,0,230,189,189
22,outside,818,40,24,16,6,7,27,0,40,0,44,7,0,266,216,216
22,outside,819,45,25,20,6,6,33,0,45,0,50,8,0,302,249,249
22,outside,820,49,25,24,6,6,37,0,49,0,56,10,0,342,286,286
22,outside,821,55,30,25,8,6,41,0,55,0,64,12,0,388,327,327
22,outside,822,62,33,29,7,8,47,0,62,0,71,12,0,436,374,374
22,outside,823,72,40,32,10,7,55,0,72,0,81,12,0,486,429,429
22,outside,824,75,41,34,6,10,59,0,75,0,87,15,0,546,488,488
22,outside,825,87,47,40,14,6,67,0,87,0,101,17,0,608,555,555
22,outside,826,100,50,50,13,14,73,0,100,0,114,17,0,680,628,628
22,outside,827,108,53,55,11,13,84,0,108,0,125,20,0,758,712,712
22,outside,828,113,55,58,11,11,91,0,113,0,136,26,0,848,803,803
22,outside,829,124,60,64,13,10,101,0,124,0,149,28,0,938,904,904
22,outside,830,138,69,69,18,13,107,0,138,0,167,32,0,1036,1011,1011
22,outside,831,145,70,75,10,18,117,0,145,0,177,35,0,1140,1128,1128
22,outside,832,155,76,79,14,10,131,0,155,0,191,39,0,1252,1259,1259
22,outside,833,168,80,88,19,14,135,0,168,0,210,45,0,1380,1394,1394
22,outside,834,185,89,96,22,19,144,0,185,0,232,50,0,1506,1538,1538
22,outside,835,204,96,108,25,22,157,0,204,0,257,56,0,1646,1695,1695
22,outside,836,219,106,113,22,25,172,0,219,0,279,63,0,1798,1867,1867
22,outside,837,235,117,118,26,22,187,0,235,0,305,73,0,1964,2054,2054
22,outside,838,263,133,130,31,26,206,0,263,0,336,76,0,2140,2259,2260
22,outside,839,295,148,147,37,30,228,0,295,0,373,81,0,2340,2487,2488
22,outside,840,323,161,162,37,36,250,0,323,0,410,90,0,2566,2737,2738
22,outside,841,345,174,171,38,37,270,0,345,0,448,106,0,2816,3007,3008
22,outside,842,396,203,193,54,38,304,0,396,0,502,109,0,3084,3310,3312
22,outside,843,433,218,215,50,54,329,0,433,0,552,122,0,3386,3639,3641
22,outside,844,471,242,229,53,50,368,0,471,0,605,137,0,3718,4004,4009
22,outside,845,529,261,268,68,53,408,0,529,0,673,147,0,4094,4412,4417
22,outside,846,575,282,293,63,68,444,0,575,0,736,164,0,4498,4856,4861
22,outside,847,644,321,323,83,63,498,0,644,0,819,178,0,4952,5348,5359
22,outside,848,704,358,346,81,81,542,0,704,0,900,199,0,5452,5883,5901
22,outside,849,760,385,375,81,81,598,0,760,0,981,224,0,5998,6459,6499
22,outside,850,852,434,418,115,81,656,0,852,0,1096,247,0,6604,7093,7155
23,farmyard,800,3,2,1,0,0,3,3,0,0,0,0,0,0,0,0
23,farmyard,801,3,2,1,0,0,3,3,0,0,0,0,0,8,3,3
23,farmyard,802,5,4,1,2,0,3,5,0,1,2,0,0,16,6,6
23,farmyard,803,4,3,1,0,1,3,4,0,0,2,1,0,24,9,9
23,farmyard,804,5,4,1,1,0,4,5,0,1,3,1,0,32,13,13
23,farmyard,805,5,3,2,1,1,3,5,0,1,4,2,0,44,16,16
23,farmyard,806,6,4,2,1,1,4,6,0,1,5,2,0,52,20,20
23,farmyard,807,7,4,3,1,1,5,7,0,1,6,2,0,64,25,25
23,farmyard,808,8,4,4,1,1,6,8,0,1,7,2,0,76,31,31
23,farmyard,809,7,4,3,1,1,5,7,0,1,8,4,0,92,36,36
23,farmyard,810,6,4,2,0,1,5,6,0,1,8,5,0,104,41,41
23,farmyard,811,6,4,2,0,0,6,6,0,1,8,5,0,116,47,47
23,farmyard,812,8,5,3,2,0,6,8,0,1,10,5,0,132,53,53
23,farmyard,813,7,4,3,1,1,5,7,0,1,11,7,0,148,58,58
23,farmyard,814,7,4,3,0,1,6,7,0,1,11,7,0,160,64,64
23,farmyard,815,8,5,3,1,0,7,8,0,1,12,7,0,176,71,71
23,farmyard,816,6,3,3,0,1,5,6,0,1,12,9,0,192,76,76
23,farmyard,817,7,4,3,1,0,6,7,0,1,13,9,0,200,82,82
23,farmyard,818,6,3,3,0,0,6,6,0,1,13,10,0,212,88,88
23,farmyard,819,5,2,3,0,0,5,5,0,1,13,11,0,224,93,93
23,farmyard,820,4,1,3,0,0,4,4,0,0,13,12,0,232,97,97
23,farmyard,821,3,0,3,0,0,3,3,0,0,13,13,0,236,100,100
23,farmyard,822,3,0,3,0,0,3,3,0,0,13,13,0,236,103,103
23,farmyard,823,3,0,3,0,0,3,3,0,0,13,13,0,236,106,106
23,farmyard,824,3,0,3,0,0,3,3,0,0,13,13,0,236,109,109
23,farmyard,825,2,0,2,0,0,2,2,0,0,13,14,0,236,111,111
23,farmyard,826,2,0,2,0,0,2,2,0,0,13,14,0,236,113,113
23,farmyard,827,2,0,2,0,0,2,2,0,0,13,14,0,236,115,115
23,farmyard,828,2,0,2,0,0,2,2,0,0,13,14,0,236,117,117
23,farmyard,829,1,0,1,0,0,1,1,0,0,13,15,0,236,118,118
23,farmyard,830,1,0,1,0,0,1,1,0,0,13,15,0,236,119,119
23,farmyard,831,1,0,1,0,0,1,1,0,0,13,15,0,236,120,120
23,farmyard,832,1,0,1,0,0,1,1,0,0,13,15,0,236,121,121
23,farmyard,833,1,0,1,0,0,1,1,0,0,13,15,0,236,122,122
23,farmyard,834,1,0,1,0,0,1,1,0,0,13,15,0,236,123,123
23,farmyard,835,1,0,1,0,0,1,1,0,0,13,15,0,236,124,124
23,farmyard,836,1,0,1,0,0,1,1,0,0,13,15,0,236,125,125
23,farmyard,837,1,0,1,0,0,1,1,0,0,13,15,0,236,126,126
23,farmyard,838,1,0,1,0,0,1,1,0,0,13,15,0,236,127,127
23,farmyard,839,1,0,1,0,0,1,1,0,0,13,15,0,236,128,128
23,farmyard,840,1,0,1,0,0,1,1,0,0,13,15,0,236,129,129
23,farmyard,841,1,0,1,0,0,1,1,0,0,13,15,0,236,130,130
23,farmyard,842,0,0,0,0,0,0,0,0,0,13,16,0,236,130,130
23,farmyard,843,0,0,0,0,0,0,0,0,0,13,16,0,236,130,130
23,farmyard,844,0,0,0,0,0,0,0,0,0,13,16,0,236,130,130
23,farmyard,845,0,0,0,0,0,0,0,0,0,13,16,0,236,130,130
23,farmyard,846,0,0,0,0,0,0,0,0,0,13,16,0,236,130,130
23,farmyard,847,0,0,0,0,0,0,0,0,0,13,16,0,236,130,130
23,farmyard,848,0,0,0,0,0,0,0,0,0,13,16,0,236,130,130
23,farmyard,849,0,0,0,0,0,0,0,0,0,13,16,0,236,130,130
23,farmyard,850,0,0,0,0,0,0,0,0,0,13,16,0,236,130,130
23,outside,800,3,2,1,0,0,3,0,3,0,0,0,0,0,0,0
23,outside,801,3,2,1,0,0,3,0,3,0,0,0,0,4,3,3
23,outside,802,5,4,1,2,0,3,0,5,0,2,0,0,8,6,6
23,outside,803,5,4,1,0,2,3,0,5,0,2,0,0,12,9,9
23,outside,804,6,4,2,1,0,5,0,6,0,3,0,0,16,14,14
23,outside,805,7,4,3,1,1,5,0,7,0,4,0,0,24,19,19
23,outside,806,9,5,4,2,1,6,0,9,0,6,0,0,32,25,25
23,outside,807,10,6,4,1,2,7,0,10,0,7,0,0,40,32,32
23,outside,808,12,7,5,2,1,9,0,12,0,9,0,0,48,41,41
23,outside,809,13,8,5,1,2,10,0,13,0,10,0,0,58,51,51
23,outside,810,14,9,5,2,1,11,0,14,0,12,1,0,70,62,62
23,outside,811,14,9,5,1,2,11,0,14,0,13,2,0,84,73,73
23,outside,812,16,10,6,2,1,13,0,16,0,15,2,0,98,86,86
23,outside,813,19,12,7,3,2,14,0,19,0,18,2,0,114,100,100
23,outside,814,21,13,8,2,3,16,0,21,0,20,2,0,132,116,116
23,outside,815,24,15,9,3,2,19,0,24,0,23,2,0,152,135,135
23,outside,816,25,15,10,2,3,20,0,25,0,25,3,0,176,155,155
23,outside,817,28,19,9,4,2,22,0,28,0,29,4,0,200,177,177
23,outside,818,29,18,11,3,3,23,0,29,0,32,6,0,228,200,200
23,outside,819,33,21,12,6,2,25,0,33,0,38,8,0,258,225,225
23,outside,820,31,18,13,2,6,23,0,31,0,40,12,0,294,248,248
23,outside,821,35,17,18,6,2,27,0,35,0,46,14,0,322,275,275
23,outside,822,36,18,18,3,6,27,0,36,0,49,16,0,354,302,302
23,outside,823,41,21,20,6,3,32,0,41,0,55,17,0,386,334,334
23,outside,824,45,24,21,5,6,34,0,45,0,60,18,0,416,368,368
23,outside,825,51,27,24,7,5,39,0,51,0,67,19,0,450,407,407
23,outside,826,59,31,28,8,7,44,0,59,0,75,19,0,490,451,451
23,outside,827,65,37,28,9,8,48,0,65,0,84,22,0,536,499,499
23,outside,828,74,43,31,9,9,56,0,74,0,93,22,0,586,555,555
23,outside,829,83,45,38,12,9,62,0,83,0,105,25,0,644,617,617
23,outside,830,95,52,43,13,11,71,0,95,0,118,26,0,712,688,688
23,outside,831,111,62,49,16,13,82,0,111,0,134,26,0,792,770,770
23,outside,832,122,69,53,14,16,92,0,122,0,148,29,0,882,862,862
23,outside,833,143,78,65,24,14,105,0,143,0,172,32,0,986,967,967
23,outside,834,155,84,71,16,24,115,0,155,0,188,36,0,1108,1082,1082
23,outside,835,181,96,85,28,16,137,0,181,0,216,38,0,1240,1219,1219
23,outside,836,198,98,100,25,28,145,0,198,0,241,46,0,1392,1364,1364
23,outside,837,226,109,117,32,25,169,0,226,0,273,50,0,1546,1533,1533
23,outside,838,249,120,129,25,32,192,0,249,0,298,52,0,1720,1725,1725
23,outside,839,284,138,146,39,25,220,0,284,0,337,56,0,1908,1945,1945
23,outside,840,318,152,166,37,39,242,0,318,0,374,59,0,2120,2187,2187
23,outside,841,343,166,177,37,36,270,0,343,0,411,71,0,2354,2457,2457
23,outside,842,383,185,198,49,37,297,0,383,0,460,80,0,2612,2754,2754
23,outside,843,406,198,208,41,45,320,0,406,0,501,98,0,2884,3074,3074
23,outside,844,439,209,230,45,41,353,0,439,0,546,110,0,3188,3427,3427
23,outside,845,492,233,259,63,45,384,0,492,0,609,120,0,3528,3811,3811
23,outside,846,542,261,281,59,61,422,0,542,0,668,129,0,3898,4225,4233
23,outside,847,597,292,305,69,59,469,0,597,0,737,143,0,4298,4671,4702
23,outside,848,656,325,331,77,69,510,0,656,0,814,161,0,4740,5160,5212
23,outside,849,707,353,354,73,74,560,0,707,0,887,183,0,5228,5686,5772
23,outside,850,782,382,400,92,73,617,0,782,0,979,200,0,5778,6273,6389
24,farmyard,800,3,2,1,0,0,3,3,0,0,0,0,0,0,0,0
24,farmyard,801,4,3,1,1,0,3,4,0,0,1,0,0,8,3,3
24,farmyard,802,5,3,2,1,1,3,5,0,1,2,0,0,16,6,6
24,farmyard,803,6,3,3,1,1,4,6,0,1,3,0,0,24,10,10
24,farmyard,804,6,3,3,0,1,5,6,0,1,3,0,0,36,15,15
24,farmyard,805,7,4,3,1,0,6,7,0,1,4,0,0,48,21,21
24,farmyard,806,7,5,2,1,1,5,7,0,1,5,1,0,60,26,26
24,farmyard,807,8,5,3,1,1,6,8,0,1,6,1,0,72,32,32
24,farmyard,808,10,7,3,3,0,7,10,0,1,9,2,0,88,39,39
24,farmyard,809,10,6,4,1,3,6,10,0,1,10,3,0,108,45,45
24,farmyard,810,11,7,4,1,1,9,11,0,1,11,3,0,124,54,54
24,farmyard,811,9,4,5,1,1,7,9,0,1,12,6,0,148,61,61
24,farmyard,812,8,3,5,1,1,6,8,0,1,13,8,0,160,67,67
24,farmyard,813,8,3,5,0,1,7,8,0,1,13,8,0,172,74,74
24,farmyard,814,8,3,5,0,0,8,8,0,1,13,8,0,184,82,82
24,farmyard,815,9,3,6,1,0,8,9,0,1,14,8,0,196,90,90
24,farmyard,816,8,3,5,0,1,7,8,0,1,14,9,0,208,97,97
24,farmyard,817,9,4,5,1,0,8,9,0,1,15,9,0,220,105,105
24,farmyard,818,7,3,4,0,1,6,7,0,1,15,11,0,232,111,111
24,farmyard,819,8,3,5,1,0,7,8,0,1,16,11,0,240,118,118
24,farmyard,820,9,4,5,1,1,7,9,0,1,17,11,0,252,125,125
24,farmyard,821,9,3,6,1,1,7,9,0,1,18,12,0,264,132,132
24,farmyard,822,8,1,7,1,1,6,8,0,1,19,14,0,272,138,138
24,farmyard,823,5,1,4,0,1,4,5,0,1,19,17,0,276,142,142
24,farmyard,824,5,1,4,0,0,5,5,0,1,19,17,0,280,147,147
24,farmyard,825,4,0,4,0,0,4,4,0,0,19,18,0,284,151,151
24,farmyard,826,3,0,3,0,0,3,3,0,0,19,19,0,284,154,154
24,farmyard,827,3,0,3,0,0,3,3,0,0,19,19,0,284,157,157
24,farmyard,828,3,0,3,0,0,3,3,0,0,19,19,0,284,160,160
24,farmyard,829,3,0,3,0,0,3,3,0,0,19,19,0,284,163,163
24,farmyard,830,3,0,3,0,0,3,3,0,0,19,19,0,284,166,166
24,farmyard,831,3,0,3,0,0,3,3,0,0,19,19,0,284,169,169
24,farmyard,832,3,0,3,0,0,3,3,0,0,19,19,0,284,172,172
24,farmyard,833,1,0,1,0,0,1,1,0,0,19,21,0,284,173,173
24,farmyard,834,1,0,1,0,0,1,1,0,0,19,21,0,284,174,174
24,farmyard,835,1,0,1,0,0,1,1,0,0,19,21,0,284,175,175
24,farmyard,836,0,0,0,0,0,0,0,0,0,19,22,0,284,175,175
24,farmyard,837,0,0,0,0,0,0,0,0,0,19,22,0,284,175,175
24,farmyard,838,0,0,0,0,0,0,0,0,0,19,22,0,284,175,175
24,farmyard,839,0,0,0,0,0,0,0,0,0,19,22,0,284,175,175
24,farmyard,840,0,0,0,0,0,0,0,0,0,19,22,0,284,175,175
24,farmyard,841,0,0,0,0,0,0,0,0,0,19,22,0,284,175,175
24,farmyard,842,0,0,0,0,0,0,0,0,0,19,22,0,284,175,175
24,farmyard,843,0,0,0,0,0,0,0,0,0,19,22,0,284,175,175
24,farmyard,844,0,0,0,0,0,0,0,0,0,19,22,0,284,175,175
24,farmyard,845,0,0,0,0,0,0,0,0,0,19,22,0,284,175,175
24,farmyard,846,0,0,0,0,0,0,0,0,0,19,22,0,284,175,175
24,farmyard,847,0,0,0,0,0,0,0,0,0,19,22,0,284,175,175
24,farmyard,848,0,0,0,0,0,0,0,0,0,19,22,0,284,175,175
24,farmyard,849,0,0,0,0,0,0,0,0,0,19,22,0,284,175,175
24,farmyard,850,0,0,0,0,0,0,0,0,0,19,22,0,284,175,175
24,outside,800,3,2,1,0,0,3,0,3,0,0,0,0,0,0,0
24,outside,801,4,3,1,1,0,3,0,4,0,1,0,0,4,3,3
24,outside,802,5,3,2,1,1,3,0,5,0,2,0,0,8,6,6
24,outside,803,6,3,3,1,1,4,0,6,0,3,0,0,12,10,10
24,outside,804,6,3,3,0,1,5,0,6,0,3,0,0,18,15,15
24,outside,805,7,4,3,1,0,6,0,7,0,4,0,0,24,21,21
24,outside,806,8,5,3,1,1,6,0,8,0,5,0,0,30,27,27
24,outside,807,10,5,5,2,1,7,0,10,0,7,0,0,36,34,34
24,outside,808,11,6,5,1,2,8,0,11,0,8,0,0,44,42,42
24,outside,809,14,7,7,3,1,10,0,14,0,11,0,0,54,52,52
24,outside,810,13,7,6,0,3,10,0,13,0,11,1,0,64,62,62
24,outside,811,15,8,7,2,0,13,0,15,0,13,1,0,76,75,75
24,outside,812,18,8,10,3,2,13,0,18,0,16,1,0,90,88,88
24,outside,813,19,8,11,1,3,15,0,19,0,17,1,0,104,103,103
24,outside,814,21,8,13,2,1,18,0,21,0,19,1,0,120,121,121
24,outside,815,23,9,14,2,2,19,0,23,0,21,1,0,136,140,140
24,outside,816,24,10,14,2,2,20,0,24,0,23,2,0,152,160,160
24,outside,817,25,11,14,2,2,21,0,25,0,25,3,0,166,181,181
24,outside,818,24,12,12,1,2,21,0,24,0,26,5,0,180,202,202
24,outside,819,27,12,15,5,1,21,0,27,0,31,7,0,198,223,223
24,outside,820,27,10,17,2,4,21,0,27,0,33,9,0,216,244,244
24,outside,821,29,10,19,4,2,23,0,29,0,37,11,0,234,267,267
24,outside,822,30,11,19,1,4,25,0,30,0,38,11,0,252,292,292
24,outside,823,30,10,20,3,1,26,0,30,0,41,14,0,270,318,318
24,outside,824,34,10,24,5,3,26,0,34,0,46,15,0,288,344,344
24,outside,825,36,11,25,2,5,29,0,36,0,48,15,0,306,373,373
24,outside,826,39,12,27,4,2,33,0,39,0,52,16,0,324,406,406
24,outside,827,41,13,28,3,4,34,0,41,0,55,17,0,342,440,440
24,outside,828,46,14,32,5,3,38,0,46,0,60,17,0,362,478,478
24,outside,829,44,12,32,2,4,38,0,44,0,62,21,0,386,516,516
24,outside,830,47,14,33,4,2,41,0,47,0,66,22,0,410,557,557
24,outside,831,47,15,32,2,4,41,0,47,0,68,24,0,434,598,598
24,outside,832,51,17,34,4,2,45,0,51,0,72,24,0,458,643,643
24,outside,833,52,16,36,2,4,46,0,52,0,74,25,0,486,689,689
24,outside,834,54,18,36,5,2,47,0,54,0,79,28,0,514,736,736
24,outside,835,55,18,37,2,4,49,0,55,0,81,29,0,544,785,785
24,outside,836,58,19,39,5,2,51,0,58,0,86,31,0,574,836,836
24,outside,837,60,20,40,4,5,51,0,60,0,90,33,0,606,887,887
24,outside,838,63,21,42,6,4,53,0,63,0,96,36,0,640,940,940
24,outside,839,66,22,44,4,6,56,0,66,0,100,37,0,674,996,996
24,outside,840,72,26,46,7,4,61,0,72,0,107,38,0,708,1057,1057
24,outside,841,74,28,46,7,7,60,0,74,0,114,43,0,746,1117,1117
24,outside,842,77,32,45,7,6,64,0,77,0,121,47,0,786,1181,1181
24,outside,843,81,37,44,9,7,65,0,81,0,130,52,0,836,1246,1246
24,outside,844,84,41,43,6,9,69,0,84,0,136,55,0,892,1315,1315
24,outside,845,96,50,46,14,6,76,0,96,0,150,57,0,954,1391,1391
24,outside,846,107,57,50,13,14,80,0,107,0,163,59,0,1026,1471,1471
24,outside,847,115,61,54,15,12,88,0,115,0,178,66,0,1106,1559,1559
24,outside,848,123,63,60,12,15,96,0,123,0,190,70,0,1200,1655,1655
24,outside,849,138,68,70,18,12,108,0,138,0,208,73,0,1304,1763,1763
24,outside,850,149,76,73,18,17,114,0,149,0,226,80,0,1420,1877,1877
25,farmyard,800,3,2,1,0,0,3,3,0,0,0,0,0,0,0,0
25,farmyard,801,5,2,3,2,0,3,5,0,1,2,0,0,8,3,3
25,farmyard,802,4,1,3,0,2,2,4,0,0,2,1,0,16,5,5
25,farmyard,803,5,1,4,1,0,4,5,0,1,3,1,0,20,9,9
25,farmyard,804,5,1,4,0,1,4,5,0,1,3,1,0,24,13,13
25,farmyard,805,5,1,4,0,0,5,5,0,1,3,1,0,28,18,18
25,farmyard,806,6,1,5,1,0,5,6,0,1,4,1,0,32,23,23
25,farmyard,807,6,1,5,0,1,5,6,0,1,4,1,0,36,28,28
25,farmyard,808,6,1,5,0,0,6,6,0,1,4,1,0,40,34,34
25,farmyard,809,6,2,4,1,0,5,6,0,1,5,2,0,44,39,39
25,farmyard,810,6,2,4,0,1,5,6,0,1,5,2,0,48,44,44
25,farmyard,811,4,2,2,0,0,4,4,0,0,5,4,0,52,48,48
25,farmyard,812,3,1,2,1,0,2,3,0,0,6,6,0,60,50,50
25,farmyard,813,3,1,2,0,1,2,3,0,0,6,6,0,64,52,52
25,farmyard,814,4,1,3,1,0,3,4,0,0,7,6,0,68,55,55
25,farmyard,815,4,1,3,0,1,3,4,0,0,7,6,0,72,58,58
25,farmyard,816,5,1,4,1,0,4,5,0,1,8,6,0,76,62,62
25,farmyard,817,5,1,4,0,1,4,5,0,1,8,6,0,80,66,66
25,farmyard,818,5,1,4,0,0,5,5,0,1,8,6,0,84,71,71
25,farmyard,819,5,1,4,0,0,5,5,0,1,8,6,0,88,76,76
25,farmyard,820,6,2,4,1,0,5,6,0,1,9,6,0,92,81,81
25,farmyard,821,6,2,4,0,1,5,6,0,1,9,6,0,96,86,86
25,farmyard,822,6,3,3,1,0,5,6,0,1,10,7,0,100,91,91
25,farmyard,823,6,3,3,0,1,5,6,0,1,10,7,0,108,96,96
25,farmyard,824,5,2,3,1,0,4,5,0,1,11,9,0,116,100,100
25,farmyard,825,5,2,3,0,1,4,5,0,1,11,9,0,120,104,104
25,farmyard,826,7,3,4,2,0,5,7,0,1,13,9,0,124,109,109
25,farmyard,827,6,3,3,0,1,5,6,0,1,13,10,0,132,114,114
25,farmyard,828,7,2,5,2,0,5,7,0,1,15,11,0,140,119,119
25,farmyard,829,7,2,5,0,2,5,7,0,1,15,11,0,148,124,124
25,farmyard,830,7,2,5,0,0,7,7,0,1,15,11,0,156,131,131
25,farmyard,831,7,2,5,0,0,7,7,0,1,15,11,0,164,138,138
25,farmyard,832,6,3,3,1,0,5,6,0,1,16,13,0,172,143,143
25,farmyard,833,4,2,2,0,1,3,4,0,0,16,15,0,180,146,146
25,farmyard,834,4,2,2,1,0,3,4,0,0,17,16,0,184,149,149
25,farmyard,835,4,2,2,0,1,3,4,0,0,17,16,0,192,152,152
25,farmyard,836,4,2,2,0,0,4,4,0,0,17,16,0,200,156,156
25,farmyard,837,5,2,3,1,0,4,5,0,1,18,16,0,208,160,160
25,farmyard,838,4,2,2,0,1,3,4,0,0,18,17,0,216,163,163
25,farmyard,839,5,3,2,1,0,4,5,0,1,19,17,0,224,167,167
25,farmyard,840,5,3,2,0,1,4,5,0,1,19,17,0,232,171,171
25,farmyard,841,4,3,1,0,0,4,4,0,0,19,18,0,240,175,175
25,farmyard,842,5,4,1,1,0,4,5,0,1,20,18,0,252,179,179
25,farmyard,843,5,4,1,0,1,4,0,5,0,20,18,0,264,183,183
25,farmyard,844,7,5,2,2,0,5,0,7,0,22,18,0,270,188,188
25,farmyard,845,7,5,2,0,2,5,0,7,0,22,18,0,278,193,193
25,farmyard,846,9,7,2,2,0,7,0,9,0,24,18,0,286,200,200
25,farmyard,847,10,7,3,1,2,7,0,10,0,25,18,0,296,207,207
25,farmyard,848,12,8,4,2,1,9,0,12,0,27,18,0,306,216,216
25,farmyard,849,13,8,5,2,1,10,0,13,0,29,19,0,320,226,226
25,farmyard,850,14,9,5,2,1,11,0,14,0,31,20,0,334,237,237
25,outside,800,3,2,1,0,0,3,0,3,0,0,0,0,0,0,0
25,outside,801,5,2,3,2,0,3,0,5,0,2,0,0,4,3,3
25,outside,802,5,2,3,0,2,3,0,5,0,2,0,0,8,6,6
25,outside,803,6,2,4,1,0,5,0,6,0,3,0,0,12,11,11
25,outside,804,7,3,4,1,1,5,0,7,0,4,0,0,16,16,16
25,outside,805,8,4,4,1,1,6,0,8,0,5,0,0,20,22,22
25,outside,806,10,5,5,2,1,7,0,10,0,7,0,0,24,29,29
25,outside,807,12,6,6,2,2,8,0,12,0,9,0,0,30,37,37
25,outside,808,14,8,6,2,2,10,0,14,0,11,0,0,38,47,47
25,outside,809,14,9,5,1,2,11,0,14,0,12,1,0,48,58,58
25,outside,810,16,10,6,2,1,13,0,16,0,14,1,0,60,71,71
25,outside,811,18,11,7,2,2,14,0,18,0,16,1,0,76,85,85
25,outside,812,19,12,7,1,2,16,0,19,0,17,1,0,94,101,101
25,outside,813,24,15,9,6,1,17,0,24,0,23,2,0,114,118,118
25,outside,814,27,18,9,3,6,18,0,27,0,26,2,0,134,136,136
25,outside,815,32,21,11,5,3,24,0,32,0,31,2,0,156,160,160
25,outside,816,37,23,14,5,5,27,0,37,0,36,2,0,186,187,187
25,outside,817,43,28,15,7,5,31,0,43,0,43,3,0,222,218,218
25,outside,818,47,30,17,7,7,33,0,47,0,50,6,0,262,251,251
25,outside,819,55,32,23,9,7,39,0,55,0,59,7,0,306,290,290
25,outside,820,62,32,30,8,9,45,0,62,0,67,8,0,362,335,335
25,outside,821,69,36,33,8,8,53,0,69,0,75,9,0,420,388,388
25,outside,822,72,38,34,5,7,60,0,72,0,80,11,0,480,448,448
25,outside,823,82,44,38,10,5,67,0,82,0,90,11,0,542,515,515
25,outside,824,88,45,43,10,10,68,0,88,0,100,15,0,612,583,583
25,outside,825,95,46,49,9,10,76,0,95,0,109,17,0,682,659,659
25,outside,826,108,48,60,14,9,85,0,108,0,123,18,0,760,744,744
25,outside,827,116,52,64,11,14,91,0,116,0,134,21,0,844,835,835
25,outside,828,128,61,67,12,11,105,0,128,0,146,21,0,930,940,940
25,outside,829,137,63,74,14,11,112,0,137,0,160,26,0,1022,1052,1052
25,outside,830,145,67,78,12,14,119,0,145,0,172,30,0,1118,1171,1171
25,outside,831,159,74,85,18,11,130,0,159,0,190,34,0,1228,1301,1301
25,outside,832,170,80,90,17,18,135,0,170,0,207,40,0,1350,1436,1436
25,outside,833,181,87,94,20,15,146,0,181,0,227,49,0,1476,1582,1582
25,outside,834,190,96,94,16,20,154,0,190,0,243,56,0,1608,1736,1736
25,outside,835,212,108,104,29,15,168,0,212,0,272,63,0,1752,1904,1904
25,outside,836,222,108,114,18,28,176,0,222,0,290,71,0,1918,2080,2080
25,outside,837,249,121,128,31,18,200,0,249,0,321,75,0,2094,2280,2280
25,outside,838,260,126,134,20,30,210,0,260,0,341,84,0,2292,2490,2490
25,outside,839,281,141,140,30,19,232,0,281,0,371,93,0,2492,2722,2722
25,outside,840,307,152,155,34,30,243,0,307,0,405,101,0,2718,2965,2965
25,outside,841,338,166,172,39,34,265,0,338,0,444,109,0,2954,3230,3230
25,outside,842,370,181,189,41,39,290,0,370,0,485,118,0,3218,3520,3520
25,outside,843,400,197,203,42,41,317,0,400,0,527,130,0,3506,3837,3837
25,outside,844,452,226,226,63,41,348,0,452,0,590,141,0,3818,4185,4185
25,outside,845,499,249,250,58,61,380,0,499,0,648,152,0,4158,4564,4565
25,outside,846,550,272,278,65,58,427,0,550,0,713,166,0,4536,4958,4992
25,outside,847,608,298,310,71,64,473,0,608,0,784,179,0,4972,5411,5465
25,outside,848,658,325,333,74,68,516,0,658,0,858,203,0,5448,5902,5981
25,outside,849,716,359,357,78,72,566,0,716,0,936,223,0,5958,6425,6547
25,outside,850,792,397,395,93,78,621,0,792,0,1029,240,0,6510,6991,7168
26,farmyard,800,3,2,1,0,0,3,3,0,0,0,0,0,0,0,0
26,farmyard,801,4,2,2,1,0,3,4,0,0,1,0,0,8,3,3
26,farmyard,802,4,2,2,0,1,3,4,0,0,1,0,0,16,6,6
26,farmyard,803,5,3,2,1,0,4,5,0,1,2,0,0,24,10,10
26,farmyard,804,5,3,2,0,1,4,5,0,1,2,0,0,32,14,14
26,farmyard,805,7,3,4,2,0,5,7,0,1,4,0,0,40,19,19
26,farmyard,806,7,3,4,0,2,5,7,0,1,4,0,0,52,24,24
26,farmyard,807,8,3,5,1,0,7,8,0,1,5,0,0,64,31,31
26,farmyard,808,8,3,5,0,1,7,8,0,1,5,0,0,76,38,38
26,farmyard,809,9,4,5,1,0,8,9,0,1,6,0,0,88,46,46
26,farmyard,810,9,4,5,0,1,8,9,0,1,6,0,0,100,54,54
26,farmyard,811,9,5,4,2,0,7,9,0,1,8,2,0,112,61,61
26,farmyard,812,8,4,4,0,2,6,8,0,1,8,3,0,124,67,67
26,farmyard,813,8,3,5,1,0,7,8,0,1,9,4,0,132,74,74
26,farmyard,814,8,3,5,1,1,6,8,0,1,10,5,0,144,80,80
26,farmyard,815,8,3,5,1,1,6,8,0,1,11,6,0,156,86,86
26,farmyard,816,7,2,5,0,1,6,7,0,1,11,7,0,164,92,92
26,farmyard,817,8,3,5,1,0,7,8,0,1,12,7,0,168,99,99
26,farmyard,818,7,3,4,0,1,6,7,0,1,12,8,0,176,105,105
26,farmyard,819,8,4,4,2,0,6,8,0,1,14,9,0,184,111,111
26,farmyard,820,6,3,3,0,0,6,6,0,1,14,11,0,196,117,117
26,farmyard,821,6,3,3,0,0,6,6,0,1,14,11,0,208,123,123
26,farmyard,822,7,3,4,1,0,6,7,0,1,15,11,0,220,129,129
26,farmyard,823,4,2,2,0,0,4,4,0,0,15,14,0,232,133,133
26,farmyard,824,3,2,1,0,0,3,3,0,0,15,15,0,240,136,136
26,farmyard,825,3,2,1,0,0,3,3,0,0,15,15,0,248,139,139
26,farmyard,826,2,2,0,0,0,2,2,0,0,15,16,0,256,141,141
26,farmyard,827,1,1,0,0,0,1,1,0,0,15,17,0,264,142,142
26,farmyard,828,1,1,0,0,0,1,1,0,0,15,17,0,268,143,143
26,farmyard,829,1,1,0,0,0,1,1,0,0,15,17,0,272,144,144
26,farmyard,830,1,1,0,0,0,1,1,0,0,15,17,0,276,145,145
26,farmyard,831,1,1,0,0,0,1,1,0,0,15,17,0,280,146,146
26,farmyard,832,1,1,0,0,0,1,1,0,0,15,17,0,284,147,147
26,farmyard,833,1,1,0,0,0,1,1,0,0,15,17,0,288,148,148
26,farmyard,834,1,1,0,0,0,1,1,0,0,15,17,0,292,149,149
26,farmyard,835,1,1,0,0,0,1,1,0,0,15,17,0,296,150,150
26,farmyard,836,1,1,0,0,0,1,1,0,0,15,17,0,300,151,151
26,farmyard,837,0,0,0,0,0,0,0,0,0,15,18,0,304,151,151
26,farmyard,838,0,0,0,0,0,0,0,0,0,15,18,0,304,151,151
26,farmyard,839,0,0,0,0,0,0,0,0,0,15,18,0,304,151,151
26,farmyard,840,0,0,0,0,0,0,0,0,0,15,18,0,304,151,151
26,farmyard,841,0,0,0,0,0,0,0,0,0,15,18,0,304,151,151
26,farmyard,842,0,0,0,0,0,0,0,0,0,15,18,0,304,151,151
26,farmyard,843,0,0,0,0,0,0,0,0,0,15,18,0,304,151,151
26,farmyard,844,0,0,0,0,0,0,0,0,0,15,18,0,304,151,151
26,farmyard,845,0,0,0,0,0,0,0,0,0,15,18,0,304,151,151
26,farmyard,846,0,0,0,0,0,0,0,0,0,15,18,0,304,151,151
26,farmyard,847,0,0,0,0,0,0,0,0,0,15,18,0,304,151,151
26,farmyard,848,0,0,0,0,0,0,0,0,0,15,18,0,304,151,151
26,farmyard,849,0,0,0,0,0,0,0,0,0,15,18,0,304,151,151
26,farmyard,850,0,0,0,0,0,0,0,0,0,15,18,0,304,151,151
26,outside,800,3,2,1,0,0,3,0,3,0,0,0,0,0,0,0
26,outside,801,4,2,2,1,0,3,0,4,0,1,0,0,4,3,3
26,outside,802,4,2,2,0,1,3,0,4,0,1,0,0,8,6,6
26,outside,803,5,3,2,1,0,4,0,5,0,2,0,0,12,10,10
26,outside,804,5,3,2,0,1,4,0,5,0,2,0,0,16,14,14
26,outside,805,7,3,4,2,0,5,0,7,0,4,0,0,20,19,19
26,outside,806,7,3,4,0,2,5,0,7,0,4,0,0,26,24,24
26,outside,807,8,3,5,1,0,7,0,8,0,5,0,0,32,31,31
26,outside,808,8,3,5,0,1,7,0,8,0,5,0,0,38,38,38
26,outside,809,9,4,5,1,0,8,0,9,0,6,0,0,44,46,46
26,outside,810,9,4,5,0,1,8,0,9,0,6,0,0,50,54,54
26,outside,811,10,5,5,2,0,8,0,10,0,8,1,0,56,62,62
26,outside,812,9,5,4,0,2,7,0,9,0,8,2,0,62,69,69
26,outside,813,11,6,5,2,0,9,0,11,0,10,2,0,68,78,78
26,outside,814,11,6,5,0,2,9,0,11,0,10,2,0,78,87,87
26,outside,815,12,6,6,2,0,10,0,12,0,12,3,0,88,97,97
26,outside,816,12,6,6,0,2,10,0,12,0,12,3,0,98,107,107
26,outside,817,15,6,9,3,0,12,0,15,0,15,3,0,108,119,119
26,outside,818,14,5,9,0,3,11,0,14,0,15,4,0,120,130,130
26,outside,819,15,5,10,1,0,14,0,15,0,16,4,0,130,144,144
26,outside,820,16,4,12,2,1,13,0,16,0,18,5,0,140,157,157
26,outside,821,17,5,12,1,2,14,0,17,0,19,5,0,148,171,171
26,outside,822,16,6,10,2,1,13,0,16,0,21,8,0,156,184,184
26,outside,823,15,6,9,0,2,13,0,15,0,21,9,0,162,197,197
26,outside,824,18,7,11,3,0,15,0,18,0,24,9,0,170,212,212
26,outside,825,18,7,11,0,3,15,0,18,0,24,9,0,182,227,227
26,outside,826,21,8,13,3,0,18,0,21,0,27,9,0,194,245,245
26,outside,827,23,9,14,2,3,18,0,23,0,29,9,0,208,263,263
26,outside,828,24,9,15,1,2,21,0,24,0,30,9,0,222,284,284
26,outside,829,24,10,14,1,1,22,0,24,0,31,10,0,238,306,306
26,outside,830,27,10,17,3,1,23,0,27,0,34,10,0,256,329,329
26,outside,831,28,11,17,3,3,22,0,28,0,37,12,0,274,351,351
26,outside,832,28,12,16,2,3,23,0,28,0,39,14,0,292,374,374
26,outside,833,30,15,15,3,2,25,0,30,0,42,15,0,308,399,399
26,outside,834,33,17,16,3,3,27,0,33,0,45,15,0,328,426,426
26,outside,835,35,18,17,4,3,28,0,35,0,49,17,0,352,454,454
26,outside,836,37,17,20,4,4,29,0,37,0,53,19,0,380,483,483
26,outside,837,40,18,22,3,4,33,0,40,0,56,19,0,408,516,516
26,outside,838,42,20,22,5,3,34,0,42,0,61,22,0,440,550,550
26,outside,839,47,23,24,7,4,36,0,47,0,68,24,0,472,586,586
26,outside,840,53,26,27,6,7,40,0,53,0,74,24,0,506,626,626
26,outside,841,58,29,29,6,6,46,0,58,0,80,25,0,546,672,672
26,outside,842,63,30,33,8,6,49,0,63,0,88,28,0,592,721,721
26,outside,843,72,37,35,11,8,53,0,72,0,99,30,0,640,774,774
26,outside,844,75,38,37,5,11,59,0,75,0,104,32,0,692,833,833
26,outside,845,85,46,39,13,5,67,0,85,0,117,35,0,746,900,900
26,outside,846,96,52,44,12,13,71,0,96,0,129,36,0,816,971,971
26,outside,847,108,56,52,13,12,83,0,108,0,142,37,0,892,1054,1054
26,outside,848,120,63,57,13,13,94,0,120,0,155,38,0,984,1148,1148
26,outside,849,131,70,61,14,12,105,0,131,0,169,41,0,1088,1253,1253
26,outside,850,144,77,67,14,14,116,0,144,0,183,42,0,1198,1369,1369
27,farmyard,800,3,2,1,0,0,3,3,0,0,0,0,0,0,0,0
27,farmyard,801,5,4,1,2,0,3,5,0,1,2,0,0,8,3,3
27,farmyard,802,5,4,1,0,2,3,5,0,1,2,0,0,16,6,6
27,farmyard,803,7,5,2,2,0,5,7,0,1,4,0,0,24,11,11
27,farmyard,804,6,4,2,0,2,4,6,0,1,4,1,0,40,15,15
27,farmyard,805,7,5,2,2,0,5,7,0,1,6,2,0,52,20,20
27,farmyard,806,7,4,3,1,2,4,7,0,1,7,3,0,68,24,24
27,farmyard,807,9,6,3,2,1,6,9,0,1,9,3,0,80,30,30
27,farmyard,808,8,5,3,0,2,6,8,0,1,9,4,0,96,36,36
27,farmyard,809,10,6,4,2,0,8,10,0,1,11,4,0,108,44,44
27,farmyard,810,8,5,3,0,2,6,0,8,0,11,6,0,128,50,50
27,farmyard,811,9,5,4,1,0,8,0,9,0,12,6,0,136,58,58
27,farmyard,812,10,6,4,1,1,8,0,10,0,13,6,0,146,66,66
27,farmyard,813,12,6,6,2,1,9,0,12,0,15,6,0,156,75,75
27,farmyard,814,14,5,9,3,2,9,0,14,0,18,7,0,166,84,84
27,farmyard,815,15,5,10,1,3,11,0,15,0,19,7,0,176,95,95
27,farmyard,816,16,5,11,1,1,14,0,16,0,20,7,0,186,109,109
27,farmyard,817,16,5,11,0,1,15,0,16,0,20,7,0,196,124,124
27,farmyard,818,16,5,11,1,0,15,0,16,0,21,8,0,206,139,139
27,farmyard,819,19,7,12,3,1,15,0,19,0,24,8,0,216,154,154
27,farmyard,820,18,6,12,0,3,15,0,18,0,24,9,0,226,169,169
27,farmyard,821,19,6,13,2,0,17,0,19,0,26,10,0,234,186,186
27,farmyard,822,21,7,14,2,2,17,0,21,0,28,10,0,246,203,203
27,farmyard,823,22,7,15,1,2,19,0,22,0,29,10,0,258,222,222
27,farmyard,824,23,8,15,2,1,20,0,23,0,31,11,0,270,242,242
27,farmyard,825,22,7,15,0,2,20,0,22,0,31,12,0,282,262,262
27,farmyard,826,25,9,16,3,0,22,0,25,0,34,12,0,292,284,284
27,farmyard,827,22,8,14,0,3,19,0,22,0,34,15,0,306,303,303
27,farmyard,828,23,10,13,4,0,19,0,23,0,38,18,0,318,322,322
27,farmyard,829,25,10,15,3,4,18,0,25,0,41,19,0,334,340,340
27,farmyard,830,26,11,15,2,3,21,0,26,0,43,20,0,348,361,361
27,farmyard,831,27,10,17,3,2,22,0,27,0,46,22,0,366,383,383
27,farmyard,832,27,10,17,1,3,23,0,27,0,47,23,0,384,406,406
27,farmyard,833,30,11,19,4,1,25,0,30,0,51,24,0,404,431,431
27,farmyard,834,31,12,19,2,4,25,0,31,0,53,25,0,424,456,456
27,farmyard,835,32,13,19,3,2,27,0,32,0,56,27,0,444,483,483
27,farmyard,836,34,15,19,2,3,29,0,34,0,58,27,0,466,512,512
27,farmyard,837,37,16,21,4,2,31,0,37,0,62,28,0,490,543,543
27,farmyard,838,38,17,21,3,3,32,0,38,0,65,30,0,516,575,575
27,farmyard,839,39,19,20,3,3,33,0,39,0,68,32,0,546,608,608
27,farmyard,840,43,24,19,6,3,34,0,43,0,74,34,0,576,642,642
27,farmyard,841,45,25,20,4,6,35,0,45,0,78,36,0,610,677,677
27,farmyard,842,48,26,22,6,3,39,0,48,0,84,39,0,648,716,716
27,farmyard,843,50,27,23,3,6,41,0,50,0,87,40,0,692,757,757
27,farmyard,844,58,35,23,9,3,46,0,58,0,96,41,0,736,803,803
27,farmyard,845,60,35,25,3,9,48,0,60,0,99,42,0,786,851,851
27,farmyard,846,69,39,30,11,3,55,0,69,0,110,44,0,838,906,906
27,farmyard,847,78,44,34,10,11,57,0,78,0,120,45,0,902,963,963
27,farmyard,848,91,55,36,15,10,66,0,91,0,135,47,0,968,1029,1029
27,farmyard,849,97,57,40,9,15,73,0,97,0,144,50,0,1044,1102,1102
27,farmyard,850,114,67,47,19,9,86,0,114,0,163,52,0,1126,1188,1188
27,outside,800,3,2,1,0,0,3,0,3,0,0,0,0,0,0,0
27,outside,801,5,4,1,2,0,3,0,5,0,2,0,0,4,3,3
27,outside,802,5,4,1,0,2,3,0,5,0,2,0,0,8,6,6
27,outside,803,7,5,2,2,0,5,0,7,0,4,0,0,12,11,11
27,outside,804,7,5,2,0,2,5,0,7,0,4,0,0,20,16,16
27,outside,805,10,7,3,3,0,7,0,10,0,7,0,0,28,23,23
27,outside,806,11,8,3,1,3,7,0,11,0,8,0,0,38,30,30
27,outside,807,13,9,4,2,1,10,0,13,0,10,0,0,48,40,40
27,outside,808,15,11,4,2,2,11,0,15,0,12,0,0,62,51,51
27,outside,809,18,13,5,5,2,11,0,18,0,17,2,0,78,62,62
27,outside,810,19,14,5,2,5,12,0,19,0,19,3,0,94,74,74
27,outside,811,22,14,8,4,2,16,0,22,0,23,4,0,112,90,90
27,outside,812,28,19,9,6,4,18,0,28,0,29,4,0,134,108,108
27,outside,813,31,20,11,3,6,22,0,31,0,32,4,0,160,130,130
27,outside,814,38,23,15,8,3,27,0,38,0,40,5,0,188,157,157
27,outside,815,42,24,18,4,8,30,0,42,0,44,5,0,224,187,187
27,outside,816,49,26,23,8,4,37,0,49,0,52,6,0,262,224,224
27,outside,817,53,30,23,5,8,40,0,53,0,57,7,0,308,264,264
27,outside,818,59,32,27,7,5,47,0,59,0,64,8,0,356,311,311
27,outside,819,69,39,30,11,7,51,0,69,0,75,9,0,406,362,362
27,outside,820,75,43,32,7,10,58,0,75,0,82,10,0,464,420,420
27,outside,821,92,54,38,17,7,68,0,92,0,99,10,0,528,488,488
27,outside,822,99,57,42,11,16,72,0,99,0,110,14,0,606,560,560
27,outside,823,106,58,48,10,11,85,0,106,0,120,17,0,686,645,645
27,outside,824,124,67,57,18,10,96,0,124,0,138,17,0,784,741,741
27,outside,825,135,74,61,15,17,103,0,135,0,153,21,0,894,844,844
27,outside,826,142,77,65,14,15,113,0,142,0,167,28,0,1006,957,957
27,outside,827,150,80,70,16,13,121,0,150,0,183,36,0,1130,1078,1078
27,outside,828,165,89,76,21,16,128,0,165,0,204,42,0,1262,1206,1206
27,outside,829,183,100,83,21,20,142,0,183,0,225,45,0,1396,1348,1348
27,outside,830,208,114,94,29,21,158,0,208,0,254,49,0,1544,1506,1506
27,outside,831,228,121,107,25,29,174,0,228,0,279,54,0,1716,1680,1680
27,outside,832,257,140,117,38,25,194,0,257,0,317,63,0,1904,1874,1874
27,outside,833,275,152,123,23,38,214,0,275,0,340,68,0,2116,2088,2088
27,outside,834,307,161,146,44,22,241,0,307,0,384,80,0,2346,2329,2329
27,outside,835,344,172,172,39,44,261,0,344,0,423,82,0,2614,2590,2590
27,outside,836,378,193,185,43,39,296,0,378,0,466,91,0,2906,2886,2886
27,outside,837,417,212,205,50,42,325,0,417,0,516,102,0,3218,3211,3211
27,outside,838,453,233,220,44,49,360,0,453,0,560,110,0,3544,3571,3571
27,outside,839,504,251,253,64,44,396,0,504,0,624,123,0,3916,3967,3967
27,outside,840,540,263,277,58,63,419,0,540,0,682,145,0,4318,4386,4386
27,outside,841,593,284,309,69,58,466,0,593,0,751,161,0,4740,4852,4852
27,outside,842,636,300,336,69,69,498,0,636,0,820,187,0,5198,5350,5350
27,outside,843,704,335,369,75,68,561,0,704,0,895,194,0,5676,5911,5911
27,outside,844,776,375,401,84,75,617,0,776,0,979,206,0,6204,6528,6528
27,outside,845,839,411,428,95,80,664,0,839,0,1074,238,0,6784,7192,7192
27,outside,846,918,451,467,102,94,722,0,918,0,1176,261,0,7414,7886,7914
27,outside,847,1013,502,511,120,98,795,0,1013,0,1296,286,0,8108,8646,8709
27,outside,848,1115,551,564,128,117,870,0,1115,0,1424,312,0,8882,9482,9579
27,outside,849,1237,618,619,152,124,961,0,1237,0,1576,342,0,9726,10391,10540
27,outside,850,1366,697,669,162,149,1055,0,1366,0,1738,375,0,10674,11402,11595
28,farmyard,800,3,2,1,0,0,3,3,0,0,0,0,0,0,0,0
28,farmyard,801,5,3,2,2,0,3,5,0,1,2,0,0,8,3,3
28,farmyard,802,5,3,2,0,2,3,5,0,1,2,0,0,16,6,6
28,farmyard,803,6,3,3,1,0,5,6,0,1,3,0,0,24,11,11
28,farmyard,804,6,3,3,1,1,4,6,0,1,4,1,0,36,15,15
28,farmyard,805,5,3,2,0,1,4,5,0,1,4,2,0,44,19,19
28,farmyard,806,7,4,3,2,0,5,7,0,1,6,2,0,52,24,24
28,farmyard,807,8,5,3,1,2,5,8,0,1,7,2,0,64,29,29
28,farmyard,808,10,7,3,2,1,7,10,0,1,9,2,0,76,36,36
28,farmyard,809,11,7,4,1,2,8,11,0,1,10,2,0,92,44,44
28,farmyard,810,11,7,4,2,1,8,11,0,1,12,4,0,112,52,52
28,farmyard,811,10,7,3,0,2,8,10,0,1,12,5,0,132,60,60
28,farmyard,812,10,7,3,3,0,7,10,0,1,15,8,0,152,67,67
28,farmyard,813,9,6,3,0,2,7,9,0,1,15,9,0,172,74,74
28,farmyard,814,10,6,4,4,0,6,10,0,1,19,12,0,192,80,80
28,farmyard,815,7,4,3,0,3,4,7,0,1,19,15,0,208,84,84
28,farmyard,816,8,4,4,2,0,6,8,0,1,21,16,0,216,90,90
28,farmyard,817,6,2,4,0,1,5,6,0,1,21,18,0,228,95,95
28,farmyard,818,7,2,5,1,0,6,7,0,1,22,18,0,236,101,101
28,farmyard,819,7,2,5,0,1,6,7,0,1,22,18,0,244,107,107
28,farmyard,820,9,4,5,2,0,7,9,0,1,24,18,0,252,114,114
28,farmyard,821,7,3,4,0,1,6,7,0,1,24,20,0,260,120,120
28,farmyard,822,8,3,5,1,0,7,8,0,1,25,20,0,268,127,127
28,farmyard,823,7,2,5,0,1,6,7,0,1,25,21,0,280,133,133
28,farmyard,824,8,3,5,1,0,7,8,0,1,26,21,0,288,140,140
28,farmyard,825,8,3,5,1,1,6,8,0,1,27,22,0,296,146,146
28,farmyard,826,8,3,5,0,1,7,8,0,1,27,22,0,304,153,153
28,farmyard,827,9,3,6,2,0,7,9,0,1,29,23,0,316,160,160
28,farmyard,828,7,2,5,0,1,6,7,0,1,29,25,0,328,166,166
28,farmyard,829,6,3,3,1,0,5,6,0,1,30,27,0,336,171,171
28,farmyard,830,6,3,3,0,1,5,6,0,1,30,27,0,344,176,176
28,farmyard,831,8,4,4,2,0,6,8,0,1,32,27,0,352,182,182
28,farmyard,832,9,4,5,1,2,6,9,0,1,33,27,0,364,188,188
28,farmyard,833,10,6,4,2,1,7,10,0,1,35,28,0,376,195,195
28,farmyard,834,11,7,4,1,2,8,11,0,1,36,28,0,392,203,203
28,farmyard,835,11,6,5,2,0,9,11,0,1,38,30,0,408,212,212
28,farmyard,836,11,5,6,2,1,8,11,0,1,40,32,0,428,220,220
28,farmyard,837,7,5,2,0,1,6,7,0,1,40,36,0,444,226,226
28,farmyard,838,7,5,2,1,0,6,7,0,1,41,37,0,460,232,232
28,farmyard,839,6,4,2,1,1,4,6,0,1,42,39,0,476,236,236
28,farmyard,840,7,5,2,1,1,5,0,7,0,43,39,0,484,241,241
28,farmyard,841,10,6,4,3,1,6,0,10,0,46,39,0,490,247,247
28,farmyard,842,10,7,3,1,3,6,0,10,0,47,40,0,498,253,253
28,farmyard,843,13,8,5,3,1,9,0,13,0,50,40,0,508,262,262
28,farmyard,844,15,10,5,2,3,10,0,15,0,52,40,0,520,272,272
28,farmyard,845,19,12,7,4,2,13,0,19,0,56,40,0,534,285,285
28,farmyard,846,21,14,7,2,4,15,0,21,0,58,40,0,550,300,300
28,farmyard,847,29,20,9,8,2,19,0,29,0,66,40,0,570,319,319
28,farmyard,848,29,20,9,2,8,19,0,29,0,68,42,0,594,338,338
28,farmyard,849,37,22,15,8,2,27,0,37,0,76,42,0,618,365,365
28,farmyard,850,40,25,15,4,8,28,0,40,0,80,43,0,654,393,393
28,outside,800,3,2,1,0,0,3,0,3,0,0,0,0,0,0,0
28,outside,801,5,3,2,2,0,3,0,5,0,2,0,0,4,3,3
28,outside,802,5,3,2,0,2,3,0,5,0,2,0,0,8,6,6
28,outside,803,6,3,3,1,0,5,0,6,0,3,0,0,12,11,11
28,outside,804,7,4,3,1,1,5,0,7,0,4,0,0,18,16,16
28,outside,805,7,4,3,0,1,6,0,7,0,4,0,0,24,22,22
28,outside,806,10,6,4,3,0,7,0,10,0,7,0,0,30,29,29
28,outside,807,9,5,4,0,3,6,0,9,0,7,1,0,38,35,35
28,outside,808,11,6,5,2,0,9,0,11,0,9,1,0,44,44,44
28,outside,809,13,7,6,2,2,9,0,13,0,11,1,0,54,53,53
28,outside,810,16,9,7,3,2,11,0,16,0,14,1,0,64,64,64
28,outside,811,17,11,6,2,3,12,0,17,0,16,2,0,76,76,76
28,outside,812,20,14,6,5,1,14,0,20,0,21,4,0,90,90,90
28,outside,813,23,15,8,3,5,15,0,23,0,24,4,0,108,105,105
28,outside,814,29,16,13,7,3,19,0,29,0,31,5,0,128,124,124
28,outside,815,32,17,15,3,7,22,0,32,0,34,5,0,154,146,146
28,outside,816,36,20,16,5,3,28,0,36,0,39,6,0,182,174,174
28,outside,817,41,23,18,6,5,30,0,41,0,45,7,0,214,204,204
28,outside,818,46,24,22,6,6,34,0,46,0,51,8,0,248,238,238
28,outside,819,45,24,21,2,6,37,0,45,0,53,11,0,286,275,275
28,outside,820,54,28,26,9,2,43,0,54,0,62,11,0,326,318,318
28,outside,821,52,26,26,1,9,42,0,52,0,63,14,0,370,360,360
28,outside,822,62,31,31,10,1,51,0,62,0,73,14,0,412,411,411
28,outside,823,67,34,33,5,10,52,0,67,0,78,14,0,462,463,463
28,outside,824,70,37,33,7,5,58,0,70,0,85,18,0,514,521,521
28,outside,825,76,41,35,9,7,60,0,76,0,94,21,0,572,581,581
28,outside,826,86,45,41,13,9,64,0,86,0,107,24,0,634,645,645
28,outside,827,95,49,46,11,13,71,0,95,0,118,26,0,702,716,716
28,outside,828,108,55,53,16,11,81,0,108,0,134,29,0,776,797,797
28,outside,829,113,59,54,11,15,87,0,113,0,145,35,0,856,884,884
28,outside,830,124,68,56,14,11,99,0,124,0,159,38,0,944,983,983
28,outside,831,146,79,67,25,14,107,0,146,0,184,41,0,1046,1090,1090
28,outside,832,158,85,73,15,24,119,0,158,0,199,44,0,1158,1209,1209
28,outside,833,175,92,83,24,15,136,0,175,0,223,51,0,1290,1345,1345
28,outside,834,189,99,90,20,23,146,0,189,0,243,57,0,1440,1491,1491
28,outside,835,216,117,99,29,20,167,0,216,0,272,59,0,1596,1658,1658
28,outside,836,235,127,108,27,28,180,0,235,0,299,67,0,1772,1838,1838
28,outside,837,262,143,119,31,27,204,0,262,0,330,71,0,1960,2042,2042
28,outside,838,300,161,139,43,31,226,0,300,0,373,76,0,2180,2268,2268
28,outside,839,336,173,163,44,43,249,0,336,0,417,84,0,2426,2517,2517
28,outside,840,378,189,189,51,44,283,0,378,0,468,93,0,2700,2800,2800
28,outside,841,415,213,202,48,50,317,0,415,0,516,104,0,3002,3117,3117
28,outside,842,461,238,223,60,48,353,0,461,0,576,118,0,3330,3470,3470
28,outside,843,512,263,249,64,58,390,0,512,0,640,131,0,3686,3860,3860
28,outside,844,558,294,264,59,63,436,0,558,0,699,144,0,4082,4296,4296
28,outside,845,617,322,295,74,57,486,0,617,0,773,159,0,4536,4782,4782
28,outside,846,682,342,340,85,72,525,0,682,0,858,179,0,5042,5307,5307
28,outside,847,742,377,365,83,84,575,0,742,0,941,202,0,5592,5882,5882
28,outside,848,816,410,406,96,81,639,0,816,0,1037,224,0,6184,6521,6521
28,outside,849,897,445,452,103,92,702,0,897,0,1140,246,0,6824,7223,7223
28,outside,850,992,480,512,122,100,770,0,992,0,1262,273,0,7540,7980,7993
29,farmyard,800,3,2,1,0,0,3,3,0,0,0,0,0,0,0,0
29,farmyard,801,5,4,1,2,0,3,5,0,1,2,0,0,8,3,3
29,farmyard,802,4,3,1,0,1,3,4,0,0,2,1,0,16,6,6
29,farmyard,803,6,3,3,2,0,4,6,0,1,4,1,0,24,10,10
29,farmyard,804,6,3,3,0,2,4,6,0,1,4,1,0,36,14,14
29,farmyard,805,8,3,5,2,0,6,8,0,1,6,1,0,48,20,20
29,farmyard,806,7,3,4,0,1,6,7,0,1,6,2,0,60,26,26
29,farmyard,807,8,3,5,1,0,7,8,0,1,7,2,0,72,33,33
29,farmyard,808,7,2,5,0,1,6,7,0,1,7,3,0,84,39,39
29,farmyard,809,9,4,5,2,0,7,9,0,1,9,3,0,92,46,46
29,farmyard,810,6,2,4,0,1,5,6,0,1,9,6,0,100,51,51
29,farmyard,811,7,3,4,1,0,6,7,0,1,10,6,0,104,57,57
29,farmyard,812,5,3,2,0,1,4,5,0,1,10,8,0,112,61,61
29,farmyard,813,6,4,2,2,0,4,6,0,1,12,9,0,120,65,65
29,farmyard,814,6,4,2,0,2,4,6,0,1,12,9,0,132,69,69
29,farmyard,815,5,3,2,0,0,5,5,0,1,12,10,0,144,74,74
29,farmyard,816,5,3,2,0,0,5,5,0,1,12,10,0,156,79,79
29,farmyard,817,5,3,2,0,0,5,5,0,1,12,10,0,168,84,84
29,farmyard,818,5,3,2,0,0,5,5,0,1,12,10,0,180,89,89
29,farmyard,819,5,3,2,0,0,5,5,0,1,12,10,0,192,94,94
29,farmyard,820,5,3,2,0,0,5,5,0,1,12,10,0,204,99,99
29,farmyard,821,6,4,2,1,0,5,6,0,1,13,10,0,216,104,104
29,farmyard,822,5,4,1,0,1,4,5,0,1,13,11,0,228,108,108
29,farmyard,823,7,6,1,2,0,5,7,0,1,15,11,0,240,113,113
29,farmyard,824,8,7,1,1,2,5,8,0,1,16,11,0,256,118,118
29,farmyard,825,4,4,0,0,0,4,4,0,0,16,15,0,272,122,122
29,farmyard,826,4,4,0,0,0,4,4,0,0,16,15,0,288,126,126
29,farmyard,827,4,4,0,0,0,4,4,0,0,16,15,0,304,130,130
29,farmyard,828,4,4,0,0,0,4,4,0,0,16,15,0,320,134,134
29,farmyard,829,4,4,0,0,0,4,4,0,0,16,15,0,336,138,138
29,farmyard,830,4,4,0,0,0,4,4,0,0,16,15,0,352,142,142
29,farmyard,831,4,4,0,0,0,4,4,0,0,16,15,0,368,146,146
29,farmyard,832,4,4,0,0,0,4,4,0,0,16,15,0,384,150,150
29,farmyard,833,4,4,0,0,0,4,4,0,0,16,15,0,400,154,154
29,farmyard,834,4,4,0,0,0,4,4,0,0,16,15,0,416,158,158
29,farmyard,835,3,3,0,0,0,3,3,0,0,16,16,0,432,161,161
29,farmyard,836,3,3,0,0,0,3,3,0,0,16,16,0,444,164,164
29,farmyard,837,3,3,0,0,0,3,3,0,0,16,16,0,456,167,167
29,farmyard,838,1,1,0,0,0,1,1,0,0,16,18,0,468,168,168
29,farmyard,839,0,0,0,0,0,0,0,0,0,16,19,0,472,168,168
29,farmyard,840,0,0,0,0,0,0,0,0,0,16,19,0,472,168,168
29,farmyard,841,0,0,0,0,0,0,0,0,0,16,19,0,472,168,168
29,farmyard,842,0,0,0,0,0,0,0,0,0,16,19,0,472,168,168
29,farmyard,843,0,0,0,0,0,0,0,0,0,16,19,0,472,168,168
29,farmyard,844,0,0,0,0,0,0,0,0,0,16,19,0,472,168,168
29,farmyard,845,0,0,0,0,0,0,0,0,0,16,19,0,472,168,168
29,farmyard,846,0,0,0,0,0,0,0,0,0,16,19,0,472,168,168
29,farmyard,847,0,0,0,0,0,0,0,0,0,16,19,0,472,168,168
29,farmyard,848,0,0,0,0,0,0,0,0,0,16,19,0,472,168,168
29,farmyard,849,0,0,0,0,0,0,0,0,0,16,19,0,472,168,168
29,farmyard,850,0,0,0,0,0,0,0,0,0,16,19,0,472,168,168
29,outside,800,3,2,1,0,0,3,0,3,0,0,0,0,0,0,0
29,outside,801,5,4,1,2,0,3,0,5,0,2,0,0,4,3,3
29,outside,802,5,4,1,0,2,3,0,5,0,2,0,0,8,6,6
29,outside,803,7,6,1,2,0,5,0,7,0,4,0,0,12,11,11
29,outside,804,8,6,2,1,2,5,0,8,0,5,0,0,20,16,16
29,outside,805,12,8,4,4,1,7,0,12,0,9,0,0,28,23,23
29,outside,806,12,8,4,0,4,8,0,12,0,9,0,0,40,31,31
29,outside,807,16,10,6,4,0,12,0,16,0,13,0,0,52,43,43
29,outside,808,17,11,6,1,4,12,0,17,0,14,0,0,68,55,55
29,outside,809,21,12,9,4,1,16,0,21,0,18,0,0,84,71,71
29,outside,810,26,16,10,6,3,17,0,26,0,24,1,0,104,88,88
29,outside,811,28,17,11,2,6,20,0,28,0,26,1,0,126,108,108
29,outside,812,30,19,11,3,2,25,0,30,0,29,2,0,150,133,133
29,outside,813,35,21,14,5,3,27,0,35,0,34,2,0,182,160,160
29,outside,814,40,22,18,5,5,30,0,40,0,39,2,0,216,190,190
29,outside,815,44,25,19,5,5,34,0,44,0,44,3,0,254,224,224
29,outside,816,49,31,18,8,5,36,0,49,0,52,6,0,294,260,260
29,outside,817,59,37,22,10,8,41,0,59,0,62,6,0,334,301,301
29,outside,818,68,42,26,10,10,48,0,68,0,72,7,0,382,349,349
29,outside,819,74,46,28,7,10,57,0,74,0,79,8,0,444,406,406
29,outside,820,84,50,34,14,7,63,0,84,0,93,12,0,518,469,469
29,outside,821,95,55,40,12,14,69,0,95,0,105,13,0,594,538,538
29,outside,822,114,64,50,20,11,83,0,114,0,125,14,0,676,621,621
29,outside,823,126,68,58,16,20,90,0,126,0,141,18,0,774,711,711
29,outside,824,147,78,69,23,16,108,0,147,0,164,20,0,876,819,819
29,outside,825,164,83,81,18,23,123,0,164,0,182,21,0,994,942,942
29,outside,826,184,90,94,24,17,143,0,184,0,206,25,0,1124,1085,1085
29,outside,827,210,104,106,28,24,158,0,210,0,234,27,0,1274,1243,1243
29,outside,828,226,112,114,23,28,175,0,226,0,257,34,0,1432,1418,1418
29,outside,829,251,126,125,32,23,196,0,251,0,289,41,0,1600,1614,1614
29,outside,830,281,138,143,36,31,214,0,281,0,325,47,0,1790,1828,1828
29,outside,831,307,151,156,33,36,238,0,307,0,358,54,0,1996,2066,2066
29,outside,832,338,163,175,42,33,263,0,338,0,400,65,0,2232,2329,2329
29,outside,833,370,177,193,41,41,288,0,370,0,441,74,0,2490,2615,2617
29,outside,834,413,202,211,46,41,326,0,413,0,487,77,0,2774,2925,2943
29,outside,835,458,220,238,51,46,361,0,458,0,538,83,0,3090,3265,3304
29,outside,836,495,234,261,47,51,397,0,495,0,585,93,0,3430,3630,3701
29,outside,837,539,260,279,59,46,434,0,539,0,644,108,0,3814,4040,4135
29,outside,838,585,288,297,61,59,465,0,585,0,705,123,0,4230,4481,4600
29,outside,839,652,317,335,80,61,511,0,652,0,785,136,0,4668,4944,5111
29,outside,840,699,325,374,75,80,544,0,699,0,860,164,0,5158,5457,5655
29,outside,841,762,354,408,78,75,609,0,762,0,938,179,0,5682,6004,6264
29,outside,842,833,392,441,95,76,662,0,833,0,1033,203,0,6266,6611,6926
29,outside,843,903,430,473,97,93,713,0,903,0,1130,230,0,6874,7241,7639
29,outside,844,978,472,506,100,96,782,0,978,0,1230,255,0,7528,7918,8421
29,outside,845,1077,536,541,131,98,848,0,1077,0,1361,287,0,8264,8677,9269
29,outside,846,1148,572,576,104,129,915,0,1148,0,1465,320,0,9078,9514,10184
29,outside,847,1283,638,645,162,102,1019,0,1283,0,1627,347,0,9966,10426,11203
29,outside,848,1380,683,697,138,159,1083,0,1380,0,1765,388,0,10980,11464,12286
29,outside,849,1506,738,768,191,133,1182,0,1506,0,1956,453,0,12060,12567,13468
29,outside,850,1649,807,842,188,183,1278,0,1649,0,2144,498,0,13240,13767,14746
30,farmyard,800,3,2,1,0,0,3,3,0,0,0,0,0,0,0,0
30,farmyard,801,3,2,1,0,0,3,3,0,0,0,0,0,8,3,3
30,farmyard,802,4,3,1,1,0,3,4,0,0,1,0,0,16,6,6
30,farmyard,803,4,3,1,0,1,3,4,0,0,1,0,0,24,9,9
30,farmyard,804,7,3,4,3,0,4,7,0,1,4,0,0,32,13,13
30,farmyard,805,7,3,4,0,3,4,7,0,1,4,0,0,44,17,17
30,farmyard,806,8,3,5,1,0,7,8,0,1,5,0,0,56,24,24
30,farmyard,807,5,3,2,1,1,3,5,0,1,6,4,0,68,27,27
30,farmyard,808,5,3,2,0,1,4,5,0,1,6,4,0,76,31,31
30,farmyard,809,5,3,2,0,0,5,5,0,1,6,4,0,84,36,36
30,farmyard,810,6,3,3,1,0,5,6,0,1,7,4,0,96,41,41
30,farmyard,811,6,3,3,0,1,5,6,0,1,7,4,0,108,46,46
30,farmyard,812,8,4,4,2,0,6,8,0,1,9,4,0,120,52,52
30,farmyard,813,8,4,4,0,2,6,8,0,1,9,4,0,132,58,58
30,farmyard,814,10,5,5,2,0,8,10,0,1,11,4,0,144,66,66
30,farmyard,815,10,5,5,1,2,7,10,0,1,12,5,0,160,73,73
30,farmyard,816,11,6,5,1,1,9,11,0,1,13,5,0,172,82,82
30,farmyard,817,9,4,5,0,1,8,9,0,1,13,7,0,188,90,90
30,farmyard,818,10,4,6,3,0,7,10,0,1,16,9,0,200,97,97
30,farmyard,819,8,3,5,0,2,6,8,0,1,16,11,0,216,103,103
30,farmyard,820,9,3,6,1,0,8,9,0,1,17,11,0,228,111,111
30,farmyard,821,10,3,7,1,1,8,10,0,1,18,11,0,240,119,119
30,farmyard,822,9,2,7,1,0,8,9,0,1,19,13,0,252,127,127
30,farmyard,823,7,1,6,0,1,6,7,0,1,19,15,0,260,133,133
30,farmyard,824,7,1,6,0,0,7,7,0,1,19,15,0,264,140,140
30,farmyard,825,6,1,5,0,0,6,6,0,1,19,16,0,268,146,146
30,farmyard,826,6,1,5,0,0,6,6,0,1,19,16,0,272,152,152
30,farmyard,827,6,1,5,0,0,6,6,0,1,19,16,0,276,158,158
30,farmyard,828,6,1,5,0,0,6,6,0,1,19,16,0,280,164,164
30,farmyard,829,6,1,5,0,0,6,6,0,1,19,16,0,284,170,170
30,farmyard,830,4,1,3,0,0,4,4,0,0,19,18,0,288,174,174
30,farmyard,831,4,1,3,0,0,4,4,0,0,19,18,0,292,178,178
30,farmyard,832,4,1,3,0,0,4,4,0,0,19,18,0,296,182,182
30,farmyard,833,3,0,3,0,0,3,3,0,0,19,19,0,300,185,185
30,farmyard,834,3,0,3,0,0,3,3,0,0,19,19,0,300,188,188
30,farmyard,835,2,0,2,0,0,2,2,0,0,19,20,0,300,190,190
30,farmyard,836,2,0,2,0,0,2,2,0,0,19,20,0,300,192,192
30,farmyard,837,2,0,2,0,0,2,2,0,0,19,20,0,300,194,194
30,farmyard,838,2,0,2,0,0,2,2,0,0,19,20,0,300,196,196
30,farmyard,839,1,0,1,0,0,1,1,0,0,19,21,0,300,197,197
30,farmyard,840,1,0,1,0,0,1,1,0,0,19,21,0,300,198,198
30,farmyard,841,1,0,1,0,0,1,1,0,0,19,21,0,300,199,199
30,farmyard,842,1,0,1,0,0,1,1,0,0,19,21,0,300,200,200
30,farmyard,843,1,0,1,0,0,1,1,0,0,19,21,0,300,201,201
30,farmyard,844,1,0,1,0,0,1,1,0,0,19,21,0,300,202,202
30,farmyard,845,1,0,1,0,0,1,1,0,0,19,21,0,300,203,203
30,farmyard,846,1,0,1,0,0,1,1,0,0,19,21,0,300,204,204
30,farmyard,847,0,0,0,0,0,0,0,0,0,19,22,0,300,204,204
30,farmyard,848,0,0,0,0,0,0,0,0,0,19,22,0,300,204,204
30,farmyard,849,0,0,0,0,0,0,0,0,0,19,22,0,300,204,204
30,farmyard,850,0,0,0,0,0,0,0,0,0,19,22,0,300,204,204
30,outside,800,3,2,1,0,0,3,0,3,0,0,0,0,0,0,0
30,outside,801,3,2,1,0,0,3,0,3,0,0,0,0,4,3,3
30,outside,802,4,3,1,1,0,3,0,4,0,1,0,0,8,6,6
30,outside,803,4,3,1,0,1,3,0,4,0,1,0,0,12,9,9
30,outside,804,7,3,4,3,0,4,0,7,0,4,0,0,16,13,13
30,outside,805,7,3,4,0,3,4,0,7,0,4,0,0,22,17,17
30,outside,806,8,3,5,1,0,7,0,8,0,5,0,0,28,24,24
30,outside,807,8,4,4,1,1,6,0,8,0,6,1,0,34,30,30
30,outside,808,8,4,4,0,1,7,0,8,0,6,1,0,40,37,37
30,outside,809,10,4,6,2,0,8,0,10,0,8,1,0,46,45,45
30,outside,810,11,5,6,1,2,8,0,11,0,9,1,0,54,53,53
30,outside,811,12,5,7,1,1,10,0,12,0,10,1,0,62,63,63
30,outside,812,12,5,7,0,1,11,0,12,0,10,1,0,70,74,74
30,outside,813,13,6,7,2,0,11,0,13,0,12,2,0,80,85,85
30,outside,814,12,5,7,0,2,10,0,12,0,12,3,0,88,95,95
30,outside,815,13,6,7,1,0,12,0,13,0,13,3,0,94,107,107
30,outside,816,15,6,9,2,1,12,0,15,0,15,3,0,104,119,119
30,outside,817,16,8,8,2,2,12,0,16,0,17,4,0,114,131,131
30,outside,818,17,8,9,1,2,14,0,17,0,18,4,0,126,145,145
30,outside,819,21,10,11,4,1,16,0,21,0,22,4,0,138,161,161
30,outside,820,21,11,10,1,3,17,0,21,0,23,5,0,154,178,178
30,outside,821,23,12,11,2,1,20,0,23,0,25,5,0,170,198,198
30,outside,822,24,14,10,3,2,19,0,24,0,28,7,0,190,217,217
30,outside,823,30,17,13,6,3,21,0,30,0,34,7,0,210,238,238
30,outside,824,32,17,15,2,6,24,0,32,0,36,7,0,232,262,262
30,outside,825,40,23,17,8,2,30,0,40,0,44,7,0,260,292,292
30,outside,826,42,24,18,3,8,31,0,42,0,47,8,0,294,323,323
30,outside,827,49,28,21,9,3,37,0,49,0,56,10,0,328,360,360
30,outside,828,51,30,21,5,9,37,0,51,0,61,13,0,372,397,397
30,outside,829,57,34,23,6,5,46,0,57,0,67,13,0,418,443,443
30,outside,830,60,35,25,6,6,48,0,60,0,73,16,0,474,491,491
30,outside,831,71,41,30,15,6,50,0,71,0,88,20,0,530,541,541
30,outside,832,73,43,30,5,14,54,0,73,0,93,23,0,592,595,595
30,outside,833,85,50,35,14,5,66,0,85,0,107,25,0,658,661,661
30,outside,834,92,53,39,10,13,69,0,92,0,117,28,0,732,730,730
30,outside,835,111,63,48,21,10,80,0,111,0,138,30,0,812,810,810
30,outside,836,121,71,50,12,21,88,0,121,0,150,32,0,904,898,898
30,outside,837,132,70,62,16,11,105,0,132,0,166,37,0,1004,1003,1003
30,outside,838,144,78,66,17,16,111,0,144,0,183,42,0,1122,1114,1114
30,outside,839,163,87,76,22,17,124,0,163,0,205,45,0,1250,1238,1238
30,outside,840,180,95,85,21,22,137,0,180,0,226,49,0,1382,1375,1375
30,outside,841,204,108,96,27,21,156,0,204,0,253,52,0,1528,1531,1531
30,outside,842,234,119,115,34,26,174,0,234,0,287,56,0,1692,1705,1705
30,outside,843,248,127,121,23,34,191,0,248,0,310,65,0,1874,1896,1896
30,outside,844,284,143,141,39,23,222,0,284,0,349,68,0,2074,2118,2118
30,outside,845,305,151,154,32,38,235,0,305,0,381,79,0,2300,2353,2353
30,outside,846,337,167,170,37,31,269,0,337,0,418,84,0,2534,2622,2622
30,outside,847,371,188,183,46,36,289,0,371,0,464,96,0,2798,2911,2911
30,outside,848,412,210,202,49,46,317,0,412,0,513,104,0,3084,3228,3228
30,outside,849,440,224,216,45,46,349,0,440,0,558,121,0,3402,3577,3577
30,outside,850,489,245,244,60,45,384,0,489,0,618,132,0,3760,3961,3961
31,farmyard,800,3,2,1,0,0,3,3,0,0,0,0,0,0,0,0
31,farmyard,801,4,2,2,1,0,3,4,0,0,1,0,0,8,3,3
31,farmyard,802,5,2,3,1,1,3,5,0,1,2,0,0,16,6,6
31,farmyard,803,6,2,4,1,1,4,6,0,1,3,0,0,24,10,10
31,farmyard,804,6,2,4,0,1,5,6,0,1,3,0,0,32,15,15
31,farmyard,805,8,3,5,2,0,6,8,0,1,5,0,0,40,21,21
31,farmyard,806,7,3,4,0,1,6,7,0,1,5,1,0,48,27,27
31,farmyard,807,7,3,4,0,0,7,7,0,1,5,1,0,56,34,34
31,farmyard,808,8,4,4,1,0,7,8,0,1,6,1,0,68,41,41
31,farmyard,809,8,5,3,2,1,5,8,0,1,8,3,0,80,46,46
31,farmyard,810,8,5,3,1,2,5,8,0,1,9,4,0,88,51,51
31,farmyard,811,8,5,3,0,1,7,8,0,1,9,4,0,96,58,58
31,farmyard,812,9,6,3,1,0,8,9,0,1,10,4,0,112,66,66
31,farmyard,813,11,6,5,2,1,8,11,0,1,12,4,0,132,74,74
31,farmyard,814,9,5,4,0,2,7,9,0,1,12,6,0,152,81,81
31,farmyard,815,9,5,4,1,0,8,9,0,1,13,7,0,172,89,89
31,farmyard,816,9,5,4,1,1,7,9,0,1,14,8,0,192,96,96
31,farmyard,817,6,3,3,0,1,5,6,0,1,14,11,0,212,101,101
31,farmyard,818,8,3,5,2,0,6,8,0,1,16,11,0,224,107,107
31,farmyard,819,6,2,4,0,1,5,6,0,1,16,13,0,236,112,112
31,farmyard,820,6,3,3,1,0,5,6,0,1,17,14,0,244,117,117
31,farmyard,821,6,3,3,0,1,5,6,0,1,17,14,0,252,122,122
31,farmyard,822,6,4,2,1,0,5,6,0,1,18,15,0,260,127,127
31,farmyard,823,6,4,2,0,1,5,6,0,1,18,15,0,272,132,132
31,farmyard,824,5,3,2,0,0,5,5,0,1,18,16,0,284,137,137
31,farmyard,825,5,2,3,1,0,4,5,0,1,19,17,0,296,141,141
31,farmyard,826,5,2,3,0,1,4,5,0,1,19,17,0,304,145,145
31,farmyard,827,5,2,3,0,0,5,5,0,1,19,17,0,312,150,150
31,farmyard,828,4,1,3,0,0,4,4,0,0,19,18,0,320,154,154
31,farmyard,829,4,1,3,0,0,4,4,0,0,19,18,0,324,158,158
31,farmyard,830,4,1,3,0,0,4,4,0,0,19,18,0,328,162,162
31,farmyard,831,4,1,3,0,0,4,4,0,0,19,18,0,332,166,166
31,farmyard,832,4,1,3,0,0,4,4,0,0,19,18,0,336,170,170
31,farmyard,833,5,1,4,1,0,4,5,0,1,20,18,0,340,174,174
31,farmyard,834,5,1,4,0,1,4,5,0,1,20,18,0,344,178,178
31,farmyard,835,5,1,4,0,0,5,5,0,1,20,18,0,348,183,183
31,farmyard,836,5,1,4,0,0,5,5,0,1,20,18,0,352,188,188
31,farmyard,837,5,1,4,0,0,5,0,5,0,20,18,0,356,193,193
31,farmyard,838,4,1,3,0,0,4,0,4,0,20,19,0,358,197,197
31,farmyard,839,4,1,3,0,0,4,0,4,0,20,19,0,360,201,201
31,farmyard,840,4,1,3,0,0,4,0,4,0,20,19,0,362,205,205
31,farmyard,841,4,1,3,0,0,4,0,4,0,20,19,0,364,209,209
31,farmyard,842,4,1,3,0,0,4,0,4,0,20,19,0,366,213,213
31,farmyard,843,3,0,3,0,0,3,0,3,0,20,20,0,368,216,216
31,farmyard,844,3,0,3,0,0,3,0,3,0,20,20,0,368,219,219
31,farmyard,845,2,0,2,0,0,2,0,2,0,20,21,0,368,221,221
31,farmyard,846,2,0,2,0,0,2,0,2,0,20,21,0,368,223,223
31,farmyard,847,2,0,2,0,0,2,0,2,0,20,21,0,368,225,225
31,farmyard,848,2,0,2,0,0,2,0,2,0,20,21,0,368,227,227
31,farmyard,849,1,0,1,0,0,1,0,1,0,20,22,0,368,228,228
31,farmyard,850,0,0,0,0,0,0,0,0,0,20,23,0,368,228,228
31,outside,800,3,2,1,0,0,3,0,3,0,0,0,0,0,0,0
31,outside,801,4,2,2,1,0,3,0,4,0,1,0,0,4,3,3
31,outside,802,5,2,3,1,1,3,0,5,0,2,0,0,8,6,6
31,outside,803,6,2,4,1,1,4,0,6,0,3,0,0,12,10,10
31,outside,804,6,2,4,0,1,5,0,6,0,3,0,0,16,15,15
31,outside,805,8,3,5,2,0,6,0,8,0,5,0,0,20,21,21
31,outside,806,7,3,4,0,1,6,0,7,0,5,1,0,24,27,27
31,outside,807,7,3,4,0,0,7,0,7,0,5,1,0,28,34,34
31,outside,808,8,4,4,1,0,7,0,8,0,6,1,0,34,41,41
31,outside,809,10,6,4,2,1,7,0,10,0,8,1,0,40,48,48
31,outside,810,10,6,4,0,2,8,0,10,0,8,1,0,46,56,56
31,outside,811,11,7,4,1,0,10,0,11,0,9,1,0,54,66,66
31,outside,812,12,8,4,2,1,9,0,12,0,11,2,0,66,75,75
31,outside,813,15,9,6,3,2,10,0,15,0,14,2,0,78,85,85
31,outside,814,16,10,6,1,3,12,0,16,0,15,2,0,92,97,97
31,outside,815,17,9,8,3,1,13,0,17,0,18,4,0,108,110,110
31,outside,816,19,11,8,2,3,14,0,19,0,20,4,0,122,124,124
31,outside,817,23,13,10,5,2,16,0,23,0,25,5,0,138,140,140
31,outside,818,25,14,11,2,5,18,0,25,0,27,5,0,156,158,158
31,outside,819,34,16,18,9,2,23,0,34,0,36,5,0,178,181,181
31,outside,820,36,16,20,2,9,25,0,36,0,38,5,0,204,206,206
31,outside,821,39,18,21,4,2,33,0,39,0,42,6,0,232,239,239
31,outside,822,42,19,23,4,3,35,0,42,0,46,7,0,262,274,274
31,outside,823,48,20,28,6,4,38,0,48,0,52,7,0,292,312,312
31,outside,824,53,23,30,6,5,42,0,53,0,58,8,0,326,354,354
31,outside,825,54,23,31,4,6,44,0,54,0,62,11,0,364,398,398
31,outside,826,58,22,36,5,4,49,0,58,0,67,12,0,400,447,447
31,outside,827,66,26,40,10,5,51,0,66,0,77,14,0,440,498,498
31,outside,828,69,28,41,4,10,55,0,69,0,81,15,0,482,553,553
31,outside,829,76,32,44,10,4,62,0,76,0,91,18,0,522,615,615
31,outside,830,78,34,44,3,10,65,0,78,0,94,19,0,568,680,680
31,outside,831,91,40,51,14,3,74,0,91,0,108,20,0,618,754,754
31,outside,832,92,39,53,6,14,72,0,92,0,114,25,0,680,826,826
31,outside,833,108,50,58,18,6,84,0,108,0,132,27,0,742,910,910
31,outside,834,114,52,62,9,18,87,0,114,0,141,30,0,816,997,997
31,outside,835,132,60,72,21,9,102,0,132,0,162,33,0,890,1099,1099
31,outside,836,143,68,75,13,21,109,0,143,0,175,35,0,984,1208,1208
31,outside,837,160,74,86,18,13,129,0,160,0,193,36,0,1086,1337,1337
31,outside,838,170,79,91,16,18,136,0,170,0,209,42,0,1204,1473,1473
31,outside,839,190,85,105,27,15,148,0,190,0,236,49,0,1334,1621,1621
31,outside,840,204,91,113,21,27,156,0,204,0,257,56,0,1472,1777,1777
31,outside,841,224,103,121,22,21,181,0,224,0,279,58,0,1618,1958,1958
31,outside,842,241,113,128,22,22,197,0,241,0,301,63,0,1778,2155,2155
31,outside,843,258,126,132,25,22,211,0,258,0,326,71,0,1954,2366,2366
31,outside,844,277,134,143,31,24,222,0,277,0,357,83,0,2154,2588,2588
31,outside,845,305,148,157,40,31,234,0,305,0,397,95,0,2364,2822,2822
31,outside,846,327,163,164,32,39,256,0,327,0,429,105,0,2594,3078,3078
31,outside,847,360,185,175,43,32,285,0,360,0,472,115,0,2844,3363,3363
31,outside,848,396,199,197,50,43,303,0,396,0,522,129,0,3122,3666,3666
31,outside,849,428,211,217,50,49,329,0,428,0,572,147,0,3416,3995,3995
31,outside,850,482,238,244,65,50,367,0,482,0,637,158,0,3746,4362,4362
32,farmyard,800,3,2,1,0,0,3,3,0,0,0,0,0,0,0,0
32,farmyard,801,5,2,3,2,0,3,5,0,1,2,0,0,8,3,3
32,farmyard,802,5,2,3,0,2,3,5,0,1,2,0,0,16,6,6
32,farmyard,803,5,2,3,0,0,5,5,0,1,2,0,0,24,11,11
32,farmyard,804,6,2,4,1,0,5,6,0,1,3,0,0,32,16,16
32,farmyard,805,5,1,4,0,1,4,5,0,1,3,1,0,40,20,20
32,farmyard,806,5,1,4,0,0,5,5,0,1,3,1,0,44,25,25
32,farmyard,807,6,2,4,1,0,5,6,0,1,4,1,0,48,30,30
32,farmyard,808,6,2,4,0,1,5,6,0,1,4,1,0,52,35,35
32,farmyard,809,6,1,5,1,0,5,6,0,1,5,2,0,56,40,40
32,farmyard,810,6,1,5,0,1,5,6,0,1,5,2,0,60,45,45
32,farmyard,811,7,1,6,1,0,6,7,0,1,6,2,0,64,51,51
32,farmyard,812,6,1,5,0,1,5,6,0,1,6,3,0,68,56,56
32,farmyard,813,7,2,5,1,0,6,7,0,1,7,3,0,72,62,62
32,farmyard,814,7,2,5,0,1,6,7,0,1,7,3,0,76,68,68
32,farmyard,815,8,3,5,2,0,6,8,0,1,9,4,0,80,74,74
32,farmyard,816,6,3,3,0,2,4,6,0,1,9,6,0,88,78,78
32,farmyard,817,7,4,3,2,0,5,7,0,1,11,7,0,96,83,83
32,farmyard,818,8,4,4,1,2,5,8,0,1,12,7,0,108,88,88
32,farmyard,819,9,5,4,1,1,7,9,0,1,13,7,0,120,95,95
32,farmyard,820,7,4,3,0,1,6,7,0,1,13,9,0,136,101,101
32,farmyard,821,8,4,4,2,0,6,8,0,1,15,10,0,148,107,107
32,farmyard,822,9,5,4,1,2,6,9,0,1,16,10,0,164,113,113
32,farmyard,823,7,3,4,0,1,6,7,0,1,16,12,0,180,119,119
32,farmyard,824,8,3,5,1,0,7,8,0,1,17,12,0,188,126,126
32,farmyard,825,8,3,5,1,0,7,8,0,1,18,13,0,200,133,133
32,farmyard,826,9,4,5,1,1,7,9,0,1,19,13,0,212,140,140
32,farmyard,827,10,5,5,1,1,8,10,0,1,20,13,0,224,148,148
32,farmyard,828,9,5,4,0,1,8,9,0,1,20,14,0,236,156,156
32,farmyard,829,12,7,5,3,0,9,12,0,1,23,14,0,252,165,165
32,farmyard,830,10,7,3,0,3,7,10,0,1,23,16,0,272,172,172
32,farmyard,831,13,9,4,3,0,10,13,0,1,26,16,0,292,182,182
32,farmyard,832,10,6,4,1,2,7,10,0,1,27,20,0,320,189,189
32,farmyard,833,10,6,4,2,1,7,10,0,1,29,22,0,340,196,196
32,farmyard,834,9,4,5,1,1,7,9,0,1,30,24,0,360,203,203
32,farmyard,835,10,4,6,1,1,8,10,0,1,31,24,0,376,211,211
32,farmyard,836,10,3,7,1,1,8,10,0,1,32,25,0,392,219,219
32,farmyard,837,8,2,6,0,1,7,8,0,1,32,27,0,404,226,226
32,farmyard,838,8,3,5,1,0,7,8,0,1,33,28,0,412,233,233
32,farmyard,839,7,2,5,0,0,7,7,0,1,33,29,0,420,240,240
32,farmyard,840,7,2,5,0,0,7,7,0,1,33,29,0,428,247,247
32,farmyard,841,7,2,5,0,0,7,7,0,1,33,29,0,436,254,254
32,farmyard,842,7,2,5,0,0,7,7,0,1,33,29,0,444,261,261
32,farmyard,843,7,2,5,0,0,7,0,7,0,33,29,0,452,268,268
32,farmyard,844,6,1,5,0,0,6,0,6,0,33,30,0,456,274,274
32,farmyard,845,6,1,5,0,0,6,0,6,0,33,30,0,458,280,280
32,farmyard,846,6,1,5,0,0,6,0,6,0,33,30,0,460,286,286
32,farmyard,847,5,0,5,0,0,5,0,5,0,33,31,0,462,291,291
32,farmyard,848,5,0,5,0,0,5,0,5,0,33,31,0,462,296,296
32,farmyard,849,4,0,4,0,0,4,0,4,0,33,32,0,462,300,300
32,farmyard,850,4,0,4,0,0,4,0,4,0,33,32,0,462,304,304
32,outside,800,3,2,1,0,0,3,0,3,0,0,0,0,0,0,0
32,outside,801,5,2,3,2,0,3,0,5,0,2,0,0,4,3,3
32,outside,802,5,2,3,0,2,3,0,5,0,2,0,0,8,6,6
32,outside,803,5,2,3,0,0,5,0,5,0,2,0,0,12,11,11
32,outside,804,6,2,4,1,0,5,0,6,0,3,0,0,16,16,16
32,outside,805,6,2,4,0,1,5,0,6,0,3,0,0,20,21,21
32,outside,806,7,2,5,1,0,6,0,7,0,4,0,0,24,27,27
32,outside,807,6,2,4,0,1,5,0,6,0,4,1,0,28,32,32
32,outside,808,5,1,4,0,0,5,0,5,0,4,2,0,32,37,37
32,outside,809,5,1,4,0,0,5,0,5,0,4,2,0,34,42,42
32,outside,810,5,1,4,0,0,5,0,5,0,4,2,0,36,47,47
32,outside,811,5,1,4,0,0,5,0,5,0,4,2,0,38,52,52
32,outside,812,5,1,4,0,0,5,0,5,0,4,2,0,40,57,57
32,outside,813,5,1,4,0,0,5,0,5,0,4,2,0,42,62,62
32,outside,814,5,1,4,0,0,5,0,5,0,4,2,0,44,67,67
32,outside,815,5,1,4,0,0,5,0,5,0,4,2,0,46,72,72
32,outside,816,4,0,4,0,0,4,0,4,0,4,3,0,48,76,76
32,outside,817,4,0,4,0,0,4,0,4,0,4,3,0,48,80,80
32,outside,818,4,0,4,0,0,4,0,4,0,4,3,0,48,84,84
32,outside,819,4,0,4,0,0,4,0,4,0,4,3,0,48,88,88
32,outside,820,4,0,4,0,0,4,0,4,0,4,3,0,48,92,92
32,outside,821,4,0,4,0,0,4,0,4,0,4,3,0,48,96,96
32,outside,822,4,0,4,0,0,4,0,4,0,4,3,0,48,100,100
32,outside,823,4,0,4,0,0,4,0,4,0,4,3,0,48,104,104
32,outside,824,4,0,4,0,0,4,0,4,0,4,3,0,48,108,108
32,outside,825,3,0,3,0,0,3,0,3,0,4,4,0,48,111,111
32,outside,826,3,0,3,0,0,3,0,3,0,4,4,0,48,114,114
32,outside,827,2,0,2,0,0,2,0,2,0,4,5,0,48,116,116
32,outside,828,2,0,2,0,0,2,0,2,0,4,5,0,48,118,118
32,outside,829,2,0,2,0,0,2,0,2,0,4,5,0,48,120,120
32,outside,830,2,0,2,0,0,2,0,2,0,4,5,0,48,122,122
32,outside,831,2,0,2,0,0,2,0,2,0,4,5,0,48,124,124
32,outside,832,2,0,2,0,0,2,0,2,0,4,5,0,48,126,126
32,outside,833,1,0,1,0,0,1,0,1,0,4,6,0,48,127,127
32,outside,834,1,0,1,0,0,1,0,1,0,4,6,0,48,128,128
32,outside,835,1,0,1,0,0,1,0,1,0,4,6,0,48,129,129
32,outside,836,1,0,1,0,0,1,0,1,0,4,6,0,48,130,130
32,outside,837,1,0,1,0,0,1,0,1,0,4,6,0,48,131,131
32,outside,838,1,0,1,0,0,1,0,1,0,4,6,0,48,132,132
32,outside,839,0,0,0,0,0,0,0,0,0,4,7,0,48,132,132
32,outside,840,0,0,0,0,0,0,0,0,0,4,7,0,48,132,132
32,outside,841,0,0,0,0,0,0,0,0,0,4,7,0,48,132,132
32,outside,842,0,0,0,0,0,0,0,0,0,4,7,0,48,132,132
32,outside,843,0,0,0,0,0,0,0,0,0,4,7,0,48,132,132
32,outside,844,0,0,0,0,0,0,0,0,0,4,7,0,48,132,132
32,outside,845,0,0,0,0,0,0,0,0,0,4,7,0,48,132,132
32,outside,846,0,0,0,0,0,0,0,0,0,4,7,0,48,132,132
32,outside,847,0,0,0,0,0,0,0,0,0,4,7,0,48,132,132
32,outside,848,0,0,0,0,0,0,0,0,0,4,7,0,48,132,132
32,outside,849,0,0,0,0,0,0,0,0,0,4,7,0,48,132,132
32,outside,850,0,0,0,0,0,0,0,0,0,4,7,0,48,132,132
33,farmyard,800,3,2,1,0,0,3,3,0,0,0,0,0,0,0,0
33,farmyard,801,4,3,1,1,0,3,4,0,0,1,0,0,8,3,3
33,farmyard,802,5,3,2,1,1,3,5,0,1,2,0,0,16,6,6
33,farmyard,803,4,3,1,0,0,4,4,0,0,2,1,0,24,10,10
33,farmyard,804,5,4,1,1,0,4,5,0,1,3,1,0,36,14,14
33,farmyard,805,7,4,3,2,1,4,7,0,1,5,1,0,48,18,18
33,farmyard,806,7,4,3,0,2,5,7,0,1,5,1,0,60,23,23
33,farmyard,807,8,3,5,2,0,6,8,0,1,7,2,0,76,29,29
33,farmyard,808,8,4,4,1,2,5,8,0,1,8,3,0,88,34,34
33,farmyard,809,5,3,2,0,1,4,5,0,1,8,6,0,100,38,38
33,farmyard,810,6,3,3,1,0,5,6,0,1,9,6,0,108,43,43
33,farmyard,811,7,4,3,1,1,5,7,0,1,10,6,0,120,48,48
33,farmyard,812,7,4,3,0,1,6,7,0,1,10,6,0,132,54,54
33,farmyard,813,8,5,3,1,0,7,8,0,1,11,6,0,144,61,61
33,farmyard,814,9,5,4,1,1,7,9,0,1,12,6,0,160,68,68
33,farmyard,815,6,2,4,0,1,5,6,0,1,12,9,0,176,73,73
33,farmyard,816,7,2,5,1,0,6,7,0,1,13,9,0,184,79,79
33,farmyard,817,7,2,5,0,1,6,7,0,1,13,9,0,192,85,85
33,farmyard,818,8,2,6,1,0,7,8,0,1,14,9,0,200,92,92
33,farmyard,819,4,1,3,0,1,3,4,0,0,14,13,0,208,95,95
33,farmyard,820,5,2,3,1,0,4,5,0,1,15,13,0,212,99,99
33,farmyard,821,5,2,3,0,1,4,5,0,1,15,13,0,216,103,103
33,farmyard,822,6,3,3,1,0,5,6,0,1,16,13,0,220,108,108
33,farmyard,823,7,4,3,1,1,5,7,0,1,17,13,0,228,113,113
33,farmyard,824,8,4,4,1,1,6,8,0,1,18,13,0,236,119,119
33,farmyard,825,10,5,5,2,1,7,10,0,1,20,13,0,248,126,126
33,farmyard,826,7,4,3,0,2,5,7,0,1,20,16,0,264,131,131
33,farmyard,827,9,4,5,2,0,7,9,0,1,22,16,0,276,138,138
33,farmyard,828,8,4,4,0,2,6,8,0,1,22,17,0,292,144,144
33,farmyard,829,8,4,4,1,0,7,8,0,1,23,18,0,308,151,151
33,farmyard,830,7,3,4,1,1,5,7,0,1,24,20,0,320,156,156
33,farmyard,831,8,3,5,1,1,6,8,0,1,25,20,0,328,162,162
33,farmyard,832,10,3,7,2,1,7,10,0,1,27,20,0,340,169,169
33,farmyard,833,11,4,7,1,2,8,11,0,1,28,20,0,352,177,177
33,farmyard,834,9,2,7,1,0,8,9,0,1,29,23,0,364,185,185
33,farmyard,835,9,2,7,0,1,8,9,0,1,29,23,0,372,193,193
33,farmyard,836,9,2,7,0,0,9,9,0,1,29,23,0,380,202,202
33,farmyard,837,9,2,7,0,0,9,0,9,0,29,23,0,388,211,211
33,farmyard,838,10,2,8,1,0,9,0,10,0,30,23,0,392,220,220
33,farmyard,839,10,2,8,0,1,9,0,10,0,30,23,0,396,229,229
33,farmyard,840,9,1,8,1,0,8,0,9,0,31,25,0,400,237,237
33,farmyard,841,8,0,8,0,1,7,0,8,0,31,26,0,402,244,244
33,farmyard,842,8,0,8,0,0,8,0,8,0,31,26,0,402,252,252
33,farmyard,843,8,0,8,0,0,8,0,8,0,31,26,0,402,260,260
33,farmyard,844,8,0,8,0,0,8,0,8,0,31,26,0,402,268,268
33,farmyard,845,7,0,7,0,0,7,0,7,0,31,27,0,402,275,275
33,farmyard,846,6,0,6,0,0,6,0,6,0,31,28,0,402,281,281
33,farmyard,847,4,0,4,0,0,4,0,4,0,31,30,0,402,285,285
33,farmyard,848,3,0,3,0,0,3,0,3,0,31,31,0,402,288,288
33,farmyard,849,2,0,2,0,0,2,0,2,0,31,32,0,402,290,290
33,farmyard,850,2,0,2,0,0,2,0,2,0,31,32,0,402,292,292
33,outside,800,3,2,1,0,0,3,0,3,0,0,0,0,0,0,0
33,outside,801,4,3,1,1,0,3,0,4,0,1,0,0,4,3,3
33,outside,802,5,3,2,1,1,3,0,5,0,2,0,0,8,6,6
33,outside,803,5,3,2,0,1,4,0,5,0,2,0,0,12,10,10
33,outside,804,6,4,2,1,0,5,0,6,0,3,0,0,18,15,15
33,outside,805,7,4,3,1,1,5,0,7,0,4,0,0,24,20,20
33,outside,806,8,4,4,1,1,6,0,8,0,5,0,0,30,26,26
33,outside,807,10,5,5,2,1,7,0,10,0,7,0,0,38,33,33
33,outside,808,12,7,5,2,2,8,0,12,0,9,0,0,46,41,41
33,outside,809,13,7,6,2,2,9,0,13,0,11,1,0,54,50,50
33,outside,810,14,8,6,1,2,11,0,14,0,12,1,0,62,61,61
33,outside,811,16,10,6,2,1,13,0,16,0,14,1,0,74,74,74
33,outside,812,16,10,6,0,2,14,0,16,0,14,1,0,88,88,88
33,outside,813,18,12,6,3,0,15,0,18,0,17,2,0,104,103,103
33,outside,814,20,14,6,2,3,15,0,20,0,19,2,0,124,118,118
33,outside,815,25,17,8,5,2,18,0,25,0,24,2,0,144,136,136
33,outside,816,30,18,12,5,5,20,0,30,0,29,2,0,168,156,156
33,outside,817,36,23,13,6,5,25,0,36,0,35,2,0,196,181,181
33,outside,818,38,25,13,3,6,29,0,38,0,38,3,0,230,210,210
33,outside,819,46,28,18,9,3,34,0,46,0,47,4,0,264,244,244
33,outside,820,55,34,21,10,9,36,0,55,0,57,5,0,308,280,280
33,outside,821,58,37,21,5,10,43,0,58,0,62,7,0,358,323,323
33,outside,822,65,41,24,7,5,53,0,65,0,69,7,0,412,376,376
33,outside,823,73,47,26,12,7,54,0,73,0,81,11,0,478,430,430
33,outside,824,82,49,33,12,11,59,0,82,0,93,14,0,548,489,489
33,outside,825,91,51,40,13,11,67,0,91,0,106,18,0,622,556,556
33,outside,826,104,58,46,14,13,77,0,104,0,120,19,0,704,633,633
33,outside,827,120,69,51,19,14,87,0,120,0,139,22,0,792,720,720
33,outside,828,130,74,56,12,19,99,0,130,0,151,24,0,888,819,819
33,outside,829,145,80,65,22,11,112,0,145,0,173,31,0,996,931,931
33,outside,830,159,88,71,16,22,121,0,159,0,189,33,0,1124,1052,1052
33,outside,831,186,100,86,30,16,140,0,186,0,219,36,0,1264,1192,1192
33,outside,832,206,110,96,25,30,151,0,206,0,244,41,0,1420,1343,1343
33,outside,833,230,119,111,29,25,176,0,230,0,273,46,0,1588,1519,1519
33,outside,834,263,136,127,39,29,195,0,263,0,312,52,0,1780,1714,1714
33,outside,835,297,156,141,37,38,222,0,297,0,349,55,0,1990,1936,1936
33,outside,836,327,167,160,36,36,255,0,327,0,385,61,0,2220,2191,2191
33,outside,837,369,187,182,48,35,286,0,369,0,433,67,0,2482,2477,2477
33,outside,838,403,206,197,41,47,315,0,403,0,474,74,0,2776,2792,2792
33,outside,839,453,229,224,62,40,351,0,453,0,536,86,0,3096,3143,3143
33,outside,840,493,248,245,48,62,383,0,493,0,584,94,0,3446,3526,3526
33,outside,841,549,282,267,71,46,432,0,549,0,655,109,0,3826,3958,3958
33,outside,842,603,312,291,72,70,461,0,603,0,727,127,0,4262,4419,4419
33,outside,843,666,347,319,81,70,515,0,666,0,808,145,0,4730,4934,4934
33,outside,844,729,375,354,81,81,567,0,729,0,889,163,0,5258,5501,5501
33,outside,845,823,426,397,113,79,631,0,823,0,1002,182,0,5844,6132,6132
33,outside,846,893,456,437,92,108,693,0,893,0,1094,204,0,6512,6825,6825
33,outside,847,972,496,476,108,88,776,0,972,0,1202,233,0,7232,7601,7601
33,outside,848,1088,558,530,140,108,840,0,1088,0,1342,257,0,8038,8441,8441
33,outside,849,1203,619,584,143,137,923,0,1203,0,1485,285,0,8906,9364,9364
33,outside,850,1305,666,639,137,141,1027,0,1305,0,1622,320,0,9852,10391,10391
34,farmyard,800,3,2,1,0,0,3,3,0,0,0,0,0,0,0,0
34,farmyard,801,4,2,2,1,0,3,4,0,0,1,0,0,8,3,3
34,farmyard,802,4,2,2,0,1,3,4,0,0,1,0,0,16,6,6
34,farmyard,803,5,2,3,1,0,4,5,0,1,2,0,0,24,10,10
34,farmyard,804,6,2,4,1,1,4,6,0,1,3,0,0,32,14,14
34,farmyard,805,6,2,4,0,1,5,6,0,1,3,0,0,40,19,19
34,farmyard,806,7,3,4,2,0,5,7,0,1,5,1,0,48,24,24
34,farmyard,807,6,3,3,0,2,4,6,0,1,5,2,0,56,28,28
34,farmyard,808,6,2,4,1,0,5,6,0,1,6,3,0,64,33,33
34,farmyard,809,7,3,4,1,1,5,7,0,1,7,3,0,72,38,38
34,farmyard,810,8,4,4,1,1,6,8,0,1,8,3,0,80,44,44
34,farmyard,811,8,5,3,1,1,6,8,0,1,9,4,0,88,50,50
34,farmyard,812,10,6,4,2,1,7,10,0,1,11,4,0,100,57,57
34,farmyard,813,10,6,4,1,2,7,10,0,1,12,5,0,116,64,64
34,farmyard,814,12,7,5,2,1,9,12,0,1,14,5,0,132,73,73
34,farmyard,815,12,8,4,3,2,7,12,0,1,17,8,0,152,80,80
34,farmyard,816,10,7,3,1,2,7,10,0,1,18,11,0,172,87,87
34,farmyard,817,10,5,5,3,1,6,10,0,1,21,14,0,196,93,93
34,farmyard,818,10,4,6,1,3,6,10,0,1,22,15,0,212,99,99
34,farmyard,819,10,3,7,2,1,7,10,0,1,24,17,0,224,106,106
34,farmyard,820,8,4,4,1,0,7,8,0,1,25,20,0,236,113,113
34,farmyard,821,9,4,5,1,1,7,9,0,1,26,20,0,248,120,120
34,farmyard,822,8,4,4,1,1,6,8,0,1,27,22,0,260,126,126
34,farmyard,823,8,5,3,1,1,6,8,0,1,28,23,0,272,132,132
34,farmyard,824,8,5,3,0,1,7,8,0,1,28,23,0,284,139,139
34,farmyard,825,9,6,3,2,0,7,9,0,1,30,24,0,300,146,146
34,farmyard,826,9,7,2,1,2,6,9,0,1,31,25,0,316,152,152
34,farmyard,827,8,5,3,1,1,6,8,0,1,32,27,0,332,158,158
34,farmyard,828,8,4,4,1,1,6,8,0,1,33,28,0,348,164,164
34,farmyard,829,10,5,5,2,1,7,0,10,0,35,28,0,364,171,171
34,farmyard,830,10,5,5,0,2,8,0,10,0,35,28,0,372,179,179
34,farmyard,831,11,5,6,1,0,10,0,11,0,36,28,0,380,189,189
34,farmyard,832,13,5,8,2,1,10,0,13,0,38,28,0,390,199,199
34,farmyard,833,14,6,8,1,2,11,0,14,0,39,28,0,400,210,210
34,farmyard,834,16,7,9,2,1,13,0,16,0,41,28,0,410,223,223
34,farmyard,835,18,7,11,2,2,14,0,18,0,43,28,0,420,237,237
34,farmyard,836,20,9,11,2,2,16,0,20,0,45,28,0,432,253,253
34,farmyard,837,19,8,11,0,2,17,0,19,0,45,29,0,446,270,270
34,farmyard,838,23,10,13,4,0,19,0,23,0,49,29,0,458,289,289
34,farmyard,839,23,9,14,1,4,18,0,23,0,50,30,0,474,307,307
34,farmyard,840,25,10,15,3,1,21,0,25,0,53,31,0,488,328,328
34,farmyard,841,26,9,17,2,2,22,0,26,0,55,32,0,506,350,350
34,farmyard,842,28,12,16,3,2,23,0,28,0,58,33,0,524,373,373
34,farmyard,843,29,13,16,2,3,24,0,29,0,60,34,0,542,397,397
34,farmyard,844,30,12,18,3,2,25,0,30,0,63,36,0,560,422,422
34,farmyard,845,35,17,18,5,3,27,0,35,0,68,36,0,582,449,449
34,farmyard,846,37,17,20,3,5,29,0,37,0,71,37,0,606,478,478
34,farmyard,847,40,18,22,5,3,32,0,40,0,76,39,0,628,510,510
34,farmyard,848,43,19,24,4,5,34,0,43,0,80,40,0,658,544,544
34,farmyard,849,43,20,23,5,4,34,0,43,0,85,45,0,690,578,578
34,farmyard,850,46,21,25,5,5,36,0,46,0,90,47,0,722,614,614
34,outside,800,3,2,1,0,0,3,0,3,0,0,0,0,0,0,0
34,outside,801,4,2,2,1,0,3,0,4,0,1,0,0,4,3,3
34,outside,802,4,2,2,0,1,3,0,4,0,1,0,0,8,6,6
34,outside,803,5,2,3,1,0,4,0,5,0,2,0,0,12,10,10
34,outside,804,6,2,4,1,1,4,0,6,0,3,0,0,16,14,14
34,outside,805,6,2,4,0,1,5,0,6,0,3,0,0,20,19,19
34,outside,806,8,3,5,2,0,6,0,8,0,5,0,0,24,25,25
34,outside,807,7,3,4,0,2,5,0,7,0,5,1,0,28,30,30
34,outside,808,6,2,4,0,0,6,0,6,0,5,2,0,32,36,36
34,outside,809,7,2,5,1,0,6,0,7,0,6,2,0,36,42,42
34,outside,810,7,2,5,0,1,6,0,7,0,6,2,0,40,48,48
34,outside,811,8,3,5,1,0,7,0,8,0,7,2,0,44,55,55
34,outside,812,8,3,5,0,1,7,0,8,0,7,2,0,48,62,62
34,outside,813,10,3,7,2,0,8,0,10,0,9,2,0,52,70,70
34,outside,814,10,3,7,0,2,8,0,10,0,9,2,0,58,78,78
34,outside,815,10,3,7,1,0,9,0,10,0,10,3,0,64,87,87
34,outside,816,10,3,7,0,1,9,0,10,0,10,3,0,68,96,96
34,outside,817,11,3,8,1,0,10,0,11,0,11,3,0,72,106,106
34,outside,818,11,3,8,0,1,10,0,11,0,11,3,0,78,116,116
34,outside,819,10,3,7,1,0,9,0,10,0,12,5,0,84,125,125
34,outside,820,11,3,8,1,1,9,0,11,0,13,5,0,88,134,134
34,outside,821,11,3,8,0,1,10,0,11,0,13,5,0,92,144,144
34,outside,822,13,4,9,2,0,11,0,13,0,15,5,0,98,155,155
34,outside,823,13,4,9,1,2,10,0,13,0,16,6,0,104,165,165
34,outside,824,14,5,9,1,1,12,0,14,0,17,6,0,110,177,177
34,outside,825,16,6,10,2,1,13,0,16,0,19,6,0,118,190,190
34,outside,826,17,5,12,2,2,13,0,17,0,21,7,0,126,203,203
34,outside,827,17,6,11,1,2,14,0,17,0,22,8,0,134,217,217
34,outside,828,18,6,12,1,1,16,0,18,0,23,8,0,144,233,233
34,outside,829,18,6,12,0,1,17,0,18,0,23,8,0,154,250,250
34,outside,830,21,8,13,3,0,18,0,21,0,26,8,0,166,268,268
34,outside,831,21,8,13,1,3,17,0,21,0,27,9,0,178,285,285
34,outside,832,21,9,12,1,1,19,0,21,0,28,10,0,188,304,304
34,outside,833,23,10,13,2,1,20,0,23,0,30,10,0,202,324,324
34,outside,834,22,11,11,2,2,18,0,22,0,32,13,0,218,342,342
34,outside,835,26,13,13,4,2,20,0,26,0,36,13,0,236,362,362
34,outside,836,29,15,14,4,4,21,0,29,0,40,14,0,256,383,383
34,outside,837,32,18,14,5,4,23,0,32,0,45,16,0,276,406,406
34,outside,838,34,19,15,3,5,26,0,34,0,48,17,0,300,432,432
34,outside,839,41,26,15,8,3,30,0,41,0,56,18,0,330,462,462
34,outside,840,44,28,16,4,8,32,0,44,0,60,19,0,366,494,494
34,outside,841,53,33,20,9,4,40,0,53,0,69,19,0,404,534,534
34,outside,842,53,32,21,4,8,41,0,53,0,73,23,0,456,575,575
34,outside,843,65,42,23,13,4,48,0,65,0,86,24,0,508,623,623
34,outside,844,71,44,27,6,13,52,0,71,0,92,24,0,568,675,675
34,outside,845,89,52,37,18,6,65,0,89,0,110,24,0,632,740,740
34,outside,846,98,57,41,12,16,70,0,98,0,122,27,0,716,810,810
34,outside,847,109,62,47,16,12,81,0,109,0,138,32,0,802,891,891
34,outside,848,122,68,54,16,16,90,0,122,0,154,35,0,896,981,981
34,outside,849,136,76,60,16,16,104,0,136,0,170,37,0,998,1085,1085
34,outside,850,153,84,69,19,16,118,0,153,0,189,39,0,1114,1203,1203
35,farmyard,800,3,2,1,0,0,3,3,0,0,0,0,0,0,0,0
35,farmyard,801,4,3,1,1,0,3,4,0,0,1,0,0,8,3,3
35,farmyard,802,4,3,1,0,1,3,4,0,0,1,0,0,16,6,6
35,farmyard,803,5,4,1,1,0,4,5,0,1,2,0,0,24,10,10
35,farmyard,804,5,4,1,0,1,4,5,0,1,2,0,0,36,14,14
35,farmyard,805,8,5,3,3,0,5,8,0,1,5,0,0,48,19,19
35,farmyard,806,9,6,3,1,3,5,9,0,1,6,0,0,64,24,24
35,farmyard,807,10,7,3,1,1,8,10,0,1,7,0,0,80,32,32
35,farmyard,808,14,7,7,5,1,8,14,0,1,12,1,0,100,40,40
35,farmyard,809,10,5,5,0,3,7,10,0,1,12,5,0,124,47,47
35,farmyard,810,11,4,7,3,0,8,11,0,1,15,7,0,144,55,55
35,farmyard,811,7,3,4,1,1,5,7,0,1,16,12,0,160,60,60
35,farmyard,812,6,2,4,1,0,5,6,0,1,17,14,0,168,65,65
35,farmyard,813,7,3,4,1,1,5,7,0,1,18,14,0,176,70,70
35,farmyard,814,7,4,3,1,1,5,7,0,1,19,15,0,184,75,75
35,farmyard,815,7,4,3,0,1,6,7,0,1,19,15,0,192,81,81
35,farmyard,816,9,4,5,2,0,7,9,0,1,21,15,0,204,88,88
35,farmyard,817,8,3,5,0,2,6,8,0,1,21,16,0,220,94,94
35,farmyard,818,8,3,5,0,0,8,8,0,1,21,16,0,232,102,102
35,farmyard,819,6,2,4,0,0,6,6,0,1,21,18,0,244,108,108
35,farmyard,820,6,2,4,0,0,6,6,0,1,21,18,0,252,114,114
35,farmyard,821,5,2,3,0,0,5,5,0,1,21,19,0,260,119,119
35,farmyard,822,4,1,3,0,0,4,4,0,0,21,20,0,268,123,123
35,farmyard,823,3,0,3,0,0,3,3,0,0,21,21,0,272,126,126
35,farmyard,824,3,0,3,0,0,3,3,0,0,21,21,0,272,129,129
35,farmyard,825,3,0,3,0,0,3,3,0,0,21,21,0,272,132,132
35,farmyard,826,3,0,3,0,0,3,3,0,0,21,21,0,272,135,135
35,farmyard,827,2,0,2,0,0,2,2,0,0,21,22,0,272,137,137
35,farmyard,828,2,0,2,0,0,2,2,0,0,21,22,0,272,139,139
35,farmyard,829,2,0,2,0,0,2,2,0,0,21,22,0,272,141,141
35,farmyard,830,2,0,2,0,0,2,2,0,0,21,22,0,272,143,143
35,farmyard,831,2,0,2,0,0,2,2,0,0,21,22,0,272,145,145
35,farmyard,832,2,0,2,0,0,2,0,2,0,21,22,0,272,147,147
35,farmyard,833,1,0,1,0,0,1,0,1,0,21,23,0,272,148,148
35,farmyard,834,1,0,1,0,0,1,0,1,0,21,23,0,272,149,149
35,farmyard,835,1,0,1,0,0,1,0,1,0,21,23,0,272,150,150
35,farmyard,836,1,0,1,0,0,1,0,1,0,21,23,0,272,151,151
35,farmyard,837,1,0,1,0,0,1,0,1,0,21,23,0,272,152,152
35,farmyard,838,1,0,1,0,0,1,0,1,0,21,23,0,272,153,153
35,farmyard,839,1,0,1,0,0,1,0,1,0,21,23,0,272,154,154
35,farmyard,840,1,0,1,0,0,1,0,1,0,21,23,0,272,155,155
35,farmyard,841,1,0,1,0,0,1,0,1,0,21,23,0,272,156,156
35,farmyard,842,1,0,1,0,0,1,0,1,0,21,23,0,272,157,157
35,farmyard,843,1,0,1,0,0,1,0,1,0,21,23,0,272,158,158
35,farmyard,844,1,0,1,0,0,1,0,1,0,21,23,0,272,159,159
35,farmyard,845,1,0,1,0,0,1,0,1,0,21,23,0,272,160,160
35,farmyard,846,0,0,0,0,0,0,0,0,0,21,24,0,272,160,160
35,farmyard,847,0,0,0,0,0,0,0,0,0,21,24,0,272,160,160
35,farmyard,848,0,0,0,0,0,0,0,0,0,21,24,0,272,160,160
35,farmyard,849,0,0,0,0,0,0,0,0,0,21,24,0,272,160,160
35,farmyard,850,0,0,0,0,0,0,0,0,0,21,24,0,272,160,160
35,outside,800,3,2,1,0,0,3,0,3,0,0,0,0,0,0,0
35,outside,801,4,3,1,1,0,3,0,4,0,1,0,0,4,3,3
35,outside,802,4,3,1,0,1,3,0,4,0,1,0,0,8,6,6
35,outside,803,5,4,1,1,0,4,0,5,0,2,0,0,12,10,10
35,outside,804,5,4,1,0,1,4,0,5,0,2,0,0,18,14,14
35,outside,805,8,5,3,3,0,5,0,8,0,5,0,0,24,19,19
35,outside,806,9,6,3,1,3,5,0,9,0,6,0,0,32,24,24
35,outside,807,10,7,3,1,1,8,0,10,0,7,0,0,40,32,32
35,outside,808,15,7,8,5,1,9,0,15,0,12,0,0,50,41,41
35,outside,809,15,7,8,0,5,10,0,15,0,12,0,0,62,51,51
35,outside,810,14,7,7,0,0,14,0,14,0,12,1,0,76,65,65
35,outside,811,16,8,8,2,0,14,0,16,0,14,1,0,90,79,79
35,outside,812,18,9,9,3,2,13,0,18,0,17,2,0,104,92,92
35,outside,813,20,10,10,2,3,15,0,20,0,19,2,0,116,107,107
35,outside,814,24,11,13,4,2,18,0,24,0,23,2,0,130,125,125
35,outside,815,25,12,13,1,4,20,0,25,0,24,2,0,148,145,145
35,outside,816,27,13,14,3,1,23,0,27,0,27,3,0,168,168,168
35,outside,817,31,15,16,4,3,24,0,31,0,31,3,0,188,192,192
35,outside,818,33,17,16,2,4,27,0,33,0,33,3,0,210,219,219
35,outside,819,37,18,19,4,2,31,0,37,0,37,3,0,236,250,250
35,outside,820,37,16,21,3,4,30,0,37,0,40,6,0,266,280,280
35,outside,821,41,17,24,7,3,31,0,41,0,47,9,0,296,311,311
35,outside,822,42,16,26,2,7,33,0,42,0,49,10,0,326,344,344
35,outside,823,50,21,29,8,2,40,0,50,0,57,10,0,354,384,384
35,outside,824,52,22,30,3,8,41,0,52,0,60,11,0,386,425,425
35,outside,825,60,28,32,10,3,47,0,60,0,70,13,0,416,472,472
35,outside,826,66,31,35,7,9,50,0,66,0,77,14,0,456,522,522
35,outside,827,72,33,39,9,7,56,0,72,0,86,17,0,500,578,578
35,outside,828,79,38,41,9,9,61,0,79,0,95,19,0,552,639,639
35,outside,829,84,40,44,8,9,67,0,84,0,103,22,0,610,706,706
35,outside,830,94,47,47,11,8,75,0,94,0,114,23,0,672,781,781
35,outside,831,99,49,50,7,11,81,0,99,0,121,25,0,746,862,862
35,outside,832,108,57,51,13,7,88,0,108,0,134,29,0,824,950,950
35,outside,833,121,62,59,16,13,92,0,121,0,150,32,0,914,1042,1042
35,outside,834,128,62,66,15,15,98,0,128,0,165,40,0,1006,1140,1140
35,outside,835,140,65,75,16,14,110,0,140,0,181,44,0,1108,1250,1250
35,outside,836,147,73,74,14,15,118,0,147,0,195,51,0,1218,1368,1368
35,outside,837,163,87,76,18,13,132,0,163,0,213,53,0,1332,1500,1500
35,outside,838,176,95,81,21,18,137,0,176,0,234,61,0,1458,1637,1637
35,outside,839,197,108,89,24,20,153,0,197,0,258,64,0,1596,1790,1790
35,outside,840,223,115,108,33,23,167,0,223,0,291,71,0,1758,1957,1957
35,outside,841,252,126,126,35,33,184,0,252,0,326,77,0,1936,2141,2141
35,outside,842,279,146,133,37,35,207,0,279,0,363,87,0,2138,2348,2348
35,outside,843,302,156,146,31,37,234,0,302,0,394,95,0,2354,2582,2582
35,outside,844,340,176,164,45,30,265,0,340,0,439,102,0,2586,2847,2847
35,outside,845,372,192,180,43,44,285,0,372,0,482,113,0,2860,3132,3132
35,outside,846,419,219,200,58,42,319,0,419,0,540,124,0,3154,3451,3451
35,outside,847,469,239,230,59,57,353,0,469,0,599,133,0,3486,3804,3804
35,outside,848,517,264,253,63,58,396,0,517,0,662,148,0,3858,4200,4200
35,outside,849,568,290,278,65,62,441,0,568,0,727,162,0,4280,4641,4641
35,outside,850,617,317,300,74,64,479,0,617,0,801,187,0,4732,5120,5120
36,farmyard,800,3,2,1,0,0,3,3,0,0,0,0,0,0,0,0
36,farmyard,801,5,2,3,2,0,3,5,0,1,2,0,0,8,3,3
36,farmyard,802,5,2,3,0,2,3,5,0,1,2,0,0,16,6,6
36,farmyard,803,7,3,4,2,0,5,7,0,1,4,0,0,24,11,11
36,farmyard,804,6,3,3,0,2,4,6,0,1,4,1,0,32,15,15
36,farmyard,805,7,4,3,2,0,5,7,0,1,6,2,0,40,20,20
36,farmyard,806,8,4,4,1,2,5,8,0,1,7,2,0,52,25,25
36,farmyard,807,10,4,6,2,1,7,10,0,1,9,2,0,64,32,32
36,farmyard,808,9,3,6,0,2,7,9,0,1,9,3,0,80,39,39
36,farmyard,809,8,2,6,0,0,8,8,0,1,9,4,0,92,47,47
36,farmyard,810,7,2,5,0,0,7,7,0,1,9,5,0,100,54,54
36,farmyard,811,6,2,4,0,0,6,6,0,1,9,6,0,108,60,60
36,farmyard,812,7,3,4,1,0,6,7,0,1,10,6,0,116,66,66
36,farmyard,813,6,2,4,0,1,5,6,0,1,10,7,0,124,71,71
36,farmyard,814,6,2,4,0,0,6,6,0,1,10,7,0,128,77,77
36,farmyard,815,7,2,5,1,0,6,7,0,1,11,7,0,136,83,83
36,farmyard,816,7,2,5,0,1,6,7,0,1,11,7,0,144,89,89
36,farmyard,817,7,2,5,1,0,6,7,0,1,12,8,0,152,95,95
36,farmyard,818,5,1,4,0,0,5,5,0,1,12,10,0,160,100,100
36,farmyard,819,5,1,4,0,0,5,5,0,1,12,10,0,164,105,105
36,farmyard,820,5,2,3,1,0,4,5,0,1,13,11,0,168,109,109
36,farmyard,821,5,2,3,0,1,4,5,0,1,13,11,0,172,113,113
36,farmyard,822,6,2,4,1,0,5,6,0,1,14,11,0,176,118,118
36,farmyard,823,7,3,4,1,1,5,7,0,1,15,11,0,184,123,123
36,farmyard,824,6,2,4,0,0,6,6,0,1,15,12,0,192,129,129
36,farmyard,825,7,3,4,1,0,6,7,0,1,16,12,0,200,135,135
36,farmyard,826,6,3,3,0,1,5,6,0,1,16,13,0,208,140,140
36,farmyard,827,7,3,4,1,0,6,7,0,1,17,13,0,216,146,146
36,farmyard,828,8,3,5,1,1,6,8,0,1,18,13,0,228,152,152
36,farmyard,829,7,3,4,0,1,6,7,0,1,18,14,0,240,158,158
36,farmyard,830,5,2,3,1,0,4,5,0,1,19,17,0,252,162,162
36,farmyard,831,4,2,2,0,1,3,4,0,0,19,18,0,256,165,165
36,farmyard,832,3,1,2,0,0,3,3,0,0,19,19,0,260,168,168
36,farmyard,833,4,1,3,1,0,3,4,0,0,20,19,0,264,171,171
36,farmyard,834,4,1,3,0,1,3,4,0,0,20,19,0,268,174,174
36,farmyard,835,4,1,3,0,0,4,4,0,0,20,19,0,272,178,178
36,farmyard,836,5,1,4,1,0,4,5,0,1,21,19,0,276,182,182
36,farmyard,837,4,0,4,0,1,3,4,0,0,21,20,0,280,185,185
36,farmyard,838,4,0,4,0,0,4,4,0,0,21,20,0,280,189,189
36,farmyard,839,4,0,4,0,0,4,4,0,0,21,20,0,280,193,193
36,farmyard,840,4,0,4,0,0,4,4,0,0,21,20,0,280,197,197
36,farmyard,841,4,0,4,0,0,4,4,0,0,21,20,0,280,201,201
36,farmyard,842,4,0,4,0,0,4,4,0,0,21,20,0,280,205,205
36,farmyard,843,4,0,4,0,0,4,4,0,0,21,20,0,280,209,209
36,farmyard,844,4,0,4,0,0,4,4,0,0,21,20,0,280,213,213
36,farmyard,845,4,0,4,0,0,4,4,0,0,21,20,0,280,217,217
36,farmyard,846,3,0,3,0,0,3,3,0,0,21,21,0,280,220,220
36,farmyard,847,3,0,3,0,0,3,3,0,0,21,21,0,280,223,223
36,farmyard,848,2,0,2,0,0,2,2,0,0,21,22,0,280,225,225
36,farmyard,849,2,0,2,0,0,2,2,0,0,21,22,0,280,227,227
36,farmyard,850,2,0,2,0,0,2,2,0,0,21,22,0,280,229,229
36,outside,800,3,2,1,0,0,3,0,3,0,0,0,0,0,0,0
36,outside,801,5,2,3,2,0,3,0,5,0,2,0,0,4,3,3
36,outside,802,5,2,3,0,2,3,0,5,0,2,0,0,8,6,6
36,outside,803,7,3,4,2,0,5,0,7,0,4,0,0,12,11,11
36,outside,804,7,3,4,0,2,5,0,7,0,4,0,0,16,16,16
36,outside,805,9,5,4,2,0,7,0,9,0,6,0,0,20,23,23
36,outside,806,9,5,4,1,2,6,0,9,0,7,1,0,26,29,29
36,outside,807,9,4,5,1,1,7,0,9,0,8,2,0,32,36,36
36,outside,808,11,4,7,2,1,8,0,11,0,10,2,0,40,44,44
36,outside,809,12,4,8,1,2,9,0,12,0,11,2,0,48,53,53
36,outside,810,13,4,9,1,1,11,0,13,0,12,2,0,56,64,64
36,outside,811,14,5,9,1,1,12,0,14,0,13,2,0,64,76,76
36,outside,812,15,5,10,1,1,13,0,15,0,14,2,0,72,89,89
36,outside,813,17,5,12,2,1,14,0,17,0,16,2,0,80,103,103
36,outside,814,17,5,12,0,2,15,0,17,0,16,2,0,90,118,118
36,outside,815,19,5,14,2,0,17,0,19,0,18,2,0,100,135,135
36,outside,816,21,7,14,2,2,17,0,21,0,20,2,0,110,152,152
36,outside,817,20,6,14,0,2,18,0,20,0,20,3,0,120,170,170
36,outside,818,21,7,14,3,0,18,0,21,0,23,5,0,128,188,188
36,outside,819,21,7,14,0,3,18,0,21,0,23,5,0,138,206,206
36,outside,820,24,8,16,3,0,21,0,24,0,26,5,0,148,227,227
36,outside,821,23,8,15,0,3,20,0,23,0,26,6,0,162,247,247
36,outside,822,28,9,19,5,0,23,0,28,0,31,6,0,176,270,270
36,outside,823,27,9,18,0,5,22,0,27,0,31,7,0,192,292,292
36,outside,824,28,9,19,3,0,25,0,28,0,34,9,0,208,317,317
36,outside,825,30,9,21,2,3,25,0,30,0,36,9,0,226,342,342
36,outside,826,30,10,20,2,2,26,0,30,0,38,11,0,244,368,368
36,outside,827,32,12,20,3,2,27,0,32,0,41,12,0,262,395,395
36,outside,828,33,14,19,2,3,28,0,33,0,43,13,0,280,423,423
36,outside,829,36,16,20,4,2,30,0,36,0,47,14,0,300,453,453
36,outside,830,38,17,21,2,4,32,0,38,0,49,14,0,324,485,485
36,outside,831,41,20,21,3,2,36,0,41,0,52,14,0,352,521,521
36,outside,832,41,20,21,5,3,33,0,41,0,57,19,0,384,554,554
36,outside,833,45,21,24,5,4,36,0,45,0,62,20,0,414,590,590
36,outside,834,46,22,24,4,4,38,0,46,0,66,23,0,450,628,628
36,outside,835,48,23,25,5,4,39,0,48,0,71,26,0,484,667,667
36,outside,836,49,24,25,4,5,40,0,49,0,75,29,0,522,707,707
36,outside,837,56,28,28,9,4,43,0,56,0,84,31,0,564,750,750
36,outside,838,61,28,33,8,9,44,0,61,0,92,34,0,606,794,794
36,outside,839,66,32,34,8,8,50,0,66,0,100,37,0,648,844,844
36,outside,840,71,36,35,7,8,56,0,71,0,107,39,0,696,900,900
36,outside,841,78,39,39,9,6,63,0,78,0,116,41,0,748,963,963
36,outside,842,88,45,43,12,8,68,0,88,0,128,43,0,812,1031,1031
36,outside,843,93,47,46,6,12,75,0,93,0,134,44,0,884,1106,1106
36,outside,844,99,52,47,9,6,84,0,99,0,143,47,0,960,1190,1190
36,outside,845,109,58,51,12,9,88,0,109,0,155,49,0,1048,1278,1278
36,outside,846,120,63,57,14,12,94,0,120,0,169,52,0,1138,1372,1372
36,outside,847,131,69,62,14,14,103,0,131,0,183,55,0,1236,1475,1475
36,outside,848,144,73,71,17,13,114,0,144,0,200,59,0,1346,1589,1589
36,outside,849,153,79,74,18,16,119,0,153,0,218,68,0,1466,1708,1708
36,outside,850,170,85,85,21,18,131,0,170,0,239,72,0,1592,1839,1839
37,farmyard,800,3,2,1,0,0,3,3,0,0,0,0,0,0,0,0
37,farmyard,801,5,2,3,2,0,3,5,0,1,2,0,0,8,3,3
37,farmyard,802,4,1,3,0,2,2,4,0,0,2,1,0,16,5,5
37,farmyard,803,4,1,3,0,0,4,4,0,0,2,1,0,20,9,9
37,farmyard,804,4,1,3,0,0,4,4,0,0,2,1,0,24,13,13
37,farmyard,805,5,1,4,1,0,4,5,0,1,3,1,0,28,17,17
37,farmyard,806,5,1,4,0,1,4,0,5,0,3,1,0,32,21,21
37,farmyard,807,5,1,4,0,0,5,0,5,0,3,1,0,34,26,26
37,farmyard,808,4,0,4,0,0,4,0,4,0,3,2,0,36,30,30
37,farmyard,809,4,0,4,0,0,4,0,4,0,3,2,0,36,34,34
37,farmyard,810,4,0,4,0,0,4,0,4,0,3,2,0,36,38,38
37,farmyard,811,3,0,3,0,0,3,0,3,0,3,3,0,36,41,41
37,farmyard,812,3,0,3,0,0,3,0,3,0,3,3,0,36,44,44
37,farmyard,813,3,0,3,0,0,3,0,3,0,3,3,0,36,47,47
37,farmyard,814,3,0,3,0,0,3,0,3,0,3,3,0,36,50,50
37,farmyard,815,2,0,2,0,0,2,0,2,0,3,4,0,36,52,52
37,farmyard,816,2,0,2,0,0,2,0,2,0,3,4,0,36,54,54
37,farmyard,817,1,0,1,0,0,1,0,1,0,3,5,0,36,55,55
37,farmyard,818,1,0,1,0,0,1,0,1,0,3,5,0,36,56,56
37,farmyard,819,1,0,1,0,0,1,0,1,0,3,5,0,36,57,57
37,farmyard,820,1,0,1,0,0,1,0,1,0,3,5,0,36,58,58
37,farmyard,821,1,0,1,0,0,1,0,1,0,3,5,0,36,59,59
37,farmyard,822,1,0,1,0,0,1,0,1,0,3,5,0,36,60,60
37,farmyard,823,1,0,1,0,0,1,0,1,0,3,5,0,36,61,61
37,farmyard,824,1,0,1,0,0,1,0,1,0,3,5,0,36,62,62
37,farmyard,825,1,0,1,0,0,1,0,1,0,3,5,0,36,63,63
37,farmyard,826,1,0,1,0,0,1,0,1,0,3,5,0,36,64,64
37,farmyard,827,1,0,1,0,0,1,0,1,0,3,5,0,36,65,65
37,farmyard,828,1,0,1,0,0,1,0,1,0,3,5,0,36,66,66
37,farmyard,829,1,0,1,0,0,1,0,1,0,3,5,0,36,67,67
37,farmyard,830,0,0,0,0,0,0,0,0,0,3,6,0,36,67,67
37,farmyard,831,0,0,0,0,0,0,0,0,0,3,6,0,36,67,67
37,farmyard,832,0,0,0,0,0,0,0,0,0,3,6,0,36,67,67
37,farmyard,833,0,0,0,0,0,0,0,0,0,3,6,0,36,67,67
37,farmyard,834,0,0,0,0,0,0,0,0,0,3,6,0,36,67,67
37,farmyard,835,0,0,0,0,0,0,0,0,0,3,6,0,36,67,67
37,farmyard,836,0,0,0,0,0,0,0,0,0,3,6,0,36,67,67
37,farmyard,837,0,0,0,0,0,0,0,0,0,3,6,0,36,67,67
37,farmyard,838,0,0,0,0,0,0,0,0,0,3,6,0,36,67,67
37,farmyard,839,0,0,0,0,0,0,0,0,0,3,6,0,36,67,67
37,farmyard,840,0,0,0,0,0,0,0,0,0,3,6,0,36,67,67
37,farmyard,841,0,0,0,0,0,0,0,0,0,3,6,0,36,67,67
37,farmyard,842,0,0,0,0,0,0,0,0,0,3,6,0,36,67,67
37,farmyard,843,0,0,0,0,0,0,0,0,0,3,6,0,36,67,67
37,farmyard,844,0,0,0,0,0,0,0,0,0,3,6,0,36,67,67
37,farmyard,845,0,0,0,0,0,0,0,0,0,3,6,0,36,67,67
37,farmyard,846,0,0,0,0,0,0,0,0,0,3,6,0,36,67,67
37,farmyard,847,0,0,0,0,0,0,0,0,0,3,6,0,36,67,67
37,farmyard,848,0,0,0,0,0,0,0,0,0,3,6,0,36,67,67
37,farmyard,849,0,0,0,0,0,0,0,0,0,3,6,0,36,67,67
37,farmyard,850,0,0,0,0,0,0,0,0,0,3,6,0,36,67,67
37,outside,800,3,2,1,0,0,3,0,3,0,0,0,0,0,0,0
37,outside,801,5,2,3,2,0,3,0,5,0,2,0,0,4,3,3
37,outside,802,4,1,3,0,2,2,0,4,0,2,1,0,8,5,5
37,outside,803,4,1,3,0,0,4,0,4,0,2,1,0,10,9,9
37,outside,804,4,1,3,0,0,4,0,4,0,2,1,0,12,13,13
37,outside,805,5,1,4,1,0,4,0,5,0,3,1,0,14,17,17
37,outside,806,5,1,4,0,1,4,0,5,0,3,1,0,16,21,21
37,outside,807,5,1,4,0,0,5,0,5,0,3,1,0,18,26,26
37,outside,808,4,0,4,0,0,4,0,4,0,3,2,0,20,30,30
37,outside,809,4,0,4,0,0,4,0,4,0,3,2,0,20,34,34
37,outside,810,4,0,4,0,0,4,0,4,0,3,2,0,20,38,38
37,outside,811,3,0,3,0,0,3,0,3,0,3,3,0,20,41,41
37,outside,812,3,0,3,0,0,3,0,3,0,3,3,0,20,44,44
37,outside,813,3,0,3,0,0,3,0,3,0,3,3,0,20,47,47
37,outside,814,3,0,3,0,0,3,0,3,0,3,3,0,20,50,50
37,outside,815,2,0,2,0,0,2,0,2,0,3,4,0,20,52,52
37,outside,816,2,0,2,0,0,2,0,2,0,3,4,0,20,54,54
37,outside,817,1,0,1,0,0,1,0,1,0,3,5,0,20,55,55
37,outside,818,1,0,1,0,0,1,0,1,0,3,5,0,20,56,56
37,outside,819,1,0,1,0,0,1,0,1,0,3,5,0,20,57,57
37,outside,820,1,0,1,0,0,1,0,1,0,3,5,0,20,58,58
37,outside,821,1,0,1,0,0,1,0,1,0,3,5,0,20,59,59
37,outside,822,1,0,1,0,0,1,0,1,0,3,5,0,20,60,60
37,outside,823,1,0,1,0,0,1,0,1,0,3,5,0,20,61,61
37,outside,824,1,0,1,0,0,1,0,1,0,3,5,0,20,62,62
37,outside,825,1,0,1,0,0,1,0,1,0,3,5,0,20,63,63
37,outside,826,1,0,1,0,0,1,0,1,0,3,5,0,20,64,64
37,outside,827,1,0,1,0,0,1,0,1,0,3,5,0,20,65,65
37,outside,828,1,0,1,0,0,1,0,1,0,3,5,0,20,66,66
37,outside,829,1,0,1,0,0,1,0,1,0,3,5,0,20,67,67
37,outside,830,0,0,0,0,0,0,0,0,0,3,6,0,20,67,67
37,outside,831,0,0,0,0,0,0,0,0,0,3,6,0,20,67,67
37,outside,832,0,0,0,0,0,0,0,0,0,3,6,0,20,67,67
37,outside,833,0,0,0,0,0,0,0,0,0,3,6,0,20,67,67
37,outside,834,0,0,0,0,0,0,0,0,0,3,6,0,20,67,67
37,outside,835,0,0,0,0,0,0,0,0,0,3,6,0,20,67,67
37,outside,836,0,0,0,0,0,0,0,0,0,3,6,0,20,67,67
37,outside,837,0,0,0,0,0,0,0,0,0,3,6,0,20,67,67
37,outside,838,0,0,0,0,0,0,0,0,0,3,6,0,20,67,67
37,outside,839,0,0,0,0,0,0,0,0,0,3,6,0,20,67,67
37,outside,840,0,0,0,0,0,0,0,0,0,3,6,0,20,67,67
37,outside,841,0,0,0,0,0,0,0,0,0,3,6,0,20,67,67
37,outside,842,0,0,0,0,0,0,0,0,0,3,6,0,20,67,67
37,outside,843,0,0,0,0,0,0,0,0,0,3,6,0,20,67,67
37,outside,844,0,0,0,0,0,0,0,0,0,3,6,0,20,67,67
37,outside,845,0,0,0,0,0,0,0,0,0,3,6,0,20,67,67
37,outside,846,0,0,0,0,0,0,0,0,0,3,6,0,20,67,67
37,outside,847,0,0,0,0,0,0,0,0,0,3,6,0,20,67,67
37,outside,848,0,0,0,0,0,0,0,0,0,3,6,0,20,67,67
37,outside,849,0,0,0,0,0,0,0,0,0,3,6,0,20,67,67
37,outside,850,0,0,0,0,0,0,0,0,0,3,6,0,20,67,67
38,farmyard,800,3,2,1,0,0,3,3,0,0,0,0,0,0,0,0
38,farmyard,801,3,2,1,0,0,3,3,0,0,0,0,0,8,3,3
38,farmyard,802,4,3,1,1,0,3,4,0,0,1,0,0,16,6,6
38,farmyard,803,4,3,1,0,1,3,4,0,0,1,0,0,24,9,9
38,farmyard,804,6,4,2,2,0,4,6,0,1,3,0,0,32,13,13
38,farmyard,805,6,4,2,0,2,4,6,0,1,3,0,0,44,17,17
38,farmyard,806,7,5,2,1,0,6,7,0,1,4,0,0,56,23,23
38,farmyard,807,7,5,2,1,1,5,7,0,1,5,1,0,72,28,28
38,farmyard,808,8,5,3,1,1,6,8,0,1,6,1,0,84,34,34
38,farmyard,809,10,5,5,2,1,7,10,0,1,8,1,0,100,41,41
38,farmyard,810,10,6,4,1,2,7,10,0,1,9,2,0,120,48,48
38,farmyard,811,12,7,5,2,1,9,12,0,1,11,2,0,140,57,57
38,farmyard,812,8,5,3,0,1,7,8,0,1,11,6,0,160,64,64
38,farmyard,813,9,6,3,1,0,8,9,0,1,12,6,0,176,72,72
38,farmyard,814,10,7,3,1,1,8,10,0,1,13,6,0,196,80,80
38,farmyard,815,11,7,4,2,0,9,11,0,1,15,7,0,216,89,89
38,farmyard,816,10,6,4,0,2,8,10,0,1,15,8,0,240,97,97
38,farmyard,817,11,7,4,2,0,9,11,0,1,17,9,0,260,106,106
38,farmyard,818,9,6,3,0,2,7,9,0,1,17,11,0,284,113,113
38,farmyard,819,10,5,5,2,0,8,10,0,1,19,12,0,304,121,121
38,farmyard,820,11,6,5,1,2,8,11,0,1,20,12,0,324,129,129
38,farmyard,821,9,4,5,1,1,7,9,0,1,21,15,0,344,136,136
38,farmyard,822,10,5,5,1,1,8,10,0,1,22,15,0,356,144,144
38,farmyard,823,9,5,4,1,1,7,9,0,1,23,17,0,372,151,151
38,farmyard,824,8,5,3,0,1,7,8,0,1,23,18,0,384,158,158
38,farmyard,825,7,3,4,1,0,6,7,0,1,24,20,0,400,164,164
38,farmyard,826,8,3,5,1,1,6,8,0,1,25,20,0,412,170,170
38,farmyard,827,6,2,4,0,1,5,6,0,1,25,22,0,424,175,175
38,farmyard,828,6,2,4,0,0,6,6,0,1,25,22,0,432,181,181
38,farmyard,829,5,2,3,0,0,5,5,0,1,25,23,0,440,186,186
38,farmyard,830,4,1,3,1,0,3,4,0,0,26,25,0,448,189,189
38,farmyard,831,4,1,3,0,1,3,4,0,0,26,25,0,452,192,192
38,farmyard,832,5,1,4,1,0,4,5,0,1,27,25,0,456,196,196
38,farmyard,833,5,1,4,0,1,4,5,0,1,27,25,0,460,200,200
38,farmyard,834,6,1,5,1,0,5,6,0,1,28,25,0,464,205,205
38,farmyard,835,5,1,4,0,1,4,5,0,1,28,26,0,468,209,209
38,farmyard,836,4,1,3,0,0,4,4,0,0,28,27,0,472,213,213
38,farmyard,837,3,0,3,0,0,3,3,0,0,28,28,0,476,216,216
38,farmyard,838,3,0,3,0,0,3,3,0,0,28,28,0,476,219,219
38,farmyard,839,3,0,3,0,0,3,3,0,0,28,28,0,476,222,222
38,farmyard,840,3,0,3,0,0,3,3,0,0,28,28,0,476,225,225
38,farmyard,841,3,0,3,0,0,3,3,0,0,28,28,0,476,228,228
38,farmyard,842,3,0,3,0,0,3,0,3,0,28,28,0,476,231,231
38,farmyard,843,3,0,3,0,0,3,0,3,0,28,28,0,476,234,234
38,farmyard,844,2,0,2,0,0,2,0,2,0,28,29,0,476,236,236
38,farmyard,845,1,0,1,0,0,1,0,1,0,28,30,0,476,237,237
38,farmyard,846,1,0,1,0,0,1,0,1,0,28,30,0,476,238,238
38,farmyard,847,1,0,1,0,0,1,0,1,0,28,30,0,476,239,239
38,farmyard,848,0,0,0,0,0,0,0,0,0,28,31,0,476,239,239
38,farmyard,849,0,0,0,0,0,0,0,0,0,28,31,0,476,239,239
38,farmyard,850,0,0,0,0,0,0,0,0,0,28,31,0,476,239,239
38,outside,800,3,2,1,0,0,3,0,3,0,0,0,0,0,0,0
38,outside,801,3,2,1,0,0,3,0,3,0,0,0,0,4,3,3
38,outside,802,4,3,1,1,0,3,0,4,0,1,0,0,8,6,6
38,outside,803,4,3,1,0,1,3,0,4,0,1,0,0,12,9,9
38,outside,804,6,4,2,2,0,4,0,6,0,3,0,0,16,13,13
38,outside,805,6,4,2,0,2,4,0,6,0,3,0,0,22,17,17
38,outside,806,7,5,2,1,0,6,0,7,0,4,0,0,28,23,23
38,outside,807,9,6,3,2,1,6,0,9,0,6,0,0,36,29,29
38,outside,808,11,8,3,2,2,7,0,11,0,8,0,0,44,36,36
38,outside,809,12,8,4,1,2,9,0,12,0,9,0,0,54,45,45
38,outside,810,12,8,4,0,1,11,0,12,0,9,0,0,66,56,56
38,outside,811,17,11,6,5,0,12,0,17,0,14,0,0,82,68,68
38,outside,812,17,11,6,0,5,12,0,17,0,14,0,0,98,80,80
38,outside,813,22,14,8,5,0,17,0,22,0,19,0,0,114,97,97
38,outside,814,23,13,10,2,5,16,0,23,0,21,1,0,136,113,113
38,outside,815,27,15,12,4,2,21,0,27,0,25,1,0,156,134,134
38,outside,816,31,16,15,4,4,23,0,31,0,29,1,0,182,157,157
38,outside,817,33,15,18,3,4,26,0,33,0,32,2,0,208,183,183
38,outside,818,37,16,21,5,3,29,0,37,0,37,3,0,236,212,212
38,outside,819,41,18,23,4,5,32,0,41,0,41,3,0,264,244,244
38,outside,820,43,20,23,4,3,36,0,43,0,45,5,0,292,280,280
38,outside,821,46,20,26,4,4,38,0,46,0,49,6,0,322,318,318
38,outside,822,54,24,30,8,4,42,0,54,0,57,6,0,354,360,360
38,outside,823,55,22,33,4,7,44,0,55,0,61,9,0,392,404,404
38,outside,824,60,25,35,8,4,48,0,60,0,69,12,0,430,452,452
38,outside,825,62,26,36,4,8,50,0,62,0,73,14,0,474,502,502
38,outside,826,65,27,38,7,4,54,0,65,0,80,18,0,514,556,556
38,outside,827,73,31,42,8,7,58,0,73,0,88,18,0,556,614,614
38,outside,828,77,36,41,7,7,63,0,77,0,95,21,0,604,677,677
38,outside,829,80,39,41,6,7,67,0,80,0,101,24,0,658,744,744
38,outside,830,89,43,46,10,6,73,0,89,0,111,25,0,720,817,817
38,outside,831,96,44,52,10,10,76,0,96,0,121,28,0,790,893,893
38,outside,832,101,45,56,10,10,81,0,101,0,131,33,0,862,974,974
38,outside,833,106,51,55,9,9,88,0,106,0,140,37,0,936,1062,1062
38,outside,834,110,56,54,10,8,92,0,110,0,150,43,0,1014,1154,1154
38,outside,835,124,65,59,18,10,96,0,124,0,168,47,0,1098,1250,1250
38,outside,836,135,68,67,14,18,103,0,135,0,182,50,0,1192,1353,1353
38,outside,837,148,73,75,18,13,117,0,148,0,200,55,0,1294,1470,1470
38,outside,838,166,88,78,20,18,128,0,166,0,220,57,0,1416,1598,1598
38,outside,839,183,98,85,19,20,144,0,183,0,239,59,0,1548,1742,1742
38,outside,840,210,114,96,34,18,158,0,210,0,273,66,0,1692,1900,1900
38,outside,841,233,126,107,31,33,169,0,233,0,304,74,0,1866,2069,2069
38,outside,842,259,143,116,32,30,197,0,259,0,336,80,0,2058,2266,2266
38,outside,843,280,154,126,29,31,220,0,280,0,365,88,0,2278,2486,2486
38,outside,844,331,174,157,54,29,248,0,331,0,419,91,0,2518,2734,2734
38,outside,845,350,177,173,32,53,265,0,350,0,451,104,0,2792,2999,2999
38,outside,846,395,202,193,55,32,308,0,395,0,506,114,0,3076,3307,3307
38,outside,847,430,216,214,47,53,330,0,430,0,553,126,0,3390,3637,3637
38,outside,848,460,230,230,48,44,368,0,460,0,601,144,0,3726,4005,4005
38,outside,849,501,247,254,59,48,394,0,501,0,660,162,0,4108,4399,4399
38,outside,850,542,274,268,59,57,426,0,542,0,719,180,0,4496,4825,4825
39,farmyard,800,3,2,1,0,0,3,3,0,0,0,0,0,0,0,0
39,farmyard,801,5,4,1,2,0,3,5,0,1,2,0,0,8,3,3
39,farmyard,802,5,4,1,0,2,3,5,0,1,2,0,0,16,6,6
39,farmyard,803,7,5,2,2,0,5,7,0,1,4,0,0,24,11,11
39,farmyard,804,8,5,3,1,2,5,8,0,1,5,0,0,40,16,16
39,farmyard,805,9,5,4,2,1,6,9,0,1,7,1,0,56,22,22
39,farmyard,806,9,5,4,2,1,6,9,0,1,9,3,0,72,28,28
39,farmyard,807,8,4,4,1,2,5,8,0,1,10,5,0,88,33,33
39,farmyard,808,9,4,5,2,1,6,9,0,1,12,6,0,104,39,39
39,farmyard,809,10,5,5,1,2,7,10,0,1,13,6,0,116,46,46
39,farmyard,810,9,4,5,0,1,8,9,0,1,13,7,0,128,54,54
39,farmyard,811,10,5,5,2,0,8,10,0,1,15,8,0,140,62,62
39,farmyard,812,7,5,2,1,2,4,7,0,1,16,12,0,156,66,66
39,farmyard,813,7,4,3,2,1,4,7,0,1,18,14,0,168,70,70
39,farmyard,814,8,4,4,1,2,5,8,0,1,19,14,0,176,75,75
39,farmyard,815,10,5,5,2,1,7,10,0,1,21,14,0,188,82,82
39,farmyard,816,11,5,6,2,2,7,11,0,1,23,15,0,204,89,89
39,farmyard,817,10,7,3,2,1,7,10,0,1,25,18,0,220,96,96
39,farmyard,818,7,4,3,0,0,7,7,0,1,25,21,0,240,103,103
39,farmyard,819,9,6,3,2,0,7,9,0,1,27,21,0,256,110,110
39,farmyard,820,10,6,4,2,2,6,10,0,1,29,22,0,272,116,116
39,farmyard,821,10,7,3,2,1,7,10,0,1,31,24,0,284,123,123
39,farmyard,822,10,7,3,1,2,7,10,0,1,32,25,0,304,130,130
39,farmyard,823,9,6,3,1,1,7,9,0,1,33,27,0,328,137,137
39,farmyard,824,9,6,3,1,1,7,9,0,1,34,28,0,352,144,144
39,farmyard,825,9,6,3,1,0,8,9,0,1,35,29,0,376,152,152
39,farmyard,826,9,6,3,2,1,6,9,0,1,37,31,0,400,158,158
39,farmyard,827,9,6,3,1,2,6,9,0,1,38,32,0,416,164,164
39,farmyard,828,10,7,3,1,1,8,10,0,1,39,32,0,428,172,172
39,farmyard,829,10,7,3,1,1,8,10,0,1,40,33,0,448,180,180
39,farmyard,830,8,7,1,2,0,6,8,0,1,42,37,0,468,186,186
39,farmyard,831,10,9,1,2,2,6,10,0,1,44,37,0,488,192,192
39,farmyard,832,11,9,2,2,1,8,11,0,1,46,38,0,508,200,200
39,farmyard,833,8,5,3,1,1,6,8,0,1,47,42,0,536,206,206
39,farmyard,834,10,5,5,2,1,7,10,0,1,49,42,0,556,213,213
39,farmyard,835,9,4,5,1,2,6,9,0,1,50,44,0,576,219,219
39,farmyard,836,9,4,5,0,1,8,9,0,1,50,44,0,588,227,227
39,farmyard,837,10,4,6,2,0,8,10,0,1,52,45,0,600,235,235
39,farmyard,838,6,2,4,0,1,5,6,0,1,52,49,0,612,240,240
39,farmyard,839,6,2,4,0,0,6,6,0,1,52,49,0,620,246,246
39,farmyard,840,6,2,4,1,0,5,6,0,1,53,50,0,628,251,251
39,farmyard,841,6,2,4,0,1,5,6,0,1,53,50,0,636,256,256
39,farmyard,842,6,2,4,0,0,6,6,0,1,53,50,0,644,262,262
39,farmyard,843,6,2,4,0,0,6,6,0,1,53,50,0,652,268,268
39,farmyard,844,6,2,4,0,0,6,6,0,1,53,50,0,660,274,274
39,farmyard,845,5,2,3,0,0,5,5,0,1,53,51,0,668,279,279
39,farmyard,846,4,1,3,0,0,4,4,0,0,53,52,0,676,283,283
39,farmyard,847,4,1,3,0,0,4,4,0,0,53,52,0,680,287,287
39,farmyard,848,4,1,3,0,0,4,4,0,0,53,52,0,684,291,291
39,farmyard,849,4,1,3,0,0,4,4,0,0,53,52,0,688,295,295
39,farmyard,850,4,1,3,0,0,4,4,0,0,53,52,0,692,299,299
39,outside,800,3,2,1,0,0,3,0,3,0,0,0,0,0,0,0
39,outside,801,5,4,1,2,0,3,0,5,0,2,0,0,4,3,3
39,outside,802,5,4,1,0,2,3,0,5,0,2,0,0,8,6,6
39,outside,803,6,5,1,1,0,5,0,6,0,3,0,0,12,11,11
39,outside,804,8,6,2,2,1,5,0,8,0,5,0,0,20,16,16
39,outside,805,9,6,3,1,2,6,0,9,0,6,0,0,28,22,22
39,outside,806,12,6,6,3,1,8,0,12,0,9,0,0,38,30,30
39,outside,807,12,6,6,1,3,8,0,12,0,10,1,0,50,38,38
39,outside,808,12,6,6,1,0,11,0,12,0,11,2,0,60,49,49
39,outside,809,13,6,7,2,1,10,0,13,0,13,3,0,70,59,59
39,outside,810,15,7,8,2,2,11,0,15,0,15,3,0,78,70,70
39,outside,811,16,8,8,1,2,13,0,16,0,16,3,0,88,83,83
39,outside,812,21,11,10,5,1,15,0,21,0,21,3,0,100,98,98
39,outside,813,23,12,11,2,5,16,0,23,0,23,3,0,114,114,114
39,outside,814,26,13,13,3,2,21,0,26,0,26,3,0,130,135,135
39,outside,815,30,14,16,5,3,22,0,30,0,31,4,0,152,157,157
39,outside,816,33,16,17,3,5,25,0,33,0,34,4,0,174,182,182
39,outside,817,38,18,20,6,3,29,0,38,0,40,5,0,198,211,211
39,outside,818,39,19,20,2,6,31,0,39,0,42,6,0,224,242,242
39,outside,819,42,20,22,6,2,34,0,42,0,48,9,0,254,276,276
39,outside,820,47,22,25,5,6,36,0,47,0,53,9,0,286,312,312
39,outside,821,51,22,29,5,5,41,0,51,0,58,10,0,320,353,353
39,outside,822,58,26,32,9,4,45,0,58,0,67,12,0,358,398,398
39,outside,823,60,29,31,4,9,47,0,60,0,71,14,0,398,445,445
39,outside,824,64,31,33,6,3,55,0,64,0,77,16,0,440,500,500
39,outside,825,69,35,34,6,6,57,0,69,0,83,17,0,492,557,557
39,outside,826,72,35,37,6,6,60,0,72,0,89,20,0,548,617,617
39,outside,827,73,34,39,8,6,59,0,73,0,97,27,0,604,676,676
39,outside,828,80,35,45,8,8,64,0,80,0,105,28,0,662,740,740
39,outside,829,92,40,52,13,8,71,0,92,0,118,29,0,726,811,811
39,outside,830,93,40,53,4,13,76,0,93,0,122,32,0,794,887,887
39,outside,831,101,43,58,11,4,86,0,101,0,133,35,0,862,973,973
39,outside,832,104,43,61,7,11,86,0,104,0,140,39,0,938,1059,1059
39,outside,833,108,44,64,7,7,94,0,108,0,147,42,0,1010,1153,1153
39,outside,834,117,50,67,14,7,96,0,117,0,161,47,0,1084,1249,1249
39,outside,835,119,49,70,10,12,97,0,119,0,171,55,0,1158,1346,1346
39,outside,836,132,55,77,18,10,104,0,132,0,189,60,0,1232,1450,1450
39,outside,837,142,57,85,13,18,111,0,142,0,202,63,0,1320,1561,1561
39,outside,838,156,64,92,20,13,123,0,156,0,222,69,0,1412,1684,1684
39,outside,839,163,69,94,12,20,131,0,163,0,234,74,0,1516,1815,1815
39,outside,840,171,75,96,15,12,144,0,171,0,249,81,0,1626,1959,1959
39,outside,841,185,81,104,19,15,151,0,185,0,268,86,0,1748,2110,2110
39,outside,842,192,89,103,16,19,157,0,192,0,284,95,0,1878,2267,2267
39,outside,843,211,101,110,25,15,171,0,211,0,309,101,0,2018,2438,2438
39,outside,844,233,113,120,26,25,182,0,233,0,335,105,0,2170,2620,2620
39,outside,845,254,122,132,31,25,198,0,254,0,366,115,0,2340,2818,2818
39,outside,846,279,136,143,32,31,216,0,279,0,398,122,0,2536,3034,3034
39,outside,847,293,143,150,29,31,233,0,293,0,427,137,0,2750,3267,3267
39,outside,848,317,150,167,34,29,254,0,317,0,461,147,0,2970,3521,3521
39,outside,849,354,171,183,44,34,276,0,354,0,505,154,0,3214,3797,3797
39,outside,850,382,187,195,38,44,300,0,382,0,543,164,0,3480,4097,4097
40,farmyard,800,3,2,1,0,0,3,3,0,0,0,0,0,0,0,0
40,farmyard,801,3,2,1,0,0,3,3,0,0,0,0,0,8,3,3
40,farmyard,802,5,2,3,2,0,3,5,0,1,2,0,0,16,6,6
40,farmyard,803,5,2,3,0,2,3,5,0,1,2,0,0,24,9,9
40,farmyard,804,5,1,4,1,0,4,5,0,1,3,1,0,32,13,13
40,farmyard,805,5,1,4,0,1,4,5,0,1,3,1,0,36,17,17
40,farmyard,806,5,1,4,0,0,5,5,0,1,3,1,0,40,22,22
40,farmyard,807,4,1,3,0,0,4,4,0,0,3,2,0,44,26,26
40,farmyard,808,5,1,4,1,0,4,5,0,1,4,2,0,48,30,30
40,farmyard,809,5,1,4,0,1,4,5,0,1,4,2,0,52,34,34
40,farmyard,810,5,1,4,0,0,5,5,0,1,4,2,0,56,39,39
40,farmyard,811,5,1,4,0,0,5,5,0,1,4,2,0,60,44,44
40,farmyard,812,3,0,3,0,0,3,3,0,0,4,4,0,64,47,47
40,farmyard,813,3,0,3,0,0,3,3,0,0,4,4,0,64,50,50
40,farmyard,814,3,0,3,0,0,3,3,0,0,4,4,0,64,53,53
40,farmyard,815,3,0,3,0,0,3,3,0,0,4,4,0,64,56,56
40,farmyard,816,3,0,3,0,0,3,3,0,0,4,4,0,64,59,59
40,farmyard,817,3,0,3,0,0,3,3,0,0,4,4,0,64,62,62
40,farmyard,818,3,0,3,0,0,3,3,0,0,4,4,0,64,65,65
40,farmyard,819,3,0,3,0,0,3,3,0,0,4,4,0,64,68,68
40,farmyard,820,2,0,2,0,0,2,2,0,0,4,5,0,64,70,70
40,farmyard,821,2,0,2,0,0,2,2,0,0,4,5,0,64,72,72
40,farmyard,822,1,0,1,0,0,1,1,0,0,4,6,0,64,73,73
40,farmyard,823,1,0,1,0,0,1,1,0,0,4,6,0,64,74,74
40,farmyard,824,1,0,1,0,0,1,1,0,0,4,6,0,64,75,75
40,farmyard,825,0,0,0,0,0,0,0,0,0,4,7,0,64,75,75
40,farmyard,826,0,0,0,0,0,0,0,0,0,4,7,0,64,75,75
40,farmyard,827,0,0,0,0,0,0,0,0,0,4,7,0,64,75,75
40,farmyard,828,0,0,0,0,0,0,0,0,0,4,7,0,64,75,75
40,farmyard,829,0,0,0,0,0,0,0,0,0,4,7,0,64,75,75
40,farmyard,830,0,0,0,0,0,0,0,0,0,4,7,0,64,75,75
40,farmyard,831,0,0,0,0,0,0,0,0,0,4,7,0,64,75,75
40,farmyard,832,0,0,0,0,0,0,0,0,0,4,7,0,64,75,75
40,farmyard,833,0,0,0,0,0,0,0,0,0,4,7,0,64,75,75
40,farmyard,834,0,0,0,0,0,0,0,0,0,4,7,0,64,75,75
40,farmyard,835,0,0,0,0,0,0,0,0,0,4,7,0,64,75,75
40,farmyard,836,0,0,0,0,0,0,0,0,0,4,7,0,64,75,75
40,farmyard,837,0,0,0,0,0,0,0,0,0,4,7,0,64,75,75
40,farmyard,838,0,0,0,0,0,0,0,0,0,4,7,0,64,75,75
40,farmyard,839,0,0,0,0,0,0,0,0,0,4,7,0,64,75,75
40,farmyard,840,0,0,0,0,0,0,0,0,0,4,7,0,64,75,75
40,farmyard,841,0,0,0,0,0,0,0,0,0,4,7,0,64,75,75
40,farmyard,842,0,0,0,0,0,0,0,0,0,4,7,0,64,75,75
40,farmyard,843,0,0,0,0,0,0,0,0,0,4,7,0,64,75,75
40,farmyard,844,0,0,0,0,0,0,0,0,0,4,7,0,64,75,75
40,farmyard,845,0,0,0,0,0,0,0,0,0,4,7,0,64,75,75
40,farmyard,846,0,0,0,0,0,0,0,0,0,4,7,0,64,75,75
40,farmyard,847,0,0,0,0,0,0,0,0,0,4,7,0,64,75,75
40,farmyard,848,0,0,0,0,0,0,0,0,0,4,7,0,64,75,75
40,farmyard,849,0,0,0,0,0,0,0,0,0,4,7,0,64,75,75
40,farmyard,850,0,0,0,0,0,0,0,0,0,4,7,0,64,75,75
40,outside,800,3,2,1,0,0,3,0,3,0,0,0,0,0,0,0
40,outside,801,3,2,1,0,0,3,0,3,0,0,0,0,4,3,3
40,outside,802,5,2,3,2,0,3,0,5,0,2,0,0,8,6,6
40,outside,803,5,2,3,0,2,3,0,5,0,2,0,0,12,9,9
40,outside,804,6,2,4,1,0,5,0,6,0,3,0,0,16,14,14
40,outside,805,7,3,4,1,1,5,0,7,0,4,0,0,20,19,19
40,outside,806,8,3,5,1,1,6,0,8,0,5,0,0,24,25,25
40,outside,807,8,3,5,0,1,7,0,8,0,5,0,0,28,32,32
40,outside,808,8,3,5,0,0,8,0,8,0,5,0,0,34,40,40
40,outside,809,9,3,6,1,0,8,0,9,0,6,0,0,40,48,48
40,outside,810,8,3,5,0,1,7,0,8,0,6,1,0,46,55,55
40,outside,811,8,3,5,1,0,7,0,8,0,7,2,0,52,62,62
40,outside,812,8,3,5,0,1,7,0,8,0,7,2,0,56,69,69
40,outside,813,9,3,6,1,0,8,0,9,0,8,2,0,60,77,77
40,outside,814,8,3,5,0,1,7,0,8,0,8,3,0,66,84,84
40,outside,815,7,2,5,0,0,7,0,7,0,8,4,0,72,91,91
40,outside,816,8,2,6,1,0,7,0,8,0,9,4,0,76,98,98
40,outside,817,8,2,6,0,1,7,0,8,0,9,4,0,80,105,105
40,outside,818,7,2,5,0,0,7,0,7,0,9,5,0,84,112,112
40,outside,819,8,2,6,1,0,7,0,8,0,10,5,0,88,119,119
40,outside,820,8,2,6,0,1,7,0,8,0,10,5,0,92,126,126
40,outside,821,7,2,5,0,0,7,0,7,0,10,6,0,96,133,133
40,outside,822,7,2,5,0,0,7,0,7,0,10,6,0,100,140,140
40,outside,823,6,2,4,0,0,6,0,6,0,10,7,0,104,146,146
40,outside,824,5,2,3,0,0,5,0,5,0,10,8,0,108,151,151
40,outside,825,5,2,3,0,0,5,0,5,0,10,8,0,112,156,156
40,outside,826,5,2,3,0,0,5,0,5,0,10,8,0,116,161,161
40,outside,827,5,2,3,0,0,5,0,5,0,10,8,0,120,166,166
40,outside,828,4,1,3,0,0,4,0,4,0,10,9,0,124,170,170
40,outside,829,3,1,2,0,0,3,0,3,0,10,10,0,126,173,173
40,outside,830,3,1,2,0,0,3,0,3,0,10,10,0,128,176,176
40,outside,831,2,1,1,0,0,2,0,2,0,10,11,0,130,178,178
40,outside,832,1,0,1,0,0,1,0,1,0,10,12,0,132,179,179
40,outside,833,1,0,1,0,0,1,0,1,0,10,12,0,132,180,180
40,outside,834,1,0,1,0,0,1,0,1,0,10,12,0,132,181,181
40,outside,835,1,0,1,0,0,1,0,1,0,10,12,0,132,182,182
40,outside,836,0,0,0,0,0,0,0,0,0,10,13,0,132,182,182
40,outside,837,0,0,0,0,0,0,0,0,0,10,13,0,132,182,182
40,outside,838,0,0,0,0,0,0,0,0,0,10,13,0,132,182,182
40,outside,839,0,0,0,0,0,0,0,0,0,10,13,0,132,182,182
40,outside,840,0,0,0,0,0,0,0,0,0,10,13,0,132,182,182
40,outside,841,0,0,0,0,0,0,0,0,0,10,13,0,132,182,182
40,outside,842,0,0,0,0,0,0,0,0,0,10,13,0,132,182,182
40,outside,843,0,0,0,0,0,0,0,0,0,10,13,0,132,182,182
40,outside,844,0,0,0,0,0,0,0,0,0,10,13,0,132,182,182
40,outside,845,0,0,0,0,0,0,0,0,0,10,13,0,132,182,182
40,outside,846,0,0,0,0,0,0,0,0,0,10,13,0,132,182,182
40,outside,847,0,0,0,0,0,0,0,0,0,10,13,0,132,182,182
40,outside,848,0,0,0,0,0,0,0,0,0,10,13,0,132,182,182
40,outside,849,0,0,0,0,0,0,0,0,0,10,13,0,132,182,182
40,outside,850,0,0,0,0,0,0,0,0,0,10,13,0,132,182,182
41,farmyard,800,3,2,1,0,0,3,3,0,0,0,0,0,0,0,0
41,farmyard,801,5,2,3,2,0,3,5,0,1,2,0,0,8,3,3
41,farmyard,802,5,2,3,0,2,3,5,0,1,2,0,0,16,6,6
41,farmyard,803,6,3,3,1,0,5,6,0,1,3,0,0,24,11,11
41,farmyard,804,6,3,3,1,1,4,6,0,1,4,1,0,32,15,15
41,farmyard,805,6,2,4,1,1,4,6,0,1,5,2,0,40,19,19
41,farmyard,806,6,2,4,0,1,5,6,0,1,5,2,0,48,24,24
41,farmyard,807,7,2,5,1,0,6,7,0,1,6,2,0,56,30,30
41,farmyard,808,8,3,5,1,1,6,8,0,1,7,2,0,64,36,36
41,farmyard,809,9,3,6,1,1,7,9,0,1,8,2,0,72,43,43
41,farmyard,810,10,4,6,2,1,7,10,0,1,10,3,0,80,50,50
41,farmyard,811,9,4,5,0,2,7,9,0,1,10,4,0,92,57,57
41,farmyard,812,12,6,6,3,0,9,12,0,1,13,4,0,104,66,66
41,farmyard,813,10,5,5,0,3,7,10,0,1,13,6,0,120,73,73
41,farmyard,814,10,4,6,2,0,8,10,0,1,15,8,0,132,81,81
41,farmyard,815,7,3,4,0,2,5,7,0,1,15,11,0,144,86,86
41,farmyard,816,10,4,6,3,0,7,10,0,1,18,11,0,152,93,93
41,farmyard,817,9,3,6,0,3,6,9,0,1,18,12,0,164,99,99
41,farmyard,818,11,4,7,2,0,9,11,0,1,20,12,0,172,108,108
41,farmyard,819,9,4,5,1,1,7,9,0,1,21,15,0,184,115,115
41,farmyard,820,7,4,3,0,1,6,7,0,1,21,17,0,192,121,121
41,farmyard,821,7,5,2,1,0,6,7,0,1,22,18,0,204,127,127
41,farmyard,822,9,5,4,2,1,6,9,0,1,24,18,0,220,133,133
41,farmyard,823,8,4,4,1,2,5,8,0,1,25,20,0,236,138,138
41,farmyard,824,9,4,5,1,1,7,9,0,1,26,20,0,248,145,145
41,farmyard,825,9,5,4,2,1,6,9,0,1,28,22,0,260,151,151
41,farmyard,826,8,5,3,1,1,6,8,0,1,29,24,0,276,157,157
41,farmyard,827,7,4,3,1,1,5,7,0,1,30,26,0,292,162,162
41,farmyard,828,7,4,3,0,1,6,7,0,1,30,26,0,308,168,168
41,farmyard,829,8,5,3,2,0,6,8,0,1,32,27,0,324,174,174
41,farmyard,830,5,3,2,0,2,3,5,0,1,32,30,0,336,177,177
41,farmyard,831,6,3,3,2,0,4,6,0,1,34,31,0,340,181,181
41,farmyard,832,6,3,3,0,2,4,6,0,1,34,31,0,348,185,185
41,farmyard,833,5,2,3,0,0,5,5,0,1,34,32,0,356,190,190
41,farmyard,834,5,2,3,0,0,5,5,0,1,34,32,0,364,195,195
41,farmyard,835,6,3,3,2,0,4,6,0,1,36,33,0,372,199,199
41,farmyard,836,6,3,3,0,2,4,6,0,1,36,33,0,380,203,203
41,farmyard,837,8,4,4,2,0,6,8,0,1,38,33,0,388,209,209
41,farmyard,838,9,4,5,1,2,6,9,0,1,39,33,0,400,215,215
41,farmyard,839,9,4,5,1,1,7,9,0,1,40,34,0,412,222,222
41,farmyard,840,7,5,2,1,1,5,7,0,1,41,37,0,424,227,227
41,farmyard,841,9,6,3,2,1,6,9,0,1,43,37,0,436,233,233
41,farmyard,842,8,5,3,0,2,6,8,0,1,43,38,0,452,239,239
41,farmyard,843,9,5,4,1,0,8,0,9,0,44,38,0,468,247,247
41,farmyard,844,9,5,4,0,1,8,0,9,0,44,38,0,478,255,255
41,farmyard,845,12,6,6,3,0,9,0,12,0,47,38,0,488,264,264
41,farmyard,846,12,5,7,1,3,8,0,12,0,48,39,0,498,272,272
41,farmyard,847,12,6,6,1,1,10,0,12,0,49,40,0,506,282,282
41,farmyard,848,14,7,7,2,1,11,0,14,0,51,40,0,516,293,293
41,farmyard,849,17,9,8,3,2,12,0,17,0,54,40,0,526,305,305
41,farmyard,850,16,9,7,1,3,12,0,16,0,55,42,0,538,317,317
41,outside,800,3,2,1,0,0,3,0,3,0,0,0,0,0,0,0
41,outside,801,5,2,3,2,0,3,0,5,0,2,0,0,4,3,3
41,outside,802,5,2,3,0,2,3,0,5,0,2,0,0,8,6,6
41,outside,803,6,3,3,1,0,5,0,6,0,3,0,0,12,11,11
41,outside,804,7,3,4,1,1,5,0,7,0,4,0,0,16,16,16
41,outside,805,8,3,5,1,1,6,0,8,0,5,0,0,20,22,22
41,outside,806,9,3,6,1,1,7,0,9,0,6,0,0,26,29,29
41,outside,807,9,3,6,0,1,8,0,9,0,6,0,0,32,37,37
41,outside,808,11,4,7,2,0,9,0,11,0,8,0,0,38,46,46
41,outside,809,12,5,7,1,2,9,0,12,0,9,0,0,44,55,55
41,outside,810,12,5,7,0,1,11,0,12,0,9,0,0,50,66,66
41,outside,811,14,6,8,2,0,12,0,14,0,11,0,0,58,78,78
41,outside,812,15,6,9,1,2,12,0,15,0,12,0,0,68,90,90
41,outside,813,16,5,11,2,1,13,0,16,0,14,1,0,78,103,103
41,outside,814,16,5,11,1,2,13,0,16,0,15,2,0,88,116,116
41,outside,815,16,5,11,1,1,14,0,16,0,16,3,0,96,130,130
41,outside,816,18,6,12,2,1,15,0,18,0,18,3,0,104,145,145
41,outside,817,19,7,12,1,2,16,0,19,0,19,3,0,114,161,161
41,outside,818,22,10,12,3,1,18,0,22,0,22,3,0,124,179,179
41,outside,819,22,10,12,0,3,19,0,22,0,22,3,0,136,198,198
41,outside,820,25,11,14,3,0,22,0,25,0,25,3,0,150,220,220
41,outside,821,24,11,13,1,3,20,0,24,0,26,5,0,170,240,240
41,outside,822,26,12,14,3,1,22,0,26,0,29,6,0,188,262,262
41,outside,823,25,13,12,2,3,20,0,25,0,31,9,0,208,282,282
41,outside,824,32,17,15,7,2,23,0,32,0,38,9,0,230,305,305
41,outside,825,34,18,16,2,7,25,0,34,0,40,9,0,254,330,330
41,outside,826,38,21,17,5,2,31,0,38,0,45,10,0,280,361,361
41,outside,827,42,21,21,7,5,30,0,42,0,52,13,0,314,391,391
41,outside,828,44,23,21,3,7,34,0,44,0,55,14,0,344,425,425
41,outside,829,50,26,24,7,3,40,0,50,0,62,15,0,380,465,465
41,outside,830,56,27,29,6,7,43,0,56,0,68,15,0,422,508,508
41,outside,831,65,29,36,10,6,49,0,65,0,78,16,0,468,557,557
41,outside,832,69,29,40,7,10,52,0,69,0,85,19,0,520,609,609
41,outside,833,73,32,41,8,6,59,0,73,0,93,23,0,568,668,668
41,outside,834,76,34,42,5,8,63,0,76,0,98,25,0,620,731,731
41,outside,835,81,37,44,10,5,66,0,81,0,108,30,0,678,797,797
41,outside,836,90,42,48,11,9,70,0,90,0,119,32,0,736,867,867
41,outside,837,98,47,51,8,11,79,0,98,0,127,32,0,798,946,946
41,outside,838,106,52,54,10,8,88,0,106,0,137,34,0,870,1034,1034
41,outside,839,112,55,57,10,9,93,0,112,0,147,38,0,952,1127,1127
41,outside,840,120,62,58,11,10,99,0,120,0,158,41,0,1042,1226,1226
41,outside,841,127,65,62,11,11,105,0,127,0,169,45,0,1140,1331,1331
41,outside,842,136,71,65,17,10,109,0,136,0,186,53,0,1244,1440,1440
41,outside,843,148,80,68,18,17,113,0,148,0,204,59,0,1356,1553,1553
41,outside,844,164,85,79,20,17,127,0,164,0,224,63,0,1474,1680,1680
41,outside,845,179,96,83,22,20,137,0,179,0,246,70,0,1606,1817,1817
41,outside,846,188,104,84,17,22,149,0,188,0,263,78,0,1752,1966,1966
41,outside,847,205,115,90,25,17,163,0,205,0,288,86,0,1912,2129,2129
41,outside,848,228,122,106,29,25,174,0,228,0,317,92,0,2090,2303,2303
41,outside,849,251,131,120,30,29,192,0,251,0,347,99,0,2282,2495,2495
41,outside,850,277,149,128,31,29,217,0,277,0,378,104,0,2498,2712,2712
42,farmyard,800,3,2,1,0,0,3,3,0,0,0,0,0,0,0,0
42,farmyard,801,3,2,1,0,0,3,3,0,0,0,0,0,8,3,3
42,farmyard,802,5,2,3,2,0,3,5,0,1,2,0,0,16,6,6
42,farmyard,803,5,2,3,0,2,3,5,0,1,2,0,0,24,9,9
42,farmyard,804,7,3,4,2,0,5,7,0,1,4,0,0,32,14,14
42,farmyard,805,6,3,3,0,2,4,6,0,1,4,1,0,40,18,18
42,farmyard,806,7,3,4,1,0,6,7,0,1,5,1,0,48,24,24
42,farmyard,807,8,3,5,1,1,6,8,0,1,6,1,0,60,30,30
42,farmyard,808,7,2,5,0,1,6,7,0,1,6,2,0,72,36,36
42,farmyard,809,6,1,5,0,0,6,6,0,1,6,3,0,80,42,42
42,farmyard,810,5,0,5,0,0,5,5,0,1,6,4,0,84,47,47
42,farmyard,811,5,0,5,0,0,5,5,0,1,6,4,0,84,52,52
42,farmyard,812,4,0,4,0,0,4,4,0,0,6,5,0,84,56,56
42,farmyard,813,4,0,4,0,0,4,4,0,0,6,5,0,84,60,60
42,farmyard,814,4,0,4,0,0,4,4,0,0,6,5,0,84,64,64
42,farmyard,815,4,0,4,0,0,4,4,0,0,6,5,0,84,68,68
42,farmyard,816,4,0,4,0,0,4,4,0,0,6,5,0,84,72,72
42,farmyard,817,4,0,4,0,0,4,4,0,0,6,5,0,84,76,76
42,farmyard,818,3,0,3,0,0,3,3,0,0,6,6,0,84,79,79
42,farmyard,819,3,0,3,0,0,3,3,0,0,6,6,0,84,82,82
42,farmyard,820,3,0,3,0,0,3,3,0,0,6,6,0,84,85,85
42,farmyard,821,3,0,3,0,0,3,3,0,0,6,6,0,84,88,88
42,farmyard,822,2,0,2,0,0,2,2,0,0,6,7,0,84,90,90
42,farmyard,823,2,0,2,0,0,2,2,0,0,6,7,0,84,92,92
42,farmyard,824,2,0,2,0,0,2,2,0,0,6,7,0,84,94,94
42,farmyard,825,2,0,2,0,0,2,2,0,0,6,7,0,84,96,96
42,farmyard,826,1,0,1,0,0,1,1,0,0,6,8,0,84,97,97
42,farmyard,827,0,0,0,0,0,0,0,0,0,6,9,0,84,97,97
42,farmyard,828,0,0,0,0,0,0,0,0,0,6,9,0,84,97,97
42,farmyard,829,0,0,0,0,0,0,0,0,0,6,9,0,84,97,97
42,farmyard,830,0,0,0,0,0,0,0,0,0,6,9,0,84,97,97
42,farmyard,831,0,0,0,0,0,0,0,0,0,6,9,0,84,97,97
42,farmyard,832,0,0,0,0,0,0,0,0,0,6,9,0,84,97,97
42,farmyard,833,0,0,0,0,0,0,0,0,0,6,9,0,84,97,97
42,farmyard,834,0,0,0,0,0,0,0,0,0,6,9,0,84,97,97
42,farmyard,835,0,0,0,0,0,0,0,0,0,6,9,0,84,97,97
42,farmyard,836,0,0,0,0,0,0,0,0,0,6,9,0,84,97,97
42,farmyard,837,0,0,0,0,0,0,0,0,0,6,9,0,84,97,97
42,farmyard,838,0,0,0,0,0,0,0,0,0,6,9,0,84,97,97
42,farmyard,839,0,0,0,0,0,0,0,0,0,6,9,0,84,97,97
42,farmyard,840,0,0,0,0,0,0,0,0,0,6,9,0,84,97,97
42,farmyard,841,0,0,0,0,0,0,0,0,0,6,9,0,84,97,97
42,farmyard,842,0,0,0,0,0,0,0,0,0,6,9,0,84,97,97
42,farmyard,843,0,0,0,0,0,0,0,0,0,6,9,0,84,97,97
42,farmyard,844,0,0,0,0,0,0,0,0,0,6,9,0,84,97,97
42,farmyard,845,0,0,0,0,0,0,0,0,0,6,9,0,84,97,97
42,farmyard,846,0,0,0,0,0,0,0,0,0,6,9,0,84,97,97
42,farmyard,847,0,0,0,0,0,0,0,0,0,6,9,0,84,97,97
42,farmyard,848,0,0,0,0,0,0,0,0,0,6,9,0,84,97,97
42,farmyard,849,0,0,0,0,0,0,0,0,0,6,9,0,84,97,97
42,farmyard,850,0,0,0,0,0,0,0,0,0,6,9,0,84,97,97
42,outside,800,3,2,1,0,0,3,0,3,0,0,0,0,0,0,0
42,outside,801,3,2,1,0,0,3,0,3,0,0,0,0,4,3,3
42,outside,802,5,2,3,2,0,3,0,5,0,2,0,0,8,6,6
42,outside,803,5,2,3,0,2,3,0,5,0,2,0,0,12,9,9
42,outside,804,7,3,4,2,0,5,0,7,0,4,0,0,16,14,14
42,outside,805,7,3,4,0,2,5,0,7,0,4,0,0,20,19,19
42,outside,806,8,4,4,1,0,7,0,8,0,5,0,0,24,26,26
42,outside,807,9,4,5,1,1,7,0,9,0,6,0,0,30,33,33
42,outside,808,10,4,6,1,1,8,0,10,0,7,0,0,36,41,41
42,outside,809,13,5,8,3,1,9,0,13,0,10,0,0,44,50,50
42,outside,810,14,5,9,1,3,10,0,14,0,11,0,0,52,60,60
42,outside,811,14,5,9,0,1,13,0,14,0,11,0,0,60,73,73
42,outside,812,14,4,10,1,0,13,0,14,0,12,1,0,70,86,86
42,outside,813,15,4,11,1,1,13,0,15,0,13,1,0,78,99,99
42,outside,814,15,4,11,0,1,14,0,15,0,13,1,0,86,113,113
42,outside,815,17,4,13,2,0,15,0,17,0,15,1,0,94,128,128
42,outside,816,18,5,13,1,2,15,0,18,0,16,1,0,102,143,143
42,outside,817,18,5,13,0,1,17,0,18,0,16,1,0,110,160,160
42,outside,818,18,5,13,0,0,18,0,18,0,16,1,0,118,178,178
42,outside,819,19,4,15,2,0,17,0,19,0,18,2,0,128,195,195
42,outside,820,16,2,14,0,2,14,0,16,0,18,5,0,136,209,209
42,outside,821,17,3,14,1,0,16,0,17,0,19,5,0,140,225,225
42,outside,822,16,3,13,0,1,15,0,16,0,19,6,0,144,240,240
42,outside,823,14,3,11,1,0,13,0,14,0,20,9,0,148,253,253
42,outside,824,12,3,9,0,1,11,0,12,0,20,11,0,154,264,264
42,outside,825,11,4,7,1,0,10,0,11,0,21,13,0,160,274,274
42,outside,826,11,4,7,0,1,10,0,11,0,21,13,0,166,284,284
42,outside,827,10,4,6,1,0,9,0,10,0,22,15,0,172,293,293
42,outside,828,10,4,6,0,1,9,0,10,0,22,15,0,178,302,302
42,outside,829,12,7,5,3,0,9,0,12,0,25,16,0,184,311,311
42,outside,830,12,7,5,0,3,9,0,12,0,25,16,0,192,320,320
42,outside,831,16,8,8,4,0,12,0,16,0,29,16,0,200,332,332
42,outside,832,16,8,8,1,4,11,0,16,0,30,17,0,214,343,343
42,outside,833,20,9,11,4,1,15,0,20,0,34,17,0,228,358,358
42,outside,834,22,11,11,2,4,16,0,22,0,36,17,0,244,374,374
42,outside,835,25,11,14,3,2,20,0,25,0,39,17,0,260,394,394
42,outside,836,29,15,14,4,3,22,0,29,0,43,17,0,278,416,416
42,outside,837,30,16,14,1,4,25,0,30,0,44,17,0,300,441,441
42,outside,838,37,19,18,8,1,28,0,37,0,52,18,0,322,469,469
42,outside,839,38,20,18,2,8,28,0,38,0,54,19,0,350,497,497
42,outside,840,41,22,19,4,2,35,0,41,0,58,20,0,380,532,532
42,outside,841,45,25,20,5,4,36,0,45,0,63,21,0,416,568,568
42,outside,842,49,30,19,8,5,36,0,49,0,71,25,0,454,604,604
42,outside,843,50,30,20,2,8,40,0,50,0,73,26,0,496,644,644
42,outside,844,59,35,24,10,2,47,0,59,0,83,27,0,542,691,691
42,outside,845,66,38,28,7,10,49,0,66,0,90,27,0,600,740,740
42,outside,846,80,41,39,16,7,57,0,80,0,106,29,0,660,797,797
42,outside,847,86,43,43,9,16,61,0,86,0,115,32,0,726,858,858
42,outside,848,99,50,49,13,9,77,0,99,0,128,32,0,796,935,935
42,outside,849,105,55,50,11,12,82,0,105,0,139,37,0,876,1017,1017
42,outside,850,122,61,61,19,11,92,0,122,0,158,39,0,958,1109,1109
43,farmyard,800,3,2,1,0,0,3,3,0,0,0,0,0,0,0,0
43,farmyard,801,3,2,1,0,0,3,3,0,0,0,0,0,8,3,3
43,farmyard,802,5,3,2,2,0,3,5,0,1,2,0,0,16,6,6
43,farmyard,803,5,3,2,0,2,3,5,0,1,2,0,0,24,9,9
43,farmyard,804,5,3,2,1,0,4,5,0,1,3,1,0,32,13,13
43,farmyard,805,5,3,2,1,0,4,5,0,1,4,2,0,44,17,17
43,farmyard,806,6,3,3,1,1,4,6,0,1,5,2,0,56,21,21
43,farmyard,807,6,3,3,0,1,5,6,0,1,5,2,0,68,26,26
43,farmyard,808,9,4,5,3,0,6,9,0,1,8,2,0,80,32,32
43,farmyard,809,8,3,5,0,3,5,8,0,1,8,3,0,92,37,37
43,farmyard,810,10,5,5,2,0,8,10,0,1,10,3,0,100,45,45
43,farmyard,811,10,5,5,0,2,8,10,0,1,10,3,0,112,53,53
43,farmyard,812,10,5,5,1,0,9,10,0,1,11,4,0,124,62,62
43,farmyard,813,9,3,6,1,1,7,9,0,1,12,6,0,144,69,69
43,farmyard,814,9,4,5,1,1,7,9,0,1,13,7,0,156,76,76
43,farmyard,815,8,3,5,0,1,7,8,0,1,13,8,0,168,83,83
43,farmyard,816,7,2,5,1,0,6,7,0,1,14,10,0,176,89,89
43,farmyard,817,7,2,5,0,1,6,7,0,1,14,10,0,184,95,95
43,farmyard,818,6,2,4,0,0,6,6,0,1,14,11,0,192,101,101
43,farmyard,819,6,2,4,0,0,6,6,0,1,14,11,0,200,107,107
43,farmyard,820,5,1,4,0,0,5,5,0,1,14,12,0,208,112,112
43,farmyard,821,5,2,3,1,0,4,5,0,1,15,13,0,212,116,116
43,farmyard,822,5,2,3,0,1,4,5,0,1,15,13,0,216,120,120
43,farmyard,823,6,3,3,1,0,5,6,0,1,16,13,0,220,125,125
43,farmyard,824,7,3,4,1,1,5,7,0,1,17,13,0,228,130,130
43,farmyard,825,5,3,2,0,1,4,5,0,1,17,15,0,236,134,134
43,farmyard,826,6,4,2,1,0,5,6,0,1,18,15,0,248,139,139
43,farmyard,827,7,5,2,1,1,5,7,0,1,19,15,0,260,144,144
43,farmyard,828,7,4,3,1,1,5,7,0,1,20,16,0,272,149,149
43,farmyard,829,8,5,3,1,1,6,8,0,1,21,16,0,284,155,155
43,farmyard,830,6,3,3,0,1,5,6,0,1,21,18,0,300,160,160
43,farmyard,831,7,4,3,1,0,6,7,0,1,22,18,0,308,166,166
43,farmyard,832,4,3,1,0,1,3,4,0,0,22,21,0,320,169,169
43,farmyard,833,6,4,2,2,0,4,6,0,1,24,21,0,328,173,173
43,farmyard,834,7,4,3,1,2,4,7,0,1,25,21,0,340,177,177
43,farmyard,835,9,5,4,2,1,6,9,0,1,27,21,0,352,183,183
43,farmyard,836,7,4,3,0,2,5,7,0,1,27,23,0,368,188,188
43,farmyard,837,7,3,4,1,0,6,7,0,1,28,24,0,380,194,194
43,farmyard,838,7,3,4,0,1,6,7,0,1,28,24,0,392,200,200
43,farmyard,839,7,2,5,1,0,6,7,0,1,29,25,0,404,206,206
43,farmyard,840,6,1,5,0,1,5,6,0,1,29,26,0,412,211,211
43,farmyard,841,6,1,5,0,0,6,6,0,1,29,26,0,416,217,217
43,farmyard,842,6,1,5,0,0,6,6,0,1,29,26,0,420,223,223
43,farmyard,843,5,1,4,0,0,5,5,0,1,29,27,0,424,228,228
43,farmyard,844,5,1,4,0,0,5,5,0,1,29,27,0,428,233,233
43,farmyard,845,5,1,4,0,0,5,5,0,1,29,27,0,432,238,238
43,farmyard,846,5,1,4,0,0,5,5,0,1,29,27,0,436,243,243
43,farmyard,847,4,1,3,0,0,4,4,0,0,29,28,0,440,247,247
43,farmyard,848,4,1,3,0,0,4,4,0,0,29,28,0,444,251,251
43,farmyard,849,4,1,3,0,0,4,4,0,0,29,28,0,448,255,255
43,farmyard,850,4,1,3,0,0,4,4,0,0,29,28,0,452,259,259
43,outside,800,3,2,1,0,0,3,0,3,0,0,0,0,0,0,0
43,outside,801,3,2,1,0,0,3,0,3,0,0,0,0,4,3,3
43,outside,802,5,3,2,2,0,3,0,5,0,2,0,0,8,6,6
43,outside,803,5,3,2,0,2,3,0,5,0,2,0,0,12,9,9
43,outside,804,6,3,3,1,0,5,0,6,0,3,0,0,16,14,14
43,outside,805,6,3,3,0,1,5,0,6,0,3,0,0,22,19,19
43,outside,806,6,3,3,0,0,6,0,6,0,3,0,0,28,25,25
43,outside,807,7,3,4,1,0,6,0,7,0,4,0,0,34,31,31
43,outside,808,7,4,3,1,1,5,0,7,0,5,1,0,40,36,36
43,outside,809,7,3,4,1,1,5,0,7,0,6,2,0,46,41,41
43,outside,810,7,3,4,0,1,6,0,7,0,6,2,0,50,47,47
43,outside,811,8,3,5,1,0,7,0,8,0,7,2,0,56,54,54
43,outside,812,7,2,5,0,1,6,0,7,0,7,3,0,62,60,60
43,outside,813,6,1,5,0,0,6,0,6,0,7,4,0,66,66,66
43,outside,814,6,1,5,0,0,6,0,6,0,7,4,0,68,72,72
43,outside,815,7,1,6,1,0,6,0,7,0,8,4,0,70,78,78
43,outside,816,7,1,6,0,1,6,0,7,0,8,4,0,72,84,84
43,outside,817,7,1,6,0,0,7,0,7,0,8,4,0,74,91,91
43,outside,818,8,1,7,1,0,7,0,8,0,9,4,0,76,98,98
43,outside,819,8,1,7,0,1,7,0,8,0,9,4,0,78,105,105
43,outside,820,8,1,7,0,0,8,0,8,0,9,4,0,80,113,113
43,outside,821,8,1,7,0,0,8,0,8,0,9,4,0,82,121,121
43,outside,822,7,1,6,0,0,7,0,7,0,9,5,0,84,128,128
43,outside,823,7,1,6,0,0,7,0,7,0,9,5,0,86,135,135
43,outside,824,6,0,6,0,0,6,0,6,0,9,6,0,88,141,141
43,outside,825,6,0,6,0,0,6,0,6,0,9,6,0,88,147,147
43,outside,826,6,0,6,0,0,6,0,6,0,9,6,0,88,153,153
43,outside,827,4,0,4,0,0,4,0,4,0,9,8,0,88,157,157
43,outside,828,4,0,4,0,0,4,0,4,0,9,8,0,88,161,161
43,outside,829,4,0,4,0,0,4,0,4,0,9,8,0,88,165,165
43,outside,830,4,0,4,0,0,4,0,4,0,9,8,0,88,169,169
43,outside,831,4,0,4,0,0,4,0,4,0,9,8,0,88,173,173
43,outside,832,4,0,4,0,0,4,0,4,0,9,8,0,88,177,177
43,outside,833,4,0,4,0,0,4,0,4,0,9,8,0,88,181,181
43,outside,834,4,0,4,0,0,4,0,4,0,9,8,0,88,185,185
43,outside,835,3,0,3,0,0,3,0,3,0,9,9,0,88,188,188
43,outside,836,2,0,2,0,0,2,0,2,0,9,10,0,88,190,190
43,outside,837,1,0,1,0,0,1,0,1,0,9,11,0,88,191,191
43,outside,838,1,0,1,0,0,1,0,1,0,9,11,0,88,192,192
43,outside,839,1,0,1,0,0,1,0,1,0,9,11,0,88,193,193
43,outside,840,1,0,1,0,0,1,0,1,0,9,11,0,88,194,194
43,outside,841,0,0,0,0,0,0,0,0,0,9,12,0,88,194,194
43,outside,842,0,0,0,0,0,0,0,0,0,9,12,0,88,194,194
43,outside,843,0,0,0,0,0,0,0,0,0,9,12,0,88,194,194
43,outside,844,0,0,0,0,0,0,0,0,0,9,12,0,88,194,194
43,outside,845,0,0,0,0,0,0,0,0,0,9,12,0,88,194,194
43,outside,846,0,0,0,0,0,0,0,0,0,9,12,0,88,194,194
43,outside,847,0,0,0,0,0,0,0,0,0,9,12,0,88,194,194
43,outside,848,0,0,0,0,0,0,0,0,0,9,12,0,88,194,194
43,outside,849,0,0,0,0,0,0,0,0,0,9,12,0,88,194,194
43,outside,850,0,0,0,0,0,0,0,0,0,9,12,0,88,194,194
44,farmyard,800,3,2,1,0,0,3,3,0,0,0,0,0,0,0,0
44,farmyard,801,4,2,2,1,0,3,4,0,0,1,0,0,8,3,3
44,farmyard,802,5,2,3,1,1,3,5,0,1,2,0,0,16,6,6
44,farmyard,803,5,2,3,0,1,4,5,0,1,2,0,0,24,10,10
44,farmyard,804,4,2,2,0,0,4,4,0,0,2,1,0,32,14,14
44,farmyard,805,6,3,3,2,0,4,6,0,1,4,1,0,40,18,18
44,farmyard,806,6,3,3,0,2,4,6,0,1,4,1,0,48,22,22
44,farmyard,807,5,2,3,0,0,5,5,0,1,4,2,0,56,27,27
44,farmyard,808,6,3,3,1,0,5,6,0,1,5,2,0,64,32,32
44,farmyard,809,6,3,3,0,1,5,6,0,1,5,2,0,72,37,37
44,farmyard,810,7,4,3,1,0,6,7,0,1,6,2,0,80,43,43
44,farmyard,811,6,4,2,1,1,4,6,0,1,7,4,0,92,47,47
44,farmyard,812,5,3,2,0,1,4,5,0,1,7,5,0,100,51,51
44,farmyard,813,6,3,3,1,0,5,6,0,1,8,5,0,108,56,56
44,farmyard,814,7,4,3,1,1,5,7,0,1,9,5,0,120,61,61
44,farmyard,815,7,4,3,0,1,6,7,0,1,9,5,0,132,67,67
44,farmyard,816,8,4,4,1,0,7,8,0,1,10,5,0,144,74,74
44,farmyard,817,10,6,4,2,1,7,10,0,1,12,5,0,160,81,81
44,farmyard,818,8,5,3,0,2,6,8,0,1,12,7,0,176,87,87
44,farmyard,819,9,6,3,2,0,7,9,0,1,14,8,0,188,94,94
44,farmyard,820,10,7,3,1,2,7,10,0,1,15,8,0,204,101,101
44,farmyard,821,10,5,5,2,1,7,10,0,1,17,10,0,220,108,108
44,farmyard,822,8,4,4,0,1,7,8,0,1,17,12,0,236,115,115
44,farmyard,823,9,5,4,3,0,6,9,0,1,20,14,0,252,121,121
44,farmyard,824,8,4,4,0,2,6,8,0,1,20,15,0,264,127,127
44,farmyard,825,8,5,3,1,0,7,8,0,1,21,16,0,276,134,134
44,farmyard,826,8,5,3,1,1,6,8,0,1,22,17,0,292,140,140
44,farmyard,827,10,6,4,2,1,7,10,0,1,24,17,0,304,147,147
44,farmyard,828,12,7,5,2,2,8,12,0,1,26,17,0,320,155,155
44,farmyard,829,8,5,3,0,1,7,8,0,1,26,21,0,340,162,162
44,farmyard,830,9,6,3,1,0,8,9,0,1,27,21,0,356,170,170
44,farmyard,831,10,7,3,1,1,8,10,0,1,28,21,0,376,178,178
44,farmyard,832,9,5,4,2,1,6,9,0,1,30,24,0,396,184,184
44,farmyard,833,10,5,5,1,2,7,10,0,1,31,24,0,412,191,191
44,farmyard,834,11,5,6,2,1,8,11,0,1,33,25,0,432,199,199
44,farmyard,835,9,5,4,0,1,8,9,0,1,33,27,0,448,207,207
44,farmyard,836,8,5,3,0,0,8,8,0,1,33,28,0,464,215,215
44,farmyard,837,10,5,5,2,0,8,10,0,1,35,28,0,484,223,223
44,farmyard,838,11,5,6,1,2,8,11,0,1,36,28,0,504,231,231
44,farmyard,839,10,4,6,0,1,9,10,0,1,36,29,0,524,240,240
44,farmyard,840,9,3,6,1,0,8,9,0,1,37,31,0,540,248,248
44,farmyard,841,7,2,5,0,1,6,7,0,1,37,33,0,548,254,254
44,farmyard,842,7,2,5,1,0,6,7,0,1,38,34,0,552,260,260
44,farmyard,843,6,2,4,0,1,5,6,0,1,38,35,0,556,265,265
44,farmyard,844,7,2,5,1,0,6,7,0,1,39,35,0,560,271,271
44,farmyard,845,8,3,5,1,1,6,8,0,1,40,35,0,568,277,277
44,farmyard,846,6,2,4,0,0,6,6,0,1,40,37,0,576,283,283
44,farmyard,847,7,2,5,1,0,6,7,0,1,41,37,0,584,289,289
44,farmyard,848,4,0,4,0,1,3,4,0,0,41,40,0,592,292,292
44,farmyard,849,4,0,4,0,0,4,0,4,0,41,40,0,592,296,296
44,farmyard,850,4,0,4,0,0,4,0,4,0,41,40,0,592,300,300
44,outside,800,3,2,1,0,0,3,0,3,0,0,0,0,0,0,0
44,outside,801,4,2,2,1,0,3,0,4,0,1,0,0,4,3,3
44,outside,802,5,2,3,1,1,3,0,5,0,2,0,0,8,6,6
44,outside,803,5,2,3,0,1,4,0,5,0,2,0,0,12,10,10
44,outside,804,5,2,3,0,0,5,0,5,0,2,0,0,16,15,15
44,outside,805,6,3,3,1,0,5,0,6,0,3,0,0,20,20,20
44,outside,806,6,3,3,0,1,5,0,6,0,3,0,0,24,25,25
44,outside,807,6,2,4,1,0,5,0,6,0,4,1,0,28,30,30
44,outside,808,7,3,4,1,1,5,0,7,0,5,1,0,32,35,35
44,outside,809,7,3,4,0,1,6,0,7,0,5,1,0,36,41,41
44,outside,810,7,3,4,0,0,7,0,7,0,5,1,0,40,48,48
44,outside,811,7,3,4,0,0,7,0,7,0,5,1,0,46,55,55
44,outside,812,9,4,5,2,0,7,0,9,0,7,1,0,52,62,62
44,outside,813,9,4,5,0,2,7,0,9,0,7,1,0,58,69,69
44,outside,814,9,4,5,0,0,9,0,9,0,7,1,0,64,78,78
44,outside,815,11,6,5,2,0,9,0,11,0,9,1,0,72,87,87
44,outside,816,12,6,6,1,2,9,0,12,0,10,1,0,80,96,96
44,outside,817,14,8,6,2,1,11,0,14,0,12,1,0,88,107,107
44,outside,818,13,9,4,1,2,10,0,13,0,13,3,0,100,117,117
44,outside,819,16,10,6,3,1,12,0,16,0,16,3,0,112,129,129
44,outside,820,16,9,7,1,3,12,0,16,0,17,4,0,128,141,141
44,outside,821,17,9,8,2,1,14,0,17,0,19,5,0,144,155,155
44,outside,822,18,10,8,1,2,15,0,18,0,20,5,0,160,170,170
44,outside,823,20,12,8,2,1,17,0,20,0,22,5,0,176,187,187
44,outside,824,23,14,9,3,2,18,0,23,0,25,5,0,194,205,205
44,outside,825,25,15,10,2,3,20,0,25,0,27,5,0,214,225,225
44,outside,826,30,18,12,5,2,23,0,30,0,32,5,0,238,248,248
44,outside,827,33,19,14,4,5,24,0,33,0,36,6,0,266,272,272
44,outside,828,36,19,17,4,4,28,0,36,0,40,7,0,294,300,300
44,outside,829,42,22,20,6,4,32,0,42,0,46,7,0,328,332,332
44,outside,830,45,22,23,4,6,35,0,45,0,50,8,0,366,367,367
44,outside,831,53,28,25,8,4,41,0,53,0,58,8,0,402,408,408
44,outside,832,55,28,27,3,8,44,0,55,0,61,9,0,444,452,452
44,outside,833,61,31,30,7,3,51,0,61,0,68,10,0,486,503,503
44,outside,834,64,32,32,7,7,50,0,64,0,75,14,0,538,553,553
44,outside,835,73,37,36,10,7,56,0,73,0,85,15,0,588,609,609
44,outside,836,79,40,39,8,10,61,0,79,0,93,17,0,644,670,670
44,outside,837,86,43,43,11,8,67,0,86,0,104,21,0,704,737,737
44,outside,838,97,46,51,11,11,75,0,97,0,115,21,0,772,812,812
44,outside,839,103,49,54,10,11,82,0,103,0,125,25,0,848,894,894
44,outside,840,112,50,62,12,9,91,0,112,0,137,28,0,930,985,985
44,outside,841,126,59,67,15,12,99,0,126,0,152,29,0,1016,1084,1084
44,outside,842,138,65,73,15,15,108,0,138,0,167,32,0,1108,1192,1192
44,outside,843,153,75,78,19,15,119,0,153,0,186,36,0,1204,1311,1311
44,outside,844,167,84,83,18,19,130,0,167,0,204,40,0,1316,1441,1441
44,outside,845,183,92,91,19,18,146,0,183,0,223,43,0,1438,1587,1587
44,outside,846,195,98,97,19,19,157,0,195,0,242,50,0,1582,1744,1744
44,outside,847,207,101,106,21,19,167,0,207,0,263,59,0,1742,1911,1911
44,outside,848,222,109,113,24,20,178,0,222,0,287,68,0,1910,2089,2089
44,outside,849,241,117,124,23,24,194,0,241,0,310,72,0,2090,2282,2283
44,outside,850,260,125,135,29,23,208,0,260,0,339,82,0,2282,2487,2491
45,farmyard,800,3,2,1,0,0,3,3,0,0,0,0,0,0,0,0
45,farmyard,801,5,3,2,2,0,3,5,0,1,2,0,0,8,3,3
45,farmyard,802,5,3,2,0,2,3,5,0,1,2,0,0,16,6,6
45,farmyard,803,7,5,2,2,0,5,7,0,1,4,0,0,24,11,11
45,farmyard,804,8,6,2,1,2,5,8,0,1,5,0,0,36,16,16
45,farmyard,805,7,6,1,1,0,6,7,0,1,6,2,0,48,22,22
45,farmyard,806,8,6,2,2,1,5,8,0,1,8,3,0,68,27,27
45,farmyard,807,10,7,3,2,2,6,10,0,1,10,3,0,84,33,33
45,farmyard,808,12,9,3,3,2,7,12,0,1,13,4,0,104,40,40
45,farmyard,809,13,10,3,2,3,8,13,0,1,15,5,0,128,48,48
45,farmyard,810,11,8,3,0,2,9,11,0,1,15,7,0,152,57,57
45,farmyard,811,11,7,4,3,0,8,11,0,1,18,10,0,176,65,65
45,farmyard,812,12,6,6,2,3,7,12,0,1,20,11,0,200,72,72
45,farmyard,813,13,8,5,3,1,9,13,0,1,23,13,0,220,81,81
45,farmyard,814,9,4,5,1,2,6,9,0,1,24,18,0,244,87,87
45,farmyard,815,10,4,6,2,0,8,10,0,1,26,19,0,252,95,95
45,farmyard,816,7,3,4,0,2,5,7,0,1,26,22,0,264,100,100
45,farmyard,817,6,2,4,0,0,6,6,0,1,26,23,0,272,106,106
45,farmyard,818,7,2,5,1,0,6,7,0,1,27,23,0,280,112,112
45,farmyard,819,7,2,5,0,1,6,7,0,1,27,23,0,288,118,118
45,farmyard,820,8,2,6,1,0,7,8,0,1,28,23,0,296,125,125
45,farmyard,821,7,2,5,0,1,6,7,0,1,28,24,0,304,131,131
45,farmyard,822,7,2,5,0,0,7,7,0,1,28,24,0,312,138,138
45,farmyard,823,7,2,5,0,0,7,7,0,1,28,24,0,320,145,145
45,farmyard,824,8,2,6,1,0,7,8,0,1,29,24,0,328,152,152
45,farmyard,825,7,2,5,0,1,6,7,0,1,29,25,0,336,158,158
45,farmyard,826,7,2,5,0,0,7,7,0,1,29,25,0,344,165,165
45,farmyard,827,6,2,4,0,0,6,6,0,1,29,26,0,352,171,171
45,farmyard,828,6,2,4,0,0,6,6,0,1,29,26,0,360,177,177
45,farmyard,829,6,2,4,0,0,6,6,0,1,29,26,0,368,183,183
45,farmyard,830,6,2,4,0,0,6,6,0,1,29,26,0,376,189,189
45,farmyard,831,6,2,4,0,0,6,6,0,1,29,26,0,384,195,195
45,farmyard,832,5,1,4,0,0,5,5,0,1,29,27,0,392,200,200
45,farmyard,833,5,1,4,0,0,5,5,0,1,29,27,0,396,205,205
45,farmyard,834,5,1,4,0,0,5,5,0,1,29,27,0,400,210,210
45,farmyard,835,3,1,2,0,0,3,3,0,0,29,29,0,404,213,213
45,farmyard,836,1,1,0,0,0,1,1,0,0,29,31,0,408,214,214
45,farmyard,837,1,1,0,0,0,1,1,0,0,29,31,0,412,215,215
45,farmyard,838,1,1,0,0,0,1,1,0,0,29,31,0,416,216,216
45,farmyard,839,1,1,0,0,0,1,1,0,0,29,31,0,420,217,217
45,farmyard,840,0,0,0,0,0,0,0,0,0,29,32,0,424,217,217
45,farmyard,841,0,0,0,0,0,0,0,0,0,29,32,0,424,217,217
45,farmyard,842,0,0,0,0,0,0,0,0,0,29,32,0,424,217,217
45,farmyard,843,0,0,0,0,0,0,0,0,0,29,32,0,424,217,217
45,farmyard,844,0,0,0,0,0,0,0,0,0,29,32,0,424,217,217
45,farmyard,845,0,0,0,0,0,0,0,0,0,29,32,0,424,217,217
45,farmyard,846,0,0,0,0,0,0,0,0,0,29,32,0,424,217,217
45,farmyard,847,0,0,0,0,0,0,0,0,0,29,32,0,424,217,217
45,farmyard,848,0,0,0,0,0,0,0,0,0,29,32,0,424,217,217
45,farmyard,849,0,0,0,0,0,0,0,0,0,29,32,0,424,217,217
45,farmyard,850,0,0,0,0,0,0,0,0,0,29,32,0,424,217,217
45,outside,800,3,2,1,0,0,3,0,3,0,0,0,0,0,0,0
45,outside,801,5,3,2,2,0,3,0,5,0,2,0,0,4,3,3
45,outside,802,5,3,2,0,2,3,0,5,0,2,0,0,8,6,6
45,outside,803,7,5,2,2,0,5,0,7,0,4,0,0,12,11,11
45,outside,804,8,6,2,1,2,5,0,8,0,5,0,0,18,16,16
45,outside,805,9,7,2,1,1,7,0,9,0,6,0,0,24,23,23
45,outside,806,10,7,3,1,1,8,0,10,0,7,0,0,34,31,31
45,outside,807,11,7,4,1,1,9,0,11,0,8,0,0,46,40,40
45,outside,808,14,9,5,3,1,10,0,14,0,11,0,0,60,50,50
45,outside,809,17,11,6,3,3,11,0,17,0,14,0,0,74,61,61
45,outside,810,18,12,6,1,3,14,0,18,0,15,0,0,88,75,75
45,outside,811,22,12,10,4,1,17,0,22,0,19,0,0,106,92,92
45,outside,812,24,12,12,2,4,18,0,24,0,21,0,0,128,110,110
45,outside,813,26,13,13,3,2,21,0,26,0,24,1,0,152,131,131
45,outside,814,30,16,14,4,3,23,0,30,0,28,1,0,176,154,154
45,outside,815,31,16,15,1,4,26,0,31,0,29,1,0,200,180,180
45,outside,816,36,18,18,7,0,29,0,36,0,36,3,0,226,209,209
45,outside,817,39,20,19,3,7,29,0,39,0,39,3,0,256,238,238
45,outside,818,41,20,21,3,3,35,0,41,0,42,4,0,286,273,273
45,outside,819,47,21,26,6,3,38,0,47,0,48,4,0,320,311,311
45,outside,820,47,20,27,2,6,39,0,47,0,50,6,0,358,350,350
45,outside,821,49,19,30,4,2,43,0,49,0,54,8,0,396,393,393
45,outside,822,52,19,33,3,4,45,0,52,0,57,8,0,432,438,438
45,outside,823,54,20,34,5,2,47,0,54,0,62,11,0,468,485,485
45,outside,824,55,23,32,4,5,46,0,55,0,66,14,0,502,531,531
45,outside,825,57,24,33,2,4,51,0,57,0,68,14,0,534,582,582
45,outside,826,61,26,35,7,2,52,0,61,0,75,17,0,572,634,634
45,outside,827,65,29,36,6,7,52,0,65,0,81,19,0,616,686,686
45,outside,828,67,30,37,5,6,56,0,67,0,86,22,0,662,742,742
45,outside,829,69,31,38,5,5,59,0,69,0,91,25,0,712,801,801
45,outside,830,71,33,38,7,5,59,0,71,0,98,30,0,764,860,860
45,outside,831,78,35,43,8,7,63,0,78,0,106,31,0,814,923,923
45,outside,832,83,37,46,8,8,67,0,83,0,114,34,0,870,990,990
45,outside,833,92,43,49,13,8,71,0,92,0,127,38,0,932,1061,1061
45,outside,834,95,46,49,7,13,75,0,95,0,134,42,0,998,1136,1136
45,outside,835,113,55,58,20,6,87,0,113,0,154,44,0,1072,1223,1223
45,outside,836,114,55,59,6,19,89,0,114,0,160,49,0,1158,1312,1312
45,outside,837,124,60,64,14,6,104,0,124,0,174,53,0,1246,1416,1416
45,outside,838,131,63,68,10,14,107,0,131,0,184,56,0,1350,1523,1523
45,outside,839,151,73,78,21,10,120,0,151,0,205,57,0,1452,1643,1643
45,outside,840,158,74,84,11,20,127,0,158,0,216,61,0,1566,1770,1770
45,outside,841,179,83,96,27,11,141,0,179,0,243,67,0,1686,1911,1911
45,outside,842,188,87,101,16,26,146,0,188,0,259,74,0,1824,2057,2057
45,outside,843,206,100,106,23,16,167,0,206,0,282,79,0,1960,2224,2224
45,outside,844,214,106,108,19,23,172,0,214,0,301,90,0,2112,2396,2396
45,outside,845,245,120,125,36,19,190,0,245,0,337,95,0,2270,2586,2586
45,outside,846,261,132,129,22,36,203,0,261,0,359,101,0,2450,2789,2789
45,outside,847,279,140,139,36,20,223,0,279,0,395,119,0,2652,3012,3012
45,outside,848,307,149,158,38,36,233,0,307,0,433,129,0,2874,3245,3245
45,outside,849,332,161,171,34,37,261,0,332,0,467,138,0,3106,3506,3506
45,outside,850,377,180,197,51,33,293,0,377,0,518,144,0,3362,3799,3799
46,farmyard,800,3,2,1,0,0,3,3,0,0,0,0,0,0,0,0
46,farmyard,801,3,2,1,0,0,3,3,0,0,0,0,0,8,3,3
46,farmyard,802,3,2,1,0,0,3,3,0,0,0,0,0,16,6,6
46,farmyard,803,3,2,1,0,0,3,3,0,0,0,0,0,24,9,9
46,farmyard,804,4,3,1,1,0,3,4,0,0,1,0,0,32,12,12
46,farmyard,805,4,3,1,0,1,3,4,0,0,1,0,0,40,15,15
46,farmyard,806,5,3,2,1,0,4,5,0,1,2,0,0,48,19,19
46,farmyard,807,6,3,3,1,1,4,6,0,1,3,0,0,60,23,23
46,farmyard,808,7,4,3,1,1,5,7,0,1,4,0,0,72,28,28
46,farmyard,809,7,4,3,1,1,5,7,0,1,5,1,0,84,33,33
46,farmyard,810,7,4,3,0,1,6,7,0,1,5,1,0,92,39,39
46,farmyard,811,9,5,4,3,0,6,9,0,1,8,2,0,104,45,45
46,farmyard,812,9,5,4,0,3,6,9,0,1,8,2,0,116,51,51
46,farmyard,813,12,6,6,3,0,9,12,0,1,11,2,0,128,60,60
46,farmyard,814,9,5,4,0,2,7,9,0,1,11,5,0,148,67,67
46,farmyard,815,13,8,5,4,0,9,13,0,1,15,5,0,164,76,76
46,farmyard,816,10,6,4,1,2,7,10,0,1,16,9,0,184,83,83
46,farmyard,817,7,4,3,0,0,7,7,0,1,16,12,0,200,90,90
46,farmyard,818,8,5,3,1,0,7,8,0,1,17,12,0,216,97,97
46,farmyard,819,7,4,3,1,1,5,7,0,1,18,14,0,232,102,102
46,farmyard,820,8,5,3,1,1,6,8,0,1,19,14,0,240,108,108
46,farmyard,821,8,5,3,0,1,7,8,0,1,19,14,0,252,115,115
46,farmyard,822,8,4,4,2,0,6,8,0,1,21,16,0,268,121,121
46,farmyard,823,6,3,3,0,1,5,6,0,1,21,18,0,284,126,126
46,farmyard,824,6,3,3,0,0,6,6,0,1,21,18,0,296,132,132
46,farmyard,825,7,4,3,1,0,6,7,0,1,22,18,0,308,138,138
46,farmyard,826,7,4,3,0,1,6,7,0,1,22,18,0,320,144,144
46,farmyard,827,7,4,3,0,0,7,7,0,1,22,18,0,332,151,151
46,farmyard,828,6,4,2,0,0,6,6,0,1,22,19,0,348,157,157
46,farmyard,829,6,4,2,0,0,6,6,0,1,22,19,0,364,163,163
46,farmyard,830,7,4,3,1,0,6,7,0,1,23,19,0,380,169,169
46,farmyard,831,7,4,3,0,1,6,7,0,1,23,19,0,396,175,175
46,farmyard,832,5,4,1,0,0,5,5,0,1,23,21,0,412,180,180
46,farmyard,833,5,4,1,1,0,4,5,0,1,24,22,0,428,184,184
46,farmyard,834,5,4,1,0,1,4,5,0,1,24,22,0,440,188,188
46,farmyard,835,6,5,1,1,0,5,6,0,1,25,22,0,452,193,193
46,farmyard,836,7,6,1,1,1,5,7,0,1,26,22,0,468,198,198
46,farmyard,837,6,5,1,1,1,4,6,0,1,27,24,0,484,202,202
46,farmyard,838,7,6,1,2,0,5,7,0,1,29,25,0,496,207,207
46,farmyard,839,8,7,1,1,2,5,8,0,1,30,25,0,512,212,212
46,farmyard,840,10,8,2,3,0,7,10,0,1,33,26,0,528,219,219
46,farmyard,841,10,8,2,0,3,7,10,0,1,33,26,0,552,226,226
46,farmyard,842,12,9,3,2,0,10,12,0,1,35,26,0,576,236,236
46,farmyard,843,8,5,3,1,0,7,8,0,1,36,31,0,608,243,243
46,farmyard,844,8,5,3,0,1,7,8,0,1,36,31,0,628,250,250
46,farmyard,845,8,4,4,1,0,7,8,0,1,37,32,0,648,257,257
46,farmyard,846,9,4,5,2,1,6,9,0,1,39,33,0,664,263,263
46,farmyard,847,7,3,4,0,2,5,7,0,1,39,35,0,680,268,268
46,farmyard,848,7,3,4,1,0,6,7,0,1,40,36,0,692,274,274
46,farmyard,849,9,4,5,2,1,6,9,0,1,42,36,0,704,280,280
46,farmyard,850,10,5,5,1,2,7,10,0,1,43,36,0,716,287,287
46,outside,800,3,2,1,0,0,3,0,3,0,0,0,0,0,0,0
46,outside,801,3,2,1,0,0,3,0,3,0,0,0,0,4,3,3
46,outside,802,3,2,1,0,0,3,0,3,0,0,0,0,8,6,6
46,outside,803,3,2,1,0,0,3,0,3,0,0,0,0,12,9,9
46,outside,804,4,3,1,1,0,3,0,4,0,1,0,0,16,12,12
46,outside,805,4,3,1,0,1,3,0,4,0,1,0,0,20,15,15
46,outside,806,5,3,2,1,0,4,0,5,0,2,0,0,24,19,19
46,outside,807,6,3,3,1,1,4,0,6,0,3,0,0,30,23,23
46,outside,808,7,4,3,1,1,5,0,7,0,4,0,0,36,28,28
46,outside,809,8,5,3,1,1,6,0,8,0,5,0,0,42,34,34
46,outside,810,9,6,3,1,1,7,0,9,0,6,0,0,48,41,41
46,outside,811,9,6,3,0,1,8,0,9,0,6,0,0,56,49,49
46,outside,812,11,7,4,2,0,9,0,11,0,8,0,0,66,58,58
46,outside,813,11,7,4,1,2,8,0,11,0,9,1,0,78,66,66
46,outside,814,11,7,4,0,1,10,0,11,0,9,1,0,88,76,76
46,outside,815,14,9,5,3,0,11,0,14,0,12,1,0,100,87,87
46,outside,816,13,8,5,0,3,10,0,13,0,12,2,0,114,97,97
46,outside,817,15,12,3,4,0,11,0,15,0,16,4,0,126,108,108
46,outside,818,16,12,4,1,4,11,0,16,0,17,4,0,142,119,119
46,outside,819,21,16,5,5,1,15,0,21,0,22,4,0,158,134,134
46,outside,820,24,17,7,3,5,16,0,24,0,25,4,0,182,150,150
46,outside,821,29,18,11,5,3,21,0,29,0,30,4,0,206,171,171
46,outside,822,30,19,11,2,5,23,0,30,0,32,5,0,238,194,194
46,outside,823,31,19,12,2,2,27,0,31,0,34,6,0,270,221,221
46,outside,824,39,24,15,9,2,28,0,39,0,43,7,0,302,249,249
46,outside,825,41,25,16,3,9,29,0,41,0,46,8,0,338,278,278
46,outside,826,49,29,20,9,3,37,0,49,0,55,9,0,374,315,315
46,outside,827,56,32,24,7,9,40,0,56,0,62,9,0,418,355,355
46,outside,828,61,34,27,6,6,49,0,61,0,68,10,0,466,404,404
46,outside,829,70,38,32,9,6,55,0,70,0,77,10,0,524,459,459
46,outside,830,78,44,34,8,9,61,0,78,0,85,10,0,588,520,520
46,outside,831,88,49,39,12,8,68,0,88,0,97,12,0,656,588,588
46,outside,832,98,56,42,12,12,74,0,98,0,109,14,0,732,662,662
46,outside,833,105,59,46,9,12,84,0,105,0,118,16,0,818,746,746
46,outside,834,113,64,49,12,9,92,0,113,0,130,20,0,912,838,838
46,outside,835,129,72,57,16,12,101,0,129,0,146,20,0,1018,939,939
46,outside,836,145,80,65,17,16,112,0,145,0,163,21,0,1132,1051,1051
46,outside,837,157,85,72,19,16,122,0,157,0,182,28,0,1260,1173,1173
46,outside,838,170,91,79,19,19,132,0,170,0,201,34,0,1396,1305,1305
46,outside,839,188,97,91,24,18,146,0,188,0,225,40,0,1540,1451,1451
46,outside,840,210,109,101,27,23,160,0,210,0,252,45,0,1696,1611,1611
46,outside,841,232,123,109,26,26,180,0,232,0,278,49,0,1864,1791,1791
46,outside,842,257,130,127,32,25,200,0,257,0,310,56,0,2050,1991,1991
46,outside,843,277,137,140,31,31,215,0,277,0,341,67,0,2260,2206,2206
46,outside,844,299,145,154,30,31,238,0,299,0,371,75,0,2490,2444,2444
46,outside,845,327,158,169,39,30,258,0,327,0,410,86,0,2728,2702,2702
46,outside,846,349,165,184,31,38,280,0,349,0,441,95,0,2980,2982,2982
46,outside,847,399,182,217,62,30,307,0,399,0,503,107,0,3254,3289,3289
46,outside,848,429,201,228,38,61,330,0,429,0,541,115,0,3550,3619,3619
46,outside,849,476,226,250,57,38,381,0,476,0,598,125,0,3860,4000,4000
46,outside,850,510,239,271,50,56,404,0,510,0,648,141,0,4206,4404,4404
47,farmyard,800,3,2,1,0,0,3,3,0,0,0,0,0,0,0,0
47,farmyard,801,4,3,1,1,0,3,4,0,0,1,0,0,8,3,3
47,farmyard,802,4,3,1,0,1,3,4,0,0,1,0,0,16,6,6
47,farmyard,803,5,4,1,1,0,4,5,0,1,2,0,0,24,10,10
47,farmyard,804,7,5,2,2,1,4,7,0,1,4,0,0,36,14,14
47,farmyard,805,6,5,1,0,2,4,6,0,1,4,1,0,48,18,18
47,farmyard,806,9,6,3,3,0,6,9,0,1,7,1,0,64,24,24
47,farmyard,807,10,7,3,1,3,6,10,0,1,8,1,0,84,30,30
47,farmyard,808,8,4,4,2,0,6,8,0,1,10,5,0,104,36,36
47,farmyard,809,9,4,5,1,2,6,9,0,1,11,5,0,120,42,42
47,farmyard,810,10,4,6,2,1,7,10,0,1,13,6,0,136,49,49
47,farmyard,811,6,3,3,0,1,5,6,0,1,13,10,0,148,54,54
47,farmyard,812,9,5,4,3,0,6,9,0,1,16,10,0,156,60,60
47,farmyard,813,8,4,4,0,3,5,8,0,1,16,11,0,168,65,65
47,farmyard,814,8,4,4,1,0,7,8,0,1,17,12,0,176,72,72
47,farmyard,815,8,4,4,1,1,6,8,0,1,18,13,0,188,78,78
47,farmyard,816,8,4,4,1,1,6,8,0,1,19,14,0,200,84,84
47,farmyard,817,9,5,4,1,1,7,9,0,1,20,14,0,216,91,91
47,farmyard,818,5,3,2,0,1,4,5,0,1,20,18,0,232,95,95
47,farmyard,819,5,2,3,1,0,4,5,0,1,21,19,0,240,99,99
47,farmyard,820,5,2,3,0,1,4,5,0,1,21,19,0,248,103,103
47,farmyard,821,6,3,3,1,0,5,6,0,1,22,19,0,256,108,108
47,farmyard,822,7,3,4,1,1,5,7,0,1,23,19,0,264,113,113
47,farmyard,823,7,3,4,2,1,4,7,0,1,25,21,0,272,117,117
47,farmyard,824,5,2,3,0,2,3,5,0,1,25,23,0,280,120,120
47,farmyard,825,7,3,4,2,0,5,7,0,1,27,23,0,284,125,125
47,farmyard,826,6,2,4,0,2,4,6,0,1,27,24,0,292,129,129
47,farmyard,827,7,3,4,1,0,6,7,0,1,28,24,0,296,135,135
47,farmyard,828,6,3,3,0,1,5,6,0,1,28,25,0,304,140,140
47,farmyard,829,9,4,5,3,0,6,9,0,1,31,25,0,312,146,146
47,farmyard,830,7,4,3,0,2,5,7,0,1,31,27,0,324,151,151
47,farmyard,831,9,5,4,2,0,7,9,0,1,33,27,0,336,158,158
47,farmyard,832,9,5,4,1,2,6,9,0,1,34,28,0,352,164,164
47,farmyard,833,9,5,4,3,1,5,9,0,1,37,31,0,368,169,169
47,farmyard,834,8,3,5,1,2,5,8,0,1,38,33,0,384,174,174
47,farmyard,835,9,4,5,1,1,7,9,0,1,39,33,0,396,181,181
47,farmyard,836,10,5,5,1,1,8,10,0,1,40,33,0,408,189,189
47,farmyard,837,12,7,5,2,1,9,12,0,1,42,33,0,420,198,198
47,farmyard,838,9,6,3,1,1,7,9,0,1,43,37,0,436,205,205
47,farmyard,839,10,6,4,1,1,8,0,10,0,44,37,0,452,213,213
47,farmyard,840,12,7,5,2,1,9,0,12,0,46,37,0,462,222,222
47,farmyard,841,15,9,6,3,2,10,0,15,0,49,37,0,474,232,232
47,farmyard,842,18,11,7,3,3,12,0,18,0,52,37,0,486,244,244
47,farmyard,843,21,13,8,3,3,15,0,21,0,55,37,0,500,259,259
47,farmyard,844,25,15,10,4,3,18,0,25,0,59,37,0,518,277,277
47,farmyard,845,29,17,12,5,4,20,0,29,0,64,38,0,540,297,297
47,farmyard,846,33,18,15,4,5,24,0,33,0,68,38,0,566,321,321
47,farmyard,847,38,20,18,5,4,29,0,38,0,73,38,0,596,350,350
47,farmyard,848,40,21,19,5,5,30,0,40,0,78,41,0,630,380,380
47,farmyard,849,45,23,22,5,5,35,0,45,0,83,41,0,662,415,415
47,farmyard,850,52,26,26,7,5,40,0,52,0,90,41,0,698,455,455
47,outside,800,3,2,1,0,0,3,0,3,0,0,0,0,0,0,0
47,outside,801,4,3,1,1,0,3,0,4,0,1,0,0,4,3,3
47,outside,802,4,3,1,0,1,3,0,4,0,1,0,0,8,6,6
47,outside,803,5,4,1,1,0,4,0,5,0,2,0,0,12,10,10
47,outside,804,7,5,2,2,1,4,0,7,0,4,0,0,18,14,14
47,outside,805,9,7,2,2,2,5,0,9,0,6,0,0,24,19,19
47,outside,806,10,8,2,1,2,7,0,10,0,7,0,0,32,26,26
47,outside,807,11,8,3,1,1,9,0,11,0,8,0,0,42,35,35
47,outside,808,14,10,4,3,1,10,0,14,0,11,0,0,56,45,45
47,outside,809,18,12,6,4,3,11,0,18,0,15,0,0,72,56,56
47,outside,810,20,13,7,2,4,14,0,20,0,17,0,0,88,70,70
47,outside,811,24,14,10,4,2,18,0,24,0,21,0,0,108,88,88
47,outside,812,29,17,12,5,4,20,0,29,0,26,0,0,132,108,108
47,outside,813,31,19,12,2,5,24,0,31,0,28,0,0,158,132,132
47,outside,814,39,22,17,9,2,28,0,39,0,37,1,0,186,160,160
47,outside,815,41,22,19,2,9,30,0,41,0,39,1,0,218,190,190
47,outside,816,47,26,21,8,2,37,0,47,0,47,3,0,254,227,227
47,outside,817,51,31,20,6,8,37,0,51,0,53,5,0,296,264,264
47,outside,818,59,34,25,10,6,43,0,59,0,63,7,0,338,307,307
47,outside,819,60,31,29,6,8,46,0,60,0,69,12,0,388,353,353
47,outside,820,71,38,33,13,5,53,0,71,0,82,14,0,442,406,406
47,outside,821,79,42,37,9,13,57,0,79,0,91,15,0,504,463,463
47,outside,822,88,47,41,10,9,69,0,88,0,101,16,0,564,532,532
47,outside,823,97,48,49,12,9,76,0,97,0,113,19,0,638,608,608
47,outside,824,105,54,51,10,12,83,0,105,0,123,21,0,720,691,691
47,outside,825,123,65,58,19,10,94,0,123,0,142,22,0,810,785,785
47,outside,826,129,64,65,10,19,100,0,129,0,152,26,0,906,885,885
47,outside,827,145,72,73,20,9,116,0,145,0,172,30,0,1010,1001,1001
47,outside,828,155,80,75,14,20,121,0,155,0,186,34,0,1134,1122,1122
47,outside,829,177,92,85,24,13,140,0,177,0,210,36,0,1258,1262,1262
47,outside,830,192,102,90,20,24,148,0,192,0,230,41,0,1398,1410,1410
47,outside,831,214,113,101,27,20,167,0,214,0,257,46,0,1548,1577,1577
47,outside,832,227,122,105,22,26,179,0,227,0,279,55,0,1722,1756,1756
47,outside,833,251,134,117,32,22,197,0,251,0,311,63,0,1920,1953,1953
47,outside,834,279,148,131,32,32,215,0,279,0,343,67,0,2134,2168,2168
47,outside,835,311,164,147,41,32,238,0,311,0,384,76,0,2364,2406,2406
47,outside,836,352,184,168,48,41,263,0,352,0,432,83,0,2620,2669,2669
47,outside,837,384,205,179,42,46,296,0,384,0,474,93,0,2904,2965,2965
47,outside,838,420,225,195,44,42,334,0,420,0,518,101,0,3222,3299,3299
47,outside,839,473,249,224,62,44,367,0,473,0,580,110,0,3576,3666,3666
47,outside,840,509,262,247,50,61,398,0,509,0,630,124,0,3974,4064,4064
47,outside,841,561,281,280,73,50,438,0,561,0,703,145,0,4398,4502,4502
47,outside,842,599,306,293,61,72,466,0,599,0,764,168,0,4848,4968,4968
47,outside,843,663,329,334,79,61,523,0,663,0,843,183,0,5326,5491,5491
47,outside,844,737,364,373,84,78,575,0,737,0,927,193,0,5846,6066,6066
47,outside,845,809,392,417,90,82,637,0,809,0,1017,211,0,6430,6703,6703
47,outside,846,868,426,442,87,89,692,0,868,0,1104,239,0,7064,7395,7395
47,outside,847,962,469,493,115,87,760,0,962,0,1219,260,0,7746,8155,8155
47,outside,848,1041,514,527,117,113,811,0,1041,0,1336,298,0,8480,8966,8966
47,outside,849,1134,560,574,122,116,896,0,1134,0,1458,327,0,9274,9862,9862
47,outside,850,1241,605,636,132,122,987,0,1241,0,1590,352,0,10144,10781,10849
48,farmyard,800,3,2,1,0,0,3,3,0,0,0,0,0,0,0,0
48,farmyard,801,5,3,2,2,0,3,5,0,1,2,0,0,8,3,3
48,farmyard,802,5,3,2,0,2,3,5,0,1,2,0,0,16,6,6
48,farmyard,803,8,5,3,3,0,5,8,0,1,5,0,0,24,11,11
48,farmyard,804,7,4,3,0,3,4,7,0,1,5,1,0,36,15,15
48,farmyard,805,9,5,4,2,0,7,9,0,1,7,1,0,44,22,22
48,farmyard,806,7,3,4,0,2,5,0,7,0,7,3,0,60,27,27
48,farmyard,807,8,4,4,1,0,7,0,8,0,8,3,0,64,34,34
48,farmyard,808,9,5,4,1,1,7,0,9,0,9,3,0,70,41,41
48,farmyard,809,10,6,4,1,1,8,0,10,0,10,3,0,76,49,49
48,farmyard,810,12,8,4,2,1,9,0,12,0,12,3,0,84,58,58
48,farmyard,811,12,8,4,0,2,10,0,12,0,12,3,0,94,68,68
48,farmyard,812,17,8,9,5,0,12,0,17,0,17,3,0,106,80,80
48,farmyard,813,18,8,10,1,5,12,0,18,0,18,3,0,122,92,92
48,farmyard,814,20,9,11,3,1,16,0,20,0,21,4,0,138,108,108
48,farmyard,815,21,9,12,2,3,16,0,21,0,23,5,0,154,124,124
48,farmyard,816,24,10,14,3,2,19,0,24,0,26,5,0,168,143,143
48,farmyard,817,25,11,14,2,3,20,0,25,0,28,6,0,184,163,163
48,farmyard,818,27,13,14,4,2,21,0,27,0,32,8,0,202,184,184
48,farmyard,819,29,14,15,2,4,23,0,29,0,34,8,0,220,207,207
48,farmyard,820,33,16,17,4,2,27,0,33,0,38,8,0,240,234,234
48,farmyard,821,37,19,18,4,4,29,0,37,0,42,8,0,266,263,263
48,farmyard,822,41,21,20,4,4,33,0,41,0,46,8,0,294,296,296
48,farmyard,823,47,24,23,6,4,37,0,47,0,52,8,0,326,333,333
48,farmyard,824,50,26,24,6,6,38,0,50,0,58,11,0,364,371,371
48,farmyard,825,53,27,26,4,6,43,0,53,0,62,12,0,400,414,414
48,farmyard,826,60,27,33,9,4,47,0,60,0,71,14,0,440,461,461
48,farmyard,827,67,33,34,9,8,50,0,67,0,80,16,0,488,511,511
48,farmyard,828,69,34,35,4,8,57,0,69,0,84,18,0,540,568,568
48,farmyard,829,74,37,37,10,4,60,0,74,0,94,23,0,592,628,628
48,farmyard,830,83,45,38,11,9,63,0,83,0,105,25,0,650,691,691
48,farmyard,831,92,48,44,13,11,68,0,92,0,118,29,0,714,759,759
48,farmyard,832,105,56,49,14,13,78,0,105,0,132,30,0,786,837,837
48,farmyard,833,117,62,55,15,13,89,0,117,0,147,33,0,874,926,926
48,farmyard,834,128,66,62,15,14,99,0,128,0,162,37,0,970,1025,1025
48,farmyard,835,148,77,71,21,15,112,0,148,0,183,38,0,1076,1137,1137
48,farmyard,836,157,81,76,16,19,122,0,157,0,199,45,0,1192,1259,1259
48,farmyard,837,173,81,92,21,15,137,0,173,0,220,50,0,1318,1396,1396
48,farmyard,838,187,89,98,20,20,147,0,187,0,240,56,0,1460,1543,1543
48,farmyard,839,206,99,107,27,20,159,0,206,0,267,64,0,1612,1702,1702
48,farmyard,840,217,103,114,23,27,167,0,217,0,290,76,0,1758,1869,1869
48,farmyard,841,240,116,124,26,23,191,0,240,0,316,79,0,1916,2060,2060
48,farmyard,842,268,131,137,32,26,210,0,268,0,348,83,0,2104,2270,2270
48,farmyard,843,291,145,146,30,32,229,0,291,0,378,90,0,2306,2491,2499
48,farmyard,844,301,149,152,22,29,250,0,301,0,400,102,0,2524,2727,2749
48,farmyard,845,337,171,166,44,22,271,0,337,0,444,110,0,2762,2985,3020
48,farmyard,846,362,186,176,37,43,282,0,362,0,481,122,0,3032,3267,3302
48,farmyard,847,392,198,194,43,35,314,0,392,0,524,135,0,3316,3578,3616
48,farmyard,848,431,214,217,49,43,339,0,431,0,573,145,0,3634,3917,3955
48,farmyard,849,466,226,240,47,49,370,0,466,0,620,157,0,3982,4287,4325
48,farmyard,850,514,252,262,63,46,405,0,514,0,683,172,0,4350,4679,4730
48,outside,800,3,2,1,0,0,3,0,3,0,0,0,0,0,0,0
48,outside,801,5,3,2,2,0,3,0,5,0,2,0,0,4,3,3
48,outside,802,5,3,2,0,2,3,0,5,0,2,0,0,8,6,6
48,outside,803,8,5,3,3,0,5,0,8,0,5,0,0,12,11,11
48,outside,804,8,5,3,0,3,5,0,8,0,5,0,0,18,16,16
48,outside,805,10,6,4,2,0,8,0,10,0,7,0,0,24,24,24
48,outside,806,11,7,4,1,2,8,0,11,0,8,0,0,34,32,32
48,outside,807,14,9,5,3,1,10,0,14,0,11,0,0,44,42,42
48,outside,808,17,9,8,3,3,11,0,17,0,14,0,0,56,53,53
48,outside,809,21,11,10,4,3,14,0,21,0,18,0,0,70,67,67
48,outside,810,22,12,10,1,4,17,0,22,0,19,0,0,88,84,84
48,outside,811,26,14,12,5,1,20,0,26,0,24,1,0,106,104,104
48,outside,812,27,13,14,3,5,19,0,27,0,27,3,0,128,123,123
48,outside,813,30,15,15,3,3,24,0,30,0,30,3,0,148,147,147
48,outside,814,35,20,15,5,3,27,0,35,0,35,3,0,172,174,174
48,outside,815,39,23,16,5,5,29,0,39,0,40,4,0,198,203,203
48,outside,816,45,27,18,9,5,31,0,45,0,49,7,0,228,234,234
48,outside,817,49,30,19,4,9,36,0,49,0,53,7,0,266,270,270
48,outside,818,55,32,23,7,4,44,0,55,0,60,8,0,310,314,314
48,outside,819,64,36,28,12,7,45,0,64,0,72,11,0,362,359,359
48,outside,820,67,37,30,4,12,51,0,67,0,76,12,0,414,410,410
48,outside,821,80,40,40,15,4,61,0,80,0,91,14,0,472,471,471
48,outside,822,86,46,40,8,15,63,0,86,0,99,16,0,540,534,534
48,outside,823,105,53,52,20,8,77,0,105,0,119,17,0,608,611,611
48,outside,824,113,58,55,11,20,82,0,113,0,130,20,0,686,693,693
48,outside,825,127,62,65,14,11,102,0,127,0,144,20,0,776,795,795
48,outside,826,137,67,70,13,14,110,0,137,0,157,23,0,880,905,905
48,outside,827,146,72,74,15,13,118,0,146,0,172,29,0,992,1023,1023
48,outside,828,166,80,86,23,14,129,0,166,0,195,32,0,1102,1152,1152
48,outside,829,179,86,93,17,22,140,0,179,0,212,36,0,1226,1292,1292
48,outside,830,201,94,107,27,17,157,0,201,0,239,41,0,1366,1449,1449
48,outside,831,217,105,112,21,25,171,0,217,0,260,46,0,1520,1620,1620
48,outside,832,239,120,119,28,21,190,0,239,0,288,52,0,1686,1810,1810
48,outside,833,249,125,124,24,26,199,0,249,0,312,66,0,1866,2009,2009
48,outside,834,276,144,132,36,24,216,0,276,0,348,75,0,2060,2225,2225
48,outside,835,300,151,149,33,36,231,0,300,0,381,84,0,2276,2456,2456
48,outside,836,319,162,157,29,32,258,0,319,0,410,94,0,2508,2714,2714
48,outside,837,356,183,173,45,29,282,0,356,0,455,102,0,2778,2996,2996
48,outside,838,389,202,187,44,44,301,0,389,0,499,113,0,3060,3297,3297
48,outside,839,427,220,207,49,43,335,0,427,0,548,124,0,3368,3628,3632
48,outside,840,466,238,228,57,49,360,0,466,0,605,142,0,3720,3988,3992
48,outside,841,507,255,252,52,57,398,0,507,0,657,153,0,4098,4386,4390
48,outside,842,563,283,280,68,52,443,0,563,0,725,165,0,4512,4823,4833
48,outside,843,619,300,319,76,66,477,0,619,0,801,185,0,4970,5300,5310
48,outside,844,678,337,341,73,75,530,0,678,0,874,199,0,5448,5798,5840
48,outside,845,739,371,368,80,72,587,0,739,0,954,218,0,5980,6351,6427
48,outside,846,808,403,405,91,79,638,0,808,0,1045,240,0,6554,6943,7065
48,outside,847,884,443,441,95,91,698,0,884,0,1140,259,0,7184,7591,7763
48,outside,848,975,494,481,120,94,761,0,975,0,1260,288,0,7886,8311,8524
48,outside,849,1057,534,523,111,119,827,0,1057,0,1371,317,0,8654,9098,9351
48,outside,850,1169,587,582,145,109,915,0,1169,0,1516,350,0,9486,9946,10266
49,farmyard,800,3,2,1,0,0,3,3,0,0,0,0,0,0,0,0
49,farmyard,801,4,3,1,1,0,3,4,0,0,1,0,0,8,3,3
49,farmyard,802,5,4,1,1,1,3,5,0,1,2,0,0,16,6,6
49,farmyard,803,7,4,3,2,1,4,7,0,1,4,0,0,24,10,10
49,farmyard,804,6,3,3,0,2,4,6,0,1,4,1,0,36,14,14
49,farmyard,805,7,4,3,1,0,6,7,0,1,5,1,0,48,20,20
49,farmyard,806,7,4,3,0,1,6,7,0,1,5,1,0,60,26,26
49,farmyard,807,8,4,4,2,0,6,8,0,1,7,2,0,72,32,32
49,farmyard,808,9,4,5,1,2,6,9,0,1,8,2,0,84,38,38
49,farmyard,809,9,4,5,1,1,7,9,0,1,9,3,0,96,45,45
49,farmyard,810,7,4,3,0,1,6,7,0,1,9,5,0,108,51,51
49,farmyard,811,8,4,4,1,0,7,8,0,1,10,5,0,120,58,58
49,farmyard,812,9,4,5,1,1,7,9,0,1,11,5,0,136,65,65
49,farmyard,813,8,5,3,1,1,6,8,0,1,12,7,0,152,71,71
49,farmyard,814,9,5,4,2,1,6,9,0,1,14,8,0,168,77,77
49,farmyard,815,10,5,5,1,2,7,10,0,1,15,8,0,184,84,84
49,farmyard,816,10,4,6,1,1,8,10,0,1,16,9,0,204,92,92
49,farmyard,817,9,3,6,0,1,8,9,0,1,16,10,0,220,100,100
49,farmyard,818,10,3,7,1,0,9,10,0,1,17,10,0,232,109,109
49,farmyard,819,10,3,7,0,1,9,10,0,1,17,10,0,244,118,118
49,farmyard,820,10,4,6,1,0,9,10,0,1,18,11,0,256,127,127
49,farmyard,821,9,3,6,0,1,8,9,0,1,18,12,0,268,135,135
49,farmyard,822,7,2,5,0,0,7,7,0,1,18,14,0,276,142,142
49,farmyard,823,7,3,4,1,0,6,7,0,1,19,15,0,284,148,148
49,farmyard,824,6,3,3,0,1,5,6,0,1,19,16,0,292,153,153
49,farmyard,825,6,3,3,0,0,6,6,0,1,19,16,0,300,159,159
49,farmyard,826,7,3,4,1,0,6,7,0,1,20,16,0,312,165,165
49,farmyard,827,8,4,4,1,1,6,8,0,1,21,16,0,324,171,171
49,farmyard,828,9,5,4,1,1,7,9,0,1,22,16,0,336,178,178
49,farmyard,829,7,6,1,2,1,4,7,0,1,24,20,0,348,182,182
49,farmyard,830,7,6,1,1,2,4,7,0,1,25,21,0,360,186,186
49,farmyard,831,6,4,2,2,1,3,6,0,1,27,24,0,372,189,189
49,farmyard,832,6,4,2,0,2,4,6,0,1,27,24,0,380,193,193
49,farmyard,833,8,4,4,2,0,6,8,0,1,29,24,0,392,199,199
49,farmyard,834,8,4,4,0,2,6,8,0,1,29,24,0,408,205,205
49,farmyard,835,9,5,4,1,0,8,9,0,1,30,24,0,424,213,213
49,farmyard,836,10,5,5,2,1,7,10,0,1,32,25,0,440,220,220
49,farmyard,837,6,4,2,0,2,4,6,0,1,32,29,0,452,224,224
49,farmyard,838,8,5,3,2,0,6,8,0,1,34,29,0,464,230,230
49,farmyard,839,7,4,3,1,2,4,7,0,1,35,31,0,480,234,234
49,farmyard,840,7,3,4,1,0,6,7,0,1,36,32,0,488,240,240
49,farmyard,841,6,3,3,0,1,5,6,0,1,36,33,0,500,245,245
49,farmyard,842,8,4,4,2,0,6,0,8,0,38,33,0,512,251,251
49,farmyard,843,9,4,5,1,2,6,0,9,0,39,33,0,518,257,257
49,farmyard,844,11,4,7,2,1,8,0,11,0,41,33,0,524,265,265
49,farmyard,845,11,4,7,0,2,9,0,11,0,41,33,0,532,274,274
49,farmyard,846,14,6,8,3,0,11,0,14,0,44,33,0,540,285,285
49,farmyard,847,12,5,7,0,3,9,0,12,0,44,35,0,548,294,294
49,farmyard,848,13,6,7,1,0,12,0,13,0,45,35,0,554,306,306
49,farmyard,849,15,8,7,2,1,12,0,15,0,47,35,0,564,318,318
49,farmyard,850,17,10,7,2,2,13,0,17,0,49,35,0,574,331,331
49,outside,800,3,2,1,0,0,3,0,3,0,0,0,0,0,0,0
49,outside,801,4,3,1,1,0,3,0,4,0,1,0,0,4,3,3
49,outside,802,5,3,2,1,1,3,0,5,0,2,0,0,8,6,6
49,outside,803,6,4,2,1,1,4,0,6,0,3,0,0,12,10,10
49,outside,804,7,4,3,1,1,5,0,7,0,4,0,0,18,15,15
49,outside,805,8,4,4,1,1,6,0,8,0,5,0,0,24,21,21
49,outside,806,10,5,5,2,1,7,0,10,0,7,0,0,32,28,28
49,outside,807,8,3,5,0,1,7,0,8,0,7,2,0,40,35,35
49,outside,808,9,4,5,1,0,8,0,9,0,8,2,0,46,43,43
49,outside,809,10,5,5,1,1,8,0,10,0,9,2,0,52,51,51
49,outside,810,12,5,7,2,1,9,0,12,0,11,2,0,58,60,60
49,outside,811,13,5,8,1,2,10,0,13,0,12,2,0,66,70,70
49,outside,812,12,5,7,0,1,11,0,12,0,12,3,0,76,81,81
49,outside,813,14,6,8,2,0,12,0,14,0,14,3,0,86,93,93
49,outside,814,14,6,8,0,2,12,0,14,0,14,3,0,96,105,105
49,outside,815,16,6,10,2,0,14,0,16,0,16,3,0,106,119,119
49,outside,816,17,7,10,2,2,13,0,17,0,18,4,0,118,132,132
49,outside,817,16,7,9,0,2,14,0,16,0,18,5,0,130,146,146
49,outside,818,17,7,10,2,0,15,0,17,0,20,6,0,142,161,161
49,outside,819,17,7,10,0,2,15,0,17,0,20,6,0,154,176,176
49,outside,820,19,8,11,2,0,17,0,19,0,22,6,0,166,193,193
49,outside,821,18,7,11,1,2,15,0,18,0,23,8,0,180,208,208
49,outside,822,20,8,12,2,1,17,0,20,0,25,8,0,192,225,225
49,outside,823,20,8,12,0,2,18,0,20,0,25,8,0,206,243,243
49,outside,824,25,12,13,5,0,20,0,25,0,30,8,0,220,263,263
49,outside,825,25,12,13,0,5,20,0,25,0,30,8,0,236,283,283
49,outside,826,28,13,15,3,0,25,0,28,0,33,8,0,252,308,308
49,outside,827,30,15,15,3,3,24,0,30,0,36,9,0,276,332,332
49,outside,828,30,15,15,2,3,25,0,30,0,38,11,0,300,357,357
49,outside,829,31,17,14,3,2,26,0,31,0,41,13,0,324,383,383
49,outside,830,33,16,17,3,3,27,0,33,0,44,14,0,352,410,410
49,outside,831,36,18,18,3,3,30,0,36,0,47,14,0,380,440,440
49,outside,832,35,19,16,2,2,31,0,35,0,49,17,0,412,471,471
49,outside,833,43,23,20,9,2,32,0,43,0,58,18,0,444,503,503
49,outside,834,43,23,20,2,9,32,0,43,0,60,20,0,478,535,535
49,outside,835,51,28,23,10,2,39,0,51,0,70,22,0,510,574,574
49,outside,836,52,30,22,4,10,38,0,52,0,74,25,0,550,612,612
49,outside,837,62,33,29,13,4,45,0,62,0,87,28,0,592,657,657
49,outside,838,66,35,31,5,13,48,0,66,0,92,29,0,646,705,705
49,outside,839,73,35,38,12,5,56,0,73,0,104,34,0,704,761,761
49,outside,840,74,38,36,3,12,59,0,74,0,107,36,0,758,820,820
49,outside,841,80,41,39,8,3,69,0,80,0,115,38,0,818,889,889
49,outside,842,93,48,45,14,8,71,0,93,0,129,39,0,888,960,960
49,outside,843,98,49,49,10,14,74,0,98,0,139,44,0,962,1034,1034
49,outside,844,107,55,52,11,10,86,0,107,0,150,46,0,1034,1120,1120
49,outside,845,125,60,65,19,11,95,0,125,0,169,47,0,1122,1215,1215
49,outside,846,139,67,72,16,19,104,0,139,0,185,49,0,1220,1319,1319
49,outside,847,149,72,77,16,15,118,0,149,0,201,55,0,1326,1437,1437
49,outside,848,168,78,90,21,16,131,0,168,0,222,57,0,1440,1568,1568
49,outside,849,185,86,99,19,20,146,0,185,0,241,59,0,1570,1714,1714
49,outside,850,204,91,113,21,19,164,0,204,0,262,61,0,1712,1878,1878
50,farmyard,800,3,2,1,0,0,3,3,0,0,0,0,0,0,0,0
50,farmyard,801,3,2,1,0,0,3,3,0,0,0,0,0,8,3,3
50,farmyard,802,3,2,1,0,0,3,3,0,0,0,0,0,16,6,6
50,farmyard,803,4,2,2,1,0,3,4,0,0,1,0,0,24,9,9
50,farmyard,804,5,2,3,1,1,3,5,0,1,2,0,0,32,12,12
50,farmyard,805,6,2,4,1,1,4,6,0,1,3,0,0,40,16,16
50,farmyard,806,6,2,4,0,1,5,6,0,1,3,0,0,48,21,21
50,farmyard,807,6,2,4,0,0,6,6,0,1,3,0,0,56,27,27
50,farmyard,808,5,2,3,0,0,5,5,0,1,3,1,0,64,32,32
50,farmyard,809,5,2,3,0,0,5,5,0,1,3,1,0,72,37,37
50,farmyard,810,5,2,3,0,0,5,5,0,1,3,1,0,80,42,42
50,farmyard,811,5,2,3,0,0,5,5,0,1,3,1,0,88,47,47
50,farmyard,812,4,1,3,0,0,4,4,0,0,3,2,0,96,51,51
50,farmyard,813,4,1,3,0,0,4,4,0,0,3,2,0,100,55,55
50,farmyard,814,4,1,3,0,0,4,4,0,0,3,2,0,104,59,59
50,farmyard,815,3,1,2,0,0,3,3,0,0,3,3,0,108,62,62
50,farmyard,816,3,1,2,0,0,3,3,0,0,3,3,0,112,65,65
50,farmyard,817,3,1,2,0,0,3,3,0,0,3,3,0,116,68,68
50,farmyard,818,3,1,2,0,0,3,3,0,0,3,3,0,120,71,71
50,farmyard,819,3,1,2,0,0,3,3,0,0,3,3,0,124,74,74
50,farmyard,820,3,1,2,0,0,3,3,0,0,3,3,0,128,77,77
50,farmyard,821,3,1,2,0,0,3,3,0,0,3,3,0,132,80,80
50,farmyard,822,1,1,0,0,0,1,1,0,0,3,5,0,136,81,81
50,farmyard,823,1,1,0,0,0,1,1,0,0,3,5,0,140,82,82
50,farmyard,824,1,1,0,0,0,1,1,0,0,3,5,0,144,83,83
50,farmyard,825,1,1,0,0,0,1,1,0,0,3,5,0,148,84,84
50,farmyard,826,1,1,0,0,0,1,1,0,0,3,5,0,152,85,85
50,farmyard,827,1,1,0,0,0,1,1,0,0,3,5,0,156,86,86
50,farmyard,828,1,1,0,0,0,1,1,0,0,3,5,0,160,87,87
50,farmyard,829,1,1,0,0,0,1,1,0,0,3,5,0,164,88,88
50,farmyard,830,1,1,0,0,0,1,1,0,0,3,5,0,168,89,89
50,farmyard,831,0,0,0,0,0,0,0,0,0,3,6,0,172,89,89
50,farmyard,832,0,0,0,0,0,0,0,0,0,3,6,0,172,89,89
50,farmyard,833,0,0,0,0,0,0,0,0,0,3,6,0,172,89,89
50,farmyard,834,0,0,0,0,0,0,0,0,0,3,6,0,172,89,89
50,farmyard,835,0,0,0,0,0,0,0,0,0,3,6,0,172,89,89
50,farmyard,836,0,0,0,0,0,0,0,0,0,3,6,0,172,89,89
50,farmyard,837,0,0,0,0,0,0,0,0,0,3,6,0,172,89,89
50,farmyard,838,0,0,0,0,0,0,0,0,0,3,6,0,172,89,89
50,farmyard,839,0,0,0,0,0,0,0,0,0,3,6,0,172,89,89
50,farmyard,840,0,0,0,0,0,0,0,0,0,3,6,0,172,89,89
50,farmyard,841,0,0,0,0,0,0,0,0,0,3,6,0,172,89,89
50,farmyard,842,0,0,0,0,0,0,0,0,0,3,6,0,172,89,89
50,farmyard,843,0,0,0,0,0,0,0,0,0,3,6,0,172,89,89
50,farmyard,844,0,0,0,0,0,0,0,0,0,3,6,0,172,89,89
50,farmyard,845,0,0,0,0,0,0,0,0,0,3,6,0,172,89,89
50,farmyard,846,0,0,0,0,0,0,0,0,0,3,6,0,172,89,89
50,farmyard,847,0,0,0,0,0,0,0,0,0,3,6,0,172,89,89
50,farmyard,848,0,0,0,0,0,0,0,0,0,3,6,0,172,89,89
50,farmyard,849,0,0,0,0,0,0,0,0,0,3,6,0,172,89,89
50,farmyard,850,0,0,0,0,0,0,0,0,0,3,6,0,172,89,89
50,outside,800,3,2,1,0,0,3,0,3,0,0,0,0,0,0,0
50,outside,801,3,2,1,0,0,3,0,3,0,0,0,0,4,3,3
50,outside,802,4,3,1,1,0,3,0,4,0,1,0,0,8,6,6
50,outside,803,4,3,1,0,1,3,0,4,0,1,0,0,12,9,9
50,outside,804,6,5,1,2,0,4,0,6,0,3,0,0,16,13,13
50,outside,805,6,5,1,0,2,4,0,6,0,3,0,0,22,17,17
50,outside,806,11,6,5,5,0,6,0,11,0,8,0,0,28,23,23
50,outside,807,11,6,5,0,5,6,0,11,0,8,0,0,38,29,29
50,outside,808,12,7,5,1,0,11,0,12,0,9,0,0,48,40,40
50,outside,809,12,6,6,1,1,10,0,12,0,10,1,0,60,50,50
50,outside,810,14,6,8,2,1,11,0,14,0,12,1,0,70,61,61
50,outside,811,16,7,9,2,2,12,0,16,0,14,1,0,82,73,73
50,outside,812,17,7,10,2,1,14,0,17,0,16,2,0,94,87,87
50,outside,813,17,7,10,1,2,14,0,17,0,17,3,0,106,101,101
50,outside,814,20,9,11,3,1,16,0,20,0,20,3,0,118,117,117
50,outside,815,21,9,12,1,3,17,0,21,0,21,3,0,132,134,134
50,outside,816,23,11,12,2,1,20,0,23,0,23,3,0,146,154,154
50,outside,817,26,12,14,3,2,21,0,26,0,26,3,0,164,175,175
50,outside,818,25,11,14,0,3,22,0,25,0,26,4,0,182,197,197
50,outside,819,27,11,16,3,0,24,0,27,0,29,5,0,202,221,221
50,outside,820,28,12,16,2,3,23,0,28,0,31,6,0,224,244,244
50,outside,821,29,11,18,2,2,25,0,29,0,33,7,0,244,269,269
50,outside,822,31,12,19,4,2,25,0,31,0,37,9,0,262,294,294
50,outside,823,29,11,18,0,4,25,0,29,0,37,11,0,282,319,319
50,outside,824,32,12,20,4,0,28,0,32,0,41,12,0,300,347,347
50,outside,825,34,14,20,2,4,28,0,34,0,43,12,0,322,375,375
50,outside,826,38,16,22,5,2,31,0,38,0,48,13,0,344,406,406
50,outside,827,39,18,21,4,5,30,0,39,0,52,16,0,366,436,436
50,outside,828,38,17,21,3,4,31,0,38,0,55,20,0,392,467,467
50,outside,829,44,21,23,7,3,34,0,44,0,62,21,0,420,501,501
50,outside,830,46,23,23,3,7,36,0,46,0,65,22,0,450,537,537
50,outside,831,53,27,26,8,3,42,0,53,0,73,23,0,482,579,579
50,outside,832,54,27,27,3,8,43,0,54,0,76,25,0,522,622,622
50,outside,833,61,31,30,12,3,46,0,61,0,88,30,0,566,668,668
50,outside,834,67,35,32,8,11,48,0,67,0,96,32,0,614,716,716
50,outside,835,78,40,38,11,8,59,0,78,0,107,32,0,662,775,775
50,outside,836,86,45,41,12,10,64,0,86,0,119,36,0,724,839,839
50,outside,837,94,45,49,12,11,71,0,94,0,131,40,0,792,910,910
50,outside,838,96,46,50,6,12,78,0,96,0,137,44,0,866,988,988
50,outside,839,107,48,59,14,6,87,0,107,0,151,47,0,948,1075,1075
50,outside,840,114,49,65,11,14,89,0,114,0,162,51,0,1032,1164,1164
50,outside,841,124,56,68,14,10,100,0,124,0,176,55,0,1112,1264,1264
50,outside,842,131,59,72,11,14,106,0,131,0,187,59,0,1196,1370,1370
50,outside,843,150,67,83,24,11,115,0,150,0,211,64,0,1286,1485,1485
50,outside,844,158,74,84,12,24,122,0,158,0,223,68,0,1388,1607,1607
50,outside,845,174,77,97,22,12,140,0,174,0,245,74,0,1496,1747,1747
50,outside,846,188,82,106,16,22,150,0,188,0,261,76,0,1618,1897,1897
50,outside,847,209,92,117,26,15,168,0,209,0,287,81,0,1756,2065,2065
50,outside,848,221,101,120,19,26,176,0,221,0,306,88,0,1906,2241,2241
50,outside,849,227,106,121,17,17,193,0,227,0,323,99,0,2060,2434,2434
50,outside,850,251,121,130,28,17,206,0,251,0,351,103,0,2230,2640,2640
51,farmyard,800,3,2,1,0,0,3,3,0,0,0,0,0,0,0,0
51,farmyard,801,3,2,1,0,0,3,3,0,0,0,0,0,8,3,3
51,farmyard,802,4,3,1,1,0,3,4,0,0,1,0,0,16,6,6
51,farmyard,803,5,3,2,1,1,3,5,0,1,2,0,0,24,9,9
51,farmyard,804,6,4,2,1,1,4,6,0,1,3,0,0,32,13,13
51,farmyard,805,7,5,2,1,1,5,7,0,1,4,0,0,44,18,18
51,farmyard,806,9,6,3,2,1,6,9,0,1,6,0,0,56,24,24
51,farmyard,807,10,5,5,2,1,7,10,0,1,8,1,0,72,31,31
51,farmyard,808,11,6,5,2,2,7,11,0,1,10,2,0,92,38,38
51,farmyard,809,11,6,5,2,2,7,11,0,1,12,4,0,108,45,45
51,farmyard,810,13,7,6,2,2,9,13,0,1,14,4,0,120,54,54
51,farmyard,811,12,7,5,0,1,11,12,0,1,14,5,0,140,65,65
51,farmyard,812,11,8,3,2,0,9,11,0,1,16,8,0,164,74,74
51,farmyard,813,11,7,4,2,1,8,11,0,1,18,10,0,188,82,82
51,farmyard,814,13,9,4,2,2,9,13,0,1,20,10,0,208,91,91
51,farmyard,815,11,7,4,1,1,9,11,0,1,21,13,0,232,100,100
51,farmyard,816,14,8,6,4,1,9,14,0,1,25,14,0,256,109,109
51,farmyard,817,12,5,7,1,3,8,12,0,1,26,17,0,280,117,117
51,farmyard,818,11,4,7,1,0,10,11,0,1,27,19,0,296,127,127
51,farmyard,819,13,5,8,3,1,9,13,0,1,30,20,0,312,136,136
51,farmyard,820,10,3,7,0,3,7,10,0,1,30,23,0,328,143,143
51,farmyard,821,10,3,7,0,0,10,10,0,1,30,23,0,336,153,153
51,farmyard,822,10,4,6,1,0,9,10,0,1,31,24,0,348,162,162
51,farmyard,823,11,4,7,1,1,9,11,0,1,32,24,0,360,171,171
51,farmyard,824,12,5,7,1,1,10,12,0,1,33,24,0,372,181,181
51,farmyard,825,9,4,5,0,1,8,9,0,1,33,27,0,388,189,189
51,farmyard,826,11,4,7,2,0,9,11,0,1,35,27,0,400,198,198
51,farmyard,827,12,4,8,1,2,9,12,0,1,36,27,0,416,207,207
51,farmyard,828,8,3,5,1,1,6,8,0,1,37,32,0,432,213,213
51,farmyard,829,7,3,4,0,1,6,7,0,1,37,33,0,440,219,219
51,farmyard,830,7,3,4,1,0,6,7,0,1,38,34,0,448,225,225
51,farmyard,831,5,2,3,0,1,4,5,0,1,38,36,0,456,229,229
51,farmyard,832,7,4,3,2,0,5,7,0,1,40,36,0,460,234,234
51,farmyard,833,7,4,3,0,2,5,7,0,1,40,36,0,468,239,239
51,farmyard,834,10,5,5,3,0,7,10,0,1,43,36,0,476,246,246
51,farmyard,835,9,5,4,0,3,6,9,0,1,43,37,0,492,252,252
51,farmyard,836,9,4,5,1,0,8,9,0,1,44,38,0,508,260,260
51,farmyard,837,8,4,4,1,1,6,8,0,1,45,40,0,524,266,266
51,farmyard,838,8,4,4,1,1,6,8,0,1,46,41,0,536,272,272
51,farmyard,839,8,4,4,0,1,7,8,0,1,46,41,0,544,279,279
51,farmyard,840,8,4,4,1,0,7,8,0,1,47,42,0,556,286,286
51,farmyard,841,6,3,3,0,1,5,6,0,1,47,44,0,568,291,291
51,farmyard,842,7,3,4,1,0,6,7,0,1,48,44,0,576,297,297
51,farmyard,843,6,3,3,0,0,6,6,0,1,48,45,0,588,303,303
51,farmyard,844,6,3,3,1,0,5,6,0,1,49,46,0,600,308,308
51,farmyard,845,7,3,4,1,1,5,7,0,1,50,46,0,608,313,313
51,farmyard,846,8,4,4,1,1,6,8,0,1,51,46,0,616,319,319
51,farmyard,847,8,4,4,2,0,6,8,0,1,53,48,0,628,325,325
51,farmyard,848,6,3,3,0,2,4,6,0,1,53,50,0,640,329,329
51,farmyard,849,6,3,3,0,0,6,6,0,1,53,50,0,648,335,335
51,farmyard,850,6,4,2,2,0,4,6,0,1,55,52,0,660,339,339
51,outside,800,3,2,1,0,0,3,0,3,0,0,0,0,0,0,0
51,outside,801,3,2,1,0,0,3,0,3,0,0,0,0,4,3,3
51,outside,802,4,3,1,1,0,3,0,4,0,1,0,0,8,6,6
51,outside,803,5,3,2,1,1,3,0,5,0,2,0,0,12,9,9
51,outside,804,6,4,2,1,1,4,0,6,0,3,0,0,16,13,13
51,outside,805,7,5,2,1,1,5,0,7,0,4,0,0,22,18,18
51,outside,806,9,6,3,2,1,6,0,9,0,6,0,0,28,24,24
51,outside,807,10,5,5,2,1,7,0,10,0,8,1,0,36,31,31
51,outside,808,13,8,5,3,2,8,0,13,0,11,1,0,46,39,39
51,outside,809,12,7,5,0,3,9,0,12,0,11,2,0,56,48,48
51,outside,810,15,9,6,3,0,12,0,15,0,14,2,0,64,60,60
51,outside,811,16,9,7,1,3,12,0,16,0,15,2,0,78,72,72
51,outside,812,18,9,9,2,1,15,0,18,0,17,2,0,92,87,87
51,outside,813,20,12,8,3,2,15,0,20,0,20,3,0,110,102,102
51,outside,814,21,12,9,2,3,16,0,21,0,22,4,0,128,118,118
51,outside,815,24,14,10,4,2,18,0,24,0,26,5,0,144,136,136
51,outside,816,27,14,13,3,4,20,0,27,0,29,5,0,164,156,156
51,outside,817,32,16,16,5,3,24,0,32,0,34,5,0,186,180,180
51,outside,818,34,16,18,2,5,27,0,34,0,36,5,0,214,207,207
51,outside,819,38,19,19,4,2,32,0,38,0,40,5,0,242,239,239
51,outside,820,42,22,20,5,4,33,0,42,0,45,6,0,274,272,272
51,outside,821,44,22,22,3,5,36,0,44,0,48,7,0,306,308,308
51,outside,822,51,26,25,8,3,40,0,51,0,56,8,0,342,348,348
51,outside,823,52,25,27,3,8,41,0,52,0,59,10,0,382,389,389
51,outside,824,59,26,33,9,3,47,0,59,0,68,12,0,422,436,436
51,outside,825,65,30,35,7,9,49,0,65,0,75,13,0,468,485,485
51,outside,826,70,32,38,8,7,55,0,70,0,83,16,0,514,540,540
51,outside,827,76,32,44,9,8,59,0,76,0,92,19,0,562,599,599
51,outside,828,81,33,48,6,9,66,0,81,0,98,20,0,616,665,665
51,outside,829,91,38,53,12,6,73,0,91,0,110,22,0,678,738,738
51,outside,830,93,39,54,5,11,77,0,93,0,115,25,0,740,815,815
51,outside,831,96,41,55,9,5,82,0,96,0,124,31,0,802,897,897
51,outside,832,103,44,59,10,9,84,0,103,0,134,34,0,876,981,981
51,outside,833,110,47,63,10,10,90,0,110,0,144,37,0,948,1071,1071
51,outside,834,122,55,67,15,9,98,0,122,0,159,40,0,1024,1169,1169
51,outside,835,127,55,72,9,15,103,0,127,0,168,44,0,1110,1272,1272
51,outside,836,137,58,79,13,9,115,0,137,0,181,47,0,1196,1387,1387
51,outside,837,142,62,80,10,13,119,0,142,0,191,52,0,1296,1506,1506
51,outside,838,156,72,84,18,9,129,0,156,0,209,56,0,1402,1635,1635
51,outside,839,162,75,87,10,16,136,0,162,0,219,60,0,1518,1771,1771
51,outside,840,181,87,94,25,10,146,0,181,0,244,66,0,1642,1917,1917
51,outside,841,188,90,98,17,24,147,0,188,0,261,76,0,1782,2064,2064
51,outside,842,202,97,105,19,17,166,0,202,0,280,81,0,1920,2230,2230
51,outside,843,216,104,112,21,19,176,0,216,0,301,88,0,2082,2406,2406
51,outside,844,232,115,117,29,20,183,0,232,0,330,101,0,2250,2589,2589
51,outside,845,257,128,129,30,29,198,0,257,0,360,106,0,2422,2787,2787
51,outside,846,285,138,147,37,30,218,0,285,0,397,115,0,2612,3005,3005
51,outside,847,303,151,152,27,36,240,0,303,0,424,124,0,2828,3245,3245
51,outside,848,330,168,162,39,25,266,0,330,0,463,136,0,3066,3502,3511
51,outside,849,364,178,186,42,39,283,0,364,0,505,144,0,3322,3780,3794
51,outside,850,403,197,206,49,42,312,0,403,0,554,154,0,3600,4076,4106
52,farmyard,800,3,2,1,0,0,3,3,0,0,0,0,0,0,0,0
52,farmyard,801,4,3,1,1,0,3,4,0,0,1,0,0,8,3,3
52,farmyard,802,5,3,2,1,1,3,5,0,1,2,0,0,16,6,6
52,farmyard,803,6,4,2,1,1,4,6,0,1,3,0,0,24,10,10
52,farmyard,804,7,5,2,1,1,5,7,0,1,4,0,0,36,15,15
52,farmyard,805,10,6,4,3,1,6,10,0,1,7,0,0,48,21,21
52,farmyard,806,4,3,1,0,0,4,4,0,0,7,6,0,64,25,25
52,farmyard,807,5,4,1,1,0,4,5,0,1,8,6,0,76,29,29
52,farmyard,808,4,3,1,0,1,3,4,0,0,8,7,0,88,32,32
52,farmyard,809,6,4,2,2,0,4,6,0,1,10,7,0,96,36,36
52,farmyard,810,6,4,2,0,2,4,6,0,1,10,7,0,108,40,40
52,farmyard,811,8,6,2,2,0,6,8,0,1,12,7,0,120,46,46
52,farmyard,812,7,5,2,0,2,5,7,0,1,12,8,0,136,51,51
52,farmyard,813,10,6,4,3,0,7,10,0,1,15,8,0,148,58,58
52,farmyard,814,9,6,3,0,2,7,9,0,1,15,9,0,168,65,65
52,farmyard,815,14,8,6,5,0,9,14,0,1,20,9,0,188,74,74
52,farmyard,816,8,3,5,0,3,5,8,0,1,20,15,0,212,79,79
52,farmyard,817,9,4,5,1,0,8,9,0,1,21,15,0,220,87,87
52,farmyard,818,8,4,4,1,1,6,8,0,1,22,17,0,232,93,93
52,farmyard,819,8,4,4,1,1,6,8,0,1,23,18,0,240,99,99
52,farmyard,820,8,3,5,1,1,6,8,0,1,24,19,0,248,105,105
52,farmyard,821,8,3,5,1,1,6,8,0,1,25,20,0,256,111,111
52,farmyard,822,8,3,5,1,1,6,8,0,1,26,21,0,268,117,117
52,farmyard,823,8,3,5,1,1,6,8,0,1,27,22,0,276,123,123
52,farmyard,824,8,3,5,0,1,7,8,0,1,27,22,0,280,130,130
52,farmyard,825,9,3,6,2,0,7,9,0,1,29,23,0,288,137,137
52,farmyard,826,6,2,4,0,2,4,6,0,1,29,26,0,296,141,141
52,farmyard,827,5,2,3,1,0,4,5,0,1,30,28,0,300,145,145
52,farmyard,828,6,2,4,1,1,4,6,0,1,31,28,0,308,149,149
52,farmyard,829,7,2,5,1,1,5,7,0,1,32,28,0,316,154,154
52,farmyard,830,7,2,5,0,1,6,7,0,1,32,28,0,324,160,160
52,farmyard,831,7,3,4,1,0,6,7,0,1,33,29,0,332,166,166
52,farmyard,832,6,2,4,1,0,5,6,0,1,34,31,0,340,171,171
52,farmyard,833,5,1,4,0,1,4,5,0,1,34,32,0,348,175,175
52,farmyard,834,3,0,3,0,0,3,3,0,0,34,34,0,352,178,178
52,farmyard,835,3,0,3,0,0,3,3,0,0,34,34,0,352,181,181
52,farmyard,836,3,0,3,0,0,3,3,0,0,34,34,0,352,184,184
52,farmyard,837,3,0,3,0,0,3,3,0,0,34,34,0,352,187,187
52,farmyard,838,3,0,3,0,0,3,3,0,0,34,34,0,352,190,190
52,farmyard,839,3,0,3,0,0,3,3,0,0,34,34,0,352,193,193
52,farmyard,840,3,0,3,0,0,3,3,0,0,34,34,0,352,196,196
52,farmyard,841,3,0,3,0,0,3,0,3,0,34,34,0,352,199,199
52,farmyard,842,3,0,3,0,0,3,0,3,0,34,34,0,352,202,202
52,farmyard,843,3,0,3,0,0,3,0,3,0,34,34,0,352,205,205
52,farmyard,844,2,0,2,0,0,2,0,2,0,34,35,0,352,207,207
52,farmyard,845,2,0,2,0,0,2,0,2,0,34,35,0,352,209,209
52,farmyard,846,1,0,1,0,0,1,0,1,0,34,36,0,352,210,210
52,farmyard,847,0,0,0,0,0,0,0,0,0,34,37,0,352,210,210
52,farmyard,848,0,0,0,0,0,0,0,0,0,34,37,0,352,210,210
52,farmyard,849,0,0,0,0,0,0,0,0,0,34,37,0,352,210,210
52,farmyard,850,0,0,0,0,0,0,0,0,0,34,37,0,352,210,210
52,outside,800,3,2,1,0,0,3,0,3,0,0,0,0,0,0,0
52,outside,801,4,3,1,1,0,3,0,4,0,1,0,0,4,3,3
52,outside,802,5,3,2,1,1,3,0,5,0,2,0,0,8,6,6
52,outside,803,6,4,2,1,1,4,0,6,0,3,0,0,12,10,10
52,outside,804,7,5,2,1,1,5,0,7,0,4,0,0,18,15,15
52,outside,805,10,6,4,3,1,6,0,10,0,7,0,0,24,21,21
52,outside,806,10,7,3,1,2,7,0,10,0,8,1,0,32,28,28
52,outside,807,11,7,4,2,1,8,0,11,0,10,2,0,42,36,36
52,outside,808,14,10,4,3,2,9,0,14,0,13,2,0,52,45,45
52,outside,809,16,11,5,2,3,11,0,16,0,15,2,0,64,56,56
52,outside,810,19,12,7,3,2,14,0,19,0,18,2,0,78,70,70
52,outside,811,24,14,10,5,3,16,0,24,0,23,2,0,98,86,86
52,outside,812,26,15,11,2,5,19,0,26,0,25,2,0,120,105,105
52,outside,813,29,15,14,4,2,23,0,29,0,29,3,0,144,128,128
52,outside,814,35,19,16,7,4,24,0,35,0,36,4,0,170,152,152
52,outside,815,36,19,17,2,7,27,0,36,0,38,5,0,196,179,179
52,outside,816,43,22,21,7,2,34,0,43,0,45,5,0,222,213,213
52,outside,817,48,23,25,6,7,35,0,48,0,51,6,0,258,248,248
52,outside,818,51,22,29,6,6,39,0,51,0,57,9,0,296,287,287
52,outside,819,55,24,31,6,6,43,0,55,0,63,11,0,338,330,330
52,outside,820,57,24,33,3,6,48,0,57,0,66,12,0,378,378,378
52,outside,821,59,25,34,4,3,52,0,59,0,70,14,0,416,430,430
52,outside,822,65,27,38,12,3,50,0,65,0,82,20,0,460,480,480
52,outside,823,69,31,38,5,12,52,0,69,0,87,21,0,500,532,532
52,outside,824,76,31,45,10,5,61,0,76,0,97,24,0,544,593,593
52,outside,825,83,34,49,9,10,64,0,83,0,106,26,0,592,657,657
52,outside,826,94,39,55,11,9,74,0,94,0,117,26,0,644,731,731
52,outside,827,100,45,55,8,11,81,0,100,0,125,28,0,702,812,812
52,outside,828,105,48,57,10,7,88,0,105,0,135,33,0,768,900,900
52,outside,829,116,51,65,12,10,94,0,116,0,147,34,0,840,994,994
52,outside,830,126,56,70,14,12,100,0,126,0,161,38,0,922,1094,1094
52,outside,831,136,60,76,13,14,109,0,136,0,174,41,0,1014,1203,1203
52,outside,832,147,63,84,16,13,118,0,147,0,190,46,0,1112,1321,1321
52,outside,833,151,65,86,12,16,123,0,151,0,202,54,0,1216,1444,1444
52,outside,834,162,71,91,18,11,133,0,162,0,220,61,0,1324,1577,1577
52,outside,835,175,81,94,20,18,137,0,175,0,240,68,0,1440,1714,1714
52,outside,836,186,87,99,14,19,153,0,186,0,254,71,0,1560,1867,1867
52,outside,837,204,101,103,27,14,163,0,204,0,281,80,0,1694,2030,2030
52,outside,838,213,108,105,18,26,169,0,213,0,299,89,0,1850,2199,2199
52,outside,839,238,118,120,34,18,186,0,238,0,333,98,0,2016,2385,2385
52,outside,840,259,133,126,26,33,200,0,259,0,359,103,0,2202,2585,2585
52,outside,841,281,148,133,32,26,223,0,281,0,391,113,0,2404,2808,2808
52,outside,842,304,158,146,32,32,240,0,304,0,423,122,0,2630,3048,3048
52,outside,843,335,175,160,41,30,264,0,335,0,464,132,0,2876,3312,3312
52,outside,844,381,205,176,53,40,288,0,381,0,517,139,0,3154,3600,3600
52,outside,845,410,225,185,42,53,315,0,410,0,559,152,0,3458,3915,3915
52,outside,846,465,250,215,66,42,357,0,465,0,625,163,0,3796,4272,4272
52,outside,847,519,280,239,70,63,386,0,519,0,695,179,0,4184,4658,4658
52,outside,848,571,303,268,69,70,432,0,571,0,764,196,0,4608,5090,5090
52,outside,849,628,331,297,75,68,485,0,628,0,839,214,0,5072,5575,5575
52,outside,850,694,358,336,82,74,538,0,694,0,921,230,0,5592,6113,6113
53,farmyard,800,3,2,1,0,0,3,3,0,0,0,0,0,0,0,0
53,farmyard,801,5,2,3,2,0,3,5,0,1,2,0,0,8,3,3
53,farmyard,802,5,2,3,0,2,3,5,0,1,2,0,0,16,6,6
53,farmyard,803,6,3,3,1,0,5,6,0,1,3,0,0,24,11,11
53,farmyard,804,7,4,3,1,1,5,7,0,1,4,0,0,32,16,16
53,farmyard,805,6,4,2,0,1,5,6,0,1,4,1,0,40,21,21
53,farmyard,806,8,6,2,2,0,6,8,0,1,6,1,0,52,27,27
53,farmyard,807,8,6,2,1,2,5,8,0,1,7,2,0,68,32,32
53,farmyard,808,9,6,3,2,1,6,9,0,1,9,3,0,80,38,38
53,farmyard,809,9,5,4,2,1,6,9,0,1,11,5,0,96,44,44
53,farmyard,810,11,6,5,3,1,7,11,0,1,14,6,0,112,51,51
53,farmyard,811,9,6,3,1,3,5,9,0,1,15,9,0,132,56,56
53,farmyard,812,9,6,3,0,1,8,9,0,1,15,9,0,148,64,64
53,farmyard,813,10,6,4,1,0,9,10,0,1,16,9,0,168,73,73
53,farmyard,814,11,6,5,1,1,9,11,0,1,17,9,0,192,82,82
53,farmyard,815,8,5,3,1,0,7,8,0,1,18,13,0,216,89,89
53,farmyard,816,10,7,3,2,1,7,10,0,1,20,13,0,232,96,96
53,farmyard,817,9,6,3,2,1,6,9,0,1,22,16,0,248,102,102
53,farmyard,818,9,7,2,1,2,6,9,0,1,23,17,0,260,108,108
53,farmyard,819,7,7,0,0,1,6,7,0,1,23,19,0,276,114,114
53,farmyard,820,6,6,0,0,0,6,6,0,1,23,20,0,300,120,120
53,farmyard,821,6,6,0,0,0,6,6,0,1,23,20,0,324,126,126
53,farmyard,822,6,6,0,0,0,6,6,0,1,23,20,0,348,132,132
53,farmyard,823,4,4,0,0,0,4,4,0,0,23,22,0,372,136,136
53,farmyard,824,4,4,0,0,0,4,4,0,0,23,22,0,388,140,140
53,farmyard,825,4,4,0,0,0,4,4,0,0,23,22,0,404,144,144
53,farmyard,826,4,4,0,0,0,4,4,0,0,23,22,0,420,148,148
53,farmyard,827,4,4,0,0,0,4,4,0,0,23,22,0,436,152,152
53,farmyard,828,4,4,0,0,0,4,4,0,0,23,22,0,452,156,156
53,farmyard,829,3,3,0,0,0,3,3,0,0,23,23,0,468,159,159
53,farmyard,830,3,3,0,0,0,3,3,0,0,23,23,0,480,162,162
53,farmyard,831,3,3,0,0,0,3,3,0,0,23,23,0,492,165,165
53,farmyard,832,3,3,0,0,0,3,3,0,0,23,23,0,504,168,168
53,farmyard,833,3,3,0,0,0,3,3,0,0,23,23,0,516,171,171
53,farmyard,834,3,3,0,0,0,3,3,0,0,23,23,0,528,174,174
53,farmyard,835,3,3,0,0,0,3,3,0,0,23,23,0,540,177,177
53,farmyard,836,2,2,0,0,0,2,2,0,0,23,24,0,552,179,179
53,farmyard,837,2,2,0,0,0,2,2,0,0,23,24,0,560,181,181
53,farmyard,838,2,2,0,0,0,2,2,0,0,23,24,0,568,183,183
53,farmyard,839,1,1,0,0,0,1,1,0,0,23,25,0,576,184,184
53,farmyard,840,1,1,0,0,0,1,1,0,0,23,25,0,580,185,185
53,farmyard,841,1,1,0,0,0,1,1,0,0,23,25,0,584,186,186
53,farmyard,842,1,1,0,0,0,1,1,0,0,23,25,0,588,187,187
53,farmyard,843,1,1,0,0,0,1,1,0,0,23,25,0,592,188,188
53,farmyard,844,1,1,0,0,0,1,1,0,0,23,25,0,596,189,189
53,farmyard,845,0,0,0,0,0,0,0,0,0,23,26,0,600,189,189
53,farmyard,846,0,0,0,0,0,0,0,0,0,23,26,0,600,189,189
53,farmyard,847,0,0,0,0,0,0,0,0,0,23,26,0,600,189,189
53,farmyard,848,0,0,0,0,0,0,0,0,0,23,26,0,600,189,189
53,farmyard,849,0,0,0,0,0,0,0,0,0,23,26,0,600,189,189
53,farmyard,850,0,0,0,0,0,0,0,0,0,23,26,0,600,189,189
53,outside,800,3,2,1,0,0,3,0,3,0,0,0,0,0,0,0
53,outside,801,5,2,3,2,0,3,0,5,0,2,0,0,4,3,3
53,outside,802,5,2,3,0,2,3,0,5,0,2,0,0,8,6,6
53,outside,803,6,3,3,1,0,5,0,6,0,3,0,0,12,11,11
53,outside,804,7,4,3,1,1,5,0,7,0,4,0,0,16,16,16
53,outside,805,7,4,3,0,1,6,0,7,0,4,0,0,20,22,22
53,outside,806,10,6,4,3,0,7,0,10,0,7,0,0,26,29,29
53,outside,807,11,7,4,1,3,7,0,11,0,8,0,0,34,36,36
53,outside,808,13,8,5,2,1,10,0,13,0,10,0,0,42,46,46
53,outside,809,14,9,5,2,2,10,0,14,0,12,1,0,54,56,56
53,outside,810,17,10,7,3,2,12,0,17,0,15,1,0,66,68,68
53,outside,811,20,11,9,3,3,14,0,20,0,18,1,0,80,82,82
53,outside,812,24,12,12,4,3,17,0,24,0,22,1,0,98,99,99
53,outside,813,25,13,12,2,4,19,0,25,0,24,2,0,118,118,118
53,outside,814,30,15,15,5,2,23,0,30,0,29,2,0,140,141,141
53,outside,815,33,17,16,3,5,25,0,33,0,32,2,0,164,166,166
53,outside,816,42,21,21,9,3,30,0,42,0,41,2,0,190,196,196
53,outside,817,43,19,24,5,8,30,0,43,0,46,6,0,220,226,226
53,outside,818,48,21,27,5,5,38,0,48,0,51,6,0,250,264,264
53,outside,819,51,23,28,3,5,43,0,51,0,54,6,0,286,307,307
53,outside,820,54,22,32,5,3,46,0,54,0,59,8,0,324,353,353
53,outside,821,60,26,34,6,5,49,0,60,0,65,8,0,362,402,402
53,outside,822,63,27,36,4,6,53,0,63,0,69,9,0,404,455,455
53,outside,823,66,29,37,6,4,56,0,66,0,75,12,0,448,511,511
53,outside,824,73,34,39,8,6,59,0,73,0,83,13,0,498,570,570
53,outside,825,77,33,44,5,8,64,0,77,0,88,14,0,548,634,634
53,outside,826,80,35,45,8,4,68,0,80,0,96,19,0,602,702,702
53,outside,827,83,36,47,7,8,68,0,83,0,103,23,0,664,770,770
53,outside,828,94,43,51,13,7,74,0,94,0,116,25,0,722,844,844
53,outside,829,99,47,52,8,13,78,0,99,0,124,28,0,786,922,922
53,outside,830,103,52,51,12,7,84,0,103,0,136,36,0,852,1006,1006
53,outside,831,115,57,58,15,11,89,0,115,0,151,39,0,934,1095,1095
53,outside,832,124,64,60,15,15,94,0,124,0,166,45,0,1024,1189,1189
53,outside,833,134,71,63,14,15,105,0,134,0,180,49,0,1120,1294,1294
53,outside,834,151,85,66,23,13,115,0,151,0,203,55,0,1224,1409,1409
53,outside,835,157,86,71,13,23,121,0,157,0,216,62,0,1348,1530,1530
53,outside,836,177,96,81,26,13,138,0,177,0,242,68,0,1480,1668,1668
53,outside,837,190,102,88,16,26,148,0,190,0,258,71,0,1636,1816,1816
53,outside,838,220,115,105,33,16,171,0,220,0,291,74,0,1800,1987,1987
53,outside,839,248,134,114,32,33,183,0,248,0,323,78,0,1986,2170,2170
53,outside,840,269,138,131,34,32,203,0,269,0,357,91,0,2184,2373,2373
53,outside,841,291,148,143,30,33,228,0,291,0,387,99,0,2396,2601,2601
53,outside,842,322,159,163,39,29,254,0,322,0,426,107,0,2638,2855,2855
53,outside,843,357,178,179,40,38,279,0,357,0,466,112,0,2898,3134,3134
53,outside,844,386,191,195,41,40,305,0,386,0,507,124,0,3182,3439,3439
53,outside,845,421,213,208,49,40,332,0,421,0,556,138,0,3476,3771,3771
53,outside,846,464,235,229,53,48,363,0,464,0,609,148,0,3806,4134,4134
53,outside,847,520,257,263,65,53,402,0,520,0,674,157,0,4170,4536,4536
53,outside,848,563,277,286,61,63,439,0,563,0,735,175,0,4574,4975,4975
53,outside,849,625,299,326,73,61,491,0,625,0,808,186,0,5014,5466,5466
53,outside,850,682,331,351,79,72,531,0,682,0,887,208,0,5498,5997,5997
54,farmyard,800,3,2,1,0,0,3,3,0,0,0,0,0,0,0,0
54,farmyard,801,4,3,1,1,0,3,4,0,0,1,0,0,8,3,3
54,farmyard,802,5,4,1,1,1,3,5,0,1,2,0,0,16,6,6
54,farmyard,803,6,5,1,1,1,4,6,0,1,3,0,0,24,10,10
54,farmyard,804,7,6,1,1,1,5,7,0,1,4,0,0,36,15,15
54,farmyard,805,9,6,3,2,1,6,9,0,1,6,0,0,52,21,21
54,farmyard,806,12,8,4,3,2,7,12,0,1,9,0,0,72,28,28
54,farmyard,807,11,5,6,2,2,7,11,0,1,11,3,0,96,35,35
54,farmyard,808,12,6,6,1,2,9,12,0,1,12,3,0,112,44,44
54,farmyard,809,13,7,6,2,1,10,13,0,1,14,4,0,132,54,54
54,farmyard,810,13,8,5,1,2,10,13,0,1,15,5,0,152,64,64
54,farmyard,811,14,8,6,2,1,11,14,0,1,17,6,0,176,75,75
54,farmyard,812,11,7,4,1,1,9,11,0,1,18,10,0,200,84,84
54,farmyard,813,12,7,5,2,1,9,12,0,1,20,11,0,220,93,93
54,farmyard,814,9,6,3,0,2,7,9,0,1,20,14,0,240,100,100
54,farmyard,815,8,5,3,0,0,8,8,0,1,20,15,0,260,108,108
54,farmyard,816,10,6,4,2,0,8,10,0,1,22,15,0,280,116,116
54,farmyard,817,9,6,3,1,2,6,9,0,1,23,17,0,300,122,122
54,farmyard,818,8,5,3,0,0,8,8,0,1,23,18,0,316,130,130
54,farmyard,819,7,5,2,2,0,5,7,0,1,25,21,0,336,135,135
54,farmyard,820,8,6,2,1,2,5,8,0,1,26,21,0,352,140,140
54,farmyard,821,11,6,5,4,0,7,11,0,1,30,22,0,368,147,147
54,farmyard,822,10,6,4,0,3,7,10,0,1,30,23,0,388,154,154
54,farmyard,823,9,5,4,1,0,8,9,0,1,31,25,0,408,162,162
54,farmyard,824,10,6,4,1,1,8,10,0,1,32,25,0,424,170,170
54,farmyard,825,9,5,4,1,1,7,9,0,1,33,27,0,440,177,177
54,farmyard,826,8,4,4,1,0,7,8,0,1,34,29,0,452,184,184
54,farmyard,827,9,6,3,2,1,6,9,0,1,36,30,0,468,190,190
54,farmyard,828,8,5,3,1,1,6,8,0,1,37,32,0,484,196,196
54,farmyard,829,11,8,3,4,1,6,11,0,1,41,33,0,500,202,202
54,farmyard,830,9,6,3,0,4,5,9,0,1,41,35,0,516,207,207
54,farmyard,831,10,6,4,2,0,8,10,0,1,43,36,0,524,215,215
54,farmyard,832,9,5,4,1,2,6,9,0,1,44,38,0,544,221,221
54,farmyard,833,10,6,4,2,1,7,10,0,1,46,39,0,560,228,228
54,farmyard,834,11,6,5,2,2,7,11,0,1,48,40,0,580,235,235
54,farmyard,835,13,7,6,2,2,9,13,0,1,50,40,0,596,244,244
54,farmyard,836,10,6,4,0,1,9,10,0,1,50,43,0,616,253,253
54,farmyard,837,10,7,3,2,0,8,10,0,1,52,45,0,640,261,261
54,farmyard,838,10,7,3,2,1,7,10,0,1,54,47,0,660,268,268
54,farmyard,839,11,7,4,1,2,8,11,0,1,55,47,0,676,276,276
54,farmyard,840,11,7,4,2,1,8,11,0,1,57,49,0,696,284,284
54,farmyard,841,9,6,3,1,1,7,9,0,1,58,52,0,720,291,291
54,farmyard,842,8,6,2,1,1,6,8,0,1,59,54,0,740,297,297
54,farmyard,843,11,8,3,3,1,7,11,0,1,62,54,0,756,304,304
54,farmyard,844,9,6,3,1,2,6,9,0,1,63,57,0,776,310,310
54,farmyard,845,10,6,4,1,1,8,10,0,1,64,57,0,792,318,318
54,farmyard,846,11,5,6,2,1,8,11,0,1,66,58,0,812,326,326
54,farmyard,847,11,4,7,1,2,8,11,0,1,67,59,0,832,334,334
54,farmyard,848,11,3,8,1,1,9,11,0,1,68,60,0,848,343,343
54,farmyard,849,10,3,7,1,1,8,10,0,1,69,62,0,860,351,351
54,farmyard,850,8,3,5,0,1,7,8,0,1,69,64,0,872,358,358
54,outside,800,3,2,1,0,0,3,0,3,0,0,0,0,0,0,0
54,outside,801,4,3,1,1,0,3,0,4,0,1,0,0,4,3,3
54,outside,802,5,4,1,1,1,3,0,5,0,2,0,0,8,6,6
54,outside,803,6,5,1,1,1,4,0,6,0,3,0,0,12,10,10
54,outside,804,7,6,1,1,1,5,0,7,0,4,0,0,18,15,15
54,outside,805,9,6,3,2,1,6,0,9,0,6,0,0,26,21,21
54,outside,806,12,8,4,3,2,7,0,12,0,9,0,0,36,28,28
54,outside,807,15,8,7,3,3,9,0,15,0,12,0,0,48,37,37
54,outside,808,20,11,9,5,3,12,0,20,0,17,0,0,60,49,49
54,outside,809,22,12,10,2,5,15,0,22,0,19,0,0,76,64,64
54,outside,810,23,12,11,1,2,20,0,23,0,20,0,0,92,84,84
54,outside,811,29,14,15,6,1,22,0,29,0,26,0,0,114,106,106
54,outside,812,27,13,14,0,6,21,0,27,0,26,2,0,138,127,127
54,outside,813,32,17,15,5,0,27,0,32,0,31,2,0,160,154,154
54,outside,814,35,18,17,4,5,26,0,35,0,35,3,0,186,180,180
54,outside,815,44,20,24,9,4,31,0,44,0,44,3,0,210,211,211
54,outside,816,48,21,27,4,9,35,0,48,0,48,3,0,242,246,246
54,outside,817,53,24,29,7,4,42,0,53,0,55,5,0,278,288,288
54,outside,818,57,26,31,5,7,45,0,57,0,60,6,0,318,333,333
54,outside,819,59,28,31,5,5,49,0,59,0,65,9,0,358,382,382
54,outside,820,65,31,34,8,5,52,0,65,0,73,11,0,402,434,434
54,outside,821,70,33,37,5,8,57,0,70,0,78,11,0,448,491,491
54,outside,822,75,38,37,8,5,62,0,75,0,86,14,0,500,553,553
54,outside,823,82,42,40,10,8,64,0,82,0,96,17,0,560,617,617
54,outside,824,93,48,45,11,10,72,0,93,0,107,17,0,620,689,689
54,outside,825,103,55,48,12,11,80,0,103,0,119,19,0,692,769,769
54,outside,826,118,63,55,19,12,87,0,118,0,138,23,0,776,856,856
54,outside,827,130,70,60,15,19,96,0,130,0,153,26,0,868,952,952
54,outside,828,145,79,66,17,15,113,0,145,0,170,28,0,970,1065,1065
54,outside,829,164,88,76,23,16,125,0,164,0,193,32,0,1090,1190,1190
54,outside,830,183,102,81,24,23,136,0,183,0,217,37,0,1224,1326,1326
54,outside,831,208,115,93,29,24,155,0,208,0,246,41,0,1374,1481,1481
54,outside,832,233,124,109,30,29,174,0,233,0,276,46,0,1542,1655,1655
54,outside,833,250,131,119,26,30,194,0,250,0,302,55,0,1736,1849,1849
54,outside,834,270,143,127,31,26,213,0,270,0,333,66,0,1948,2062,2062
54,outside,835,299,158,141,38,30,231,0,299,0,371,75,0,2178,2293,2293
54,outside,836,326,173,153,33,38,255,0,326,0,404,81,0,2428,2548,2548
54,outside,837,359,191,168,41,32,286,0,359,0,445,89,0,2698,2834,2834
54,outside,838,392,205,187,44,40,308,0,392,0,489,100,0,3002,3142,3142
54,outside,839,427,223,204,52,44,331,0,427,0,541,117,0,3332,3473,3473
54,outside,840,458,240,218,43,51,364,0,458,0,584,129,0,3682,3837,3837
54,outside,841,513,274,239,68,40,405,0,513,0,652,142,0,4062,4242,4242
54,outside,842,573,304,269,72,67,434,0,573,0,724,154,0,4486,4676,4676
54,outside,843,637,343,294,76,72,489,0,637,0,800,166,0,4946,5165,5165
54,outside,844,707,368,339,84,76,547,0,707,0,884,180,0,5470,5712,5712
54,outside,845,771,394,377,89,80,602,0,771,0,973,205,0,6044,6314,6314
54,outside,846,843,438,405,93,83,667,0,843,0,1066,226,0,6680,6981,6981
54,outside,847,922,476,446,112,89,721,0,922,0,1178,259,0,7370,7702,7702
54,outside,848,992,503,489,103,108,781,0,992,0,1281,292,0,8108,8483,8483
54,outside,849,1082,546,536,127,99,856,0,1082,0,1408,329,0,8912,9339,9339
54,outside,850,1178,592,586,135,126,917,0,1178,0,1543,368,0,9790,10256,10256
55,farmyard,800,3,2,1,0,0,3,3,0,0,0,0,0,0,0,0
55,farmyard,801,4,3,1,1,0,3,4,0,0,1,0,0,8,3,3
55,farmyard,802,5,3,2,1,1,3,5,0,1,2,0,0,16,6,6
55,farmyard,803,4,3,1,0,1,3,4,0,0,2,1,0,24,9,9
55,farmyard,804,4,3,1,0,0,4,4,0,0,2,1,0,36,13,13
55,farmyard,805,6,4,2,2,0,4,6,0,1,4,1,0,48,17,17
55,farmyard,806,6,4,2,0,2,4,6,0,1,4,1,0,60,21,21
55,farmyard,807,7,5,2,1,0,6,7,0,1,5,1,0,72,27,27
55,farmyard,808,7,4,3,1,1,5,7,0,1,6,2,0,88,32,32
55,farmyard,809,8,4,4,1,1,6,8,0,1,7,2,0,100,38,38
55,farmyard,810,9,4,5,2,1,6,9,0,1,9,3,0,116,44,44
55,farmyard,811,8,4,4,0,1,7,8,0,1,9,4,0,128,51,51
55,farmyard,812,7,4,3,1,0,6,7,0,1,10,6,0,140,57,57
55,farmyard,813,6,4,2,1,0,5,6,0,1,11,8,0,152,62,62
55,farmyard,814,7,5,2,1,1,5,7,0,1,12,8,0,164,67,67
55,farmyard,815,5,4,1,0,1,4,5,0,1,12,10,0,176,71,71
55,farmyard,816,5,4,1,0,0,5,5,0,1,12,10,0,188,76,76
55,farmyard,817,5,4,1,0,0,5,5,0,1,12,10,0,204,81,81
55,farmyard,818,5,4,1,0,0,5,5,0,1,12,10,0,220,86,86
55,farmyard,819,5,4,1,0,0,5,5,0,1,12,10,0,236,91,91
55,farmyard,820,4,4,0,0,0,4,4,0,0,12,11,0,252,95,95
55,farmyard,821,4,4,0,0,0,4,4,0,0,12,11,0,268,99,99
55,farmyard,822,4,4,0,0,0,4,4,0,0,12,11,0,284,103,103
55,farmyard,823,4,4,0,0,0,4,4,0,0,12,11,0,300,107,107
55,farmyard,824,4,4,0,0,0,4,4,0,0,12,11,0,316,111,111
55,farmyard,825,3,3,0,0,0,3,3,0,0,12,12,0,332,114,114
55,farmyard,826,3,3,0,0,0,3,3,0,0,12,12,0,344,117,117
55,farmyard,827,3,3,0,0,0,3,3,0,0,12,12,0,356,120,120
55,farmyard,828,3,3,0,0,0,3,3,0,0,12,12,0,368,123,123
55,farmyard,829,2,2,0,0,0,2,2,0,0,12,13,0,380,125,125
55,farmyard,830,1,1,0,0,0,1,1,0,0,12,14,0,388,126,126
55,farmyard,831,1,1,0,0,0,1,1,0,0,12,14,0,392,127,127
55,farmyard,832,1,1,0,0,0,1,1,0,0,12,14,0,396,128,128
55,farmyard,833,1,1,0,0,0,1,1,0,0,12,14,0,400,129,129
55,farmyard,834,1,1,0,0,0,1,1,0,0,12,14,0,404,130,130
55,farmyard,835,0,0,0,0,0,0,0,0,0,12,15,0,408,130,130
55,farmyard,836,0,0,0,0,0,0,0,0,0,12,15,0,408,130,130
55,farmyard,837,0,0,0,0,0,0,0,0,0,12,15,0,408,130,130
55,farmyard,838,0,0,0,0,0,0,0,0,0,12,15,0,408,130,130
55,farmyard,839,0,0,0,0,0,0,0,0,0,12,15,0,408,130,130
55,farmyard,840,0,0,0,0,0,0,0,0,0,12,15,0,408,130,130
55,farmyard,841,0,0,0,0,0,0,0,0,0,12,15,0,408,130,130
55,farmyard,842,0,0,0,0,0,0,0,0,0,12,15,0,408,130,130
55,farmyard,843,0,0,0,0,0,0,0,0,0,12,15,0,408,130,130
55,farmyard,844,0,0,0,0,0,0,0,0,0,12,15,0,408,130,130
55,farmyard,845,0,0,0,0,0,0,0,0,0,12,15,0,408,130,130
55,farmyard,846,0,0,0,0,0,0,0,0,0,12,15,0,408,130,130
55,farmyard,847,0,0,0,0,0,0,0,0,0,12,15,0,408,130,130
55,farmyard,848,0,0,0,0,0,0,0,0,0,12,15,0,408,130,130
55,farmyard,849,0,0,0,0,0,0,0,0,0,12,15,0,408,130,130
55,farmyard,850,0,0,0,0,0,0,0,0,0,12,15,0,408,130,130
55,outside,800,3,2,1,0,0,3,0,3,0,0,0,0,0,0,0
55,outside,801,4,3,1,1,0,3,0,4,0,1,0,0,4,3,3
55,outside,802,5,3,2,1,1,3,0,5,0,2,0,0,8,6,6
55,outside,803,6,4,2,1,1,4,0,6,0,3,0,0,12,10,10
55,outside,804,7,3,4,2,0,5,0,7,0,5,1,0,18,15,15
55,outside,805,7,3,4,0,2,5,0,7,0,5,1,0,24,20,20
55,outside,806,8,3,5,1,0,7,0,8,0,6,1,0,30,27,27
55,outside,807,9,3,6,1,1,7,0,9,0,7,1,0,36,34,34
55,outside,808,9,3,6,0,1,8,0,9,0,7,1,0,42,42,42
55,outside,809,12,3,9,3,0,9,0,12,0,10,1,0,48,51,51
55,outside,810,12,3,9,0,3,9,0,12,0,10,1,0,54,60,60
55,outside,811,11,2,9,0,0,11,0,11,0,10,2,0,60,71,71
55,outside,812,10,2,8,0,0,10,0,10,0,10,3,0,64,81,81
55,outside,813,7,0,7,0,0,7,0,7,0,10,6,0,68,88,88
55,outside,814,7,0,7,0,0,7,0,7,0,10,6,0,68,95,95
55,outside,815,7,0,7,0,0,7,0,7,0,10,6,0,68,102,102
55,outside,816,7,0,7,0,0,7,0,7,0,10,6,0,68,109,109
55,outside,817,7,0,7,0,0,7,0,7,0,10,6,0,68,116,116
55,outside,818,6,0,6,0,0,6,0,6,0,10,7,0,68,122,122
55,outside,819,6,0,6,0,0,6,0,6,0,10,7,0,68,128,128
55,outside,820,6,0,6,0,0,6,0,6,0,10,7,0,68,134,134
55,outside,821,6,0,6,0,0,6,0,6,0,10,7,0,68,140,140
55,outside,822,6,0,6,0,0,6,0,6,0,10,7,0,68,146,146
55,outside,823,3,0,3,0,0,3,0,3,0,10,10,0,68,149,149
55,outside,824,2,0,2,0,0,2,0,2,0,10,11,0,68,151,151
55,outside,825,2,0,2,0,0,2,0,2,0,10,11,0,68,153,153
55,outside,826,1,0,1,0,0,1,0,1,0,10,12,0,68,154,154
55,outside,827,1,0,1,0,0,1,0,1,0,10,12,0,68,155,155
55,outside,828,1,0,1,0,0,1,0,1,0,10,12,0,68,156,156
55,outside,829,1,0,1,0,0,1,0,1,0,10,12,0,68,157,157
55,outside,830,1,0,1,0,0,1,0,1,0,10,12,0,68,158,158
55,outside,831,1,0,1,0,0,1,0,1,0,10,12,0,68,159,159
55,outside,832,1,0,1,0,0,1,0,1,0,10,12,0,68,160,160
55,outside,833,1,0,1,0,0,1,0,1,0,10,12,0,68,161,161
55,outside,834,1,0,1,0,0,1,0,1,0,10,12,0,68,162,162
55,outside,835,0,0,0,0,0,0,0,0,0,10,13,0,68,162,162
55,outside,836,0,0,0,0,0,0,0,0,0,10,13,0,68,162,162
55,outside,837,0,0,0,0,0,0,0,0,0,10,13,0,68,162,162
55,outside,838,0,0,0,0,0,0,0,0,0,10,13,0,68,162,162
55,outside,839,0,0,0,0,0,0,0,0,0,10,13,0,68,162,162
55,outside,840,0,0,0,0,0,0,0,0,0,10,13,0,68,162,162
55,outside,841,0,0,0,0,0,0,0,0,0,10,13,0,68,162,162
55,outside,842,0,0,0,0,0,0,0,0,0,10,13,0,68,162,162
55,outside,843,0,0,0,0,0,0,0,0,0,10,13,0,68,162,162
55,outside,844,0,0,0,0,0,0,0,0,0,10,13,0,68,162,162
55,outside,845,0,0,0,0,0,0,0,0,0,10,13,0,68,162,162
55,outside,846,0,0,0,0,0,0,0,0,0,10,13,0,68,162,162
55,outside,847,0,0,0,0,0,0,0,0,0,10,13,0,68,162,162
55,outside,848,0,0,0,0,0,0,0,0,0,10,13,0,68,162,162
55,outside,849,0,0,0,0,0,0,0,0,0,10,13,0,68,162,162
55,outside,850,0,0,0,0,0,0,0,0,0,10,13,0,68,162,162
56,farmyard,800,3,2,1,0,0,3,3,0,0,0,0,0,0,0,0
56,farmyard,801,5,3,2,2,0,3,5,0,1,2,0,0,8,3,3
56,farmyard,802,5,3,2,0,2,3,5,0,1,2,0,0,16,6,6
56,farmyard,803,8,5,3,3,0,5,8,0,1,5,0,0,24,11,11
56,farmyard,804,8,5,3,0,3,5,8,0,1,5,0,0,36,16,16
56,farmyard,805,8,5,3,0,0,8,8,0,1,5,0,0,48,24,24
56,farmyard,806,11,6,5,3,0,8,11,0,1,8,0,0,68,32,32
56,farmyard,807,13,6,7,2,3,8,13,0,1,10,0,0,88,40,40
56,farmyard,808,13,5,8,2,2,9,13,0,1,12,2,0,108,49,49
56,farmyard,809,11,5,6,1,1,9,11,0,1,13,5,0,128,58,58
56,farmyard,810,8,2,6,1,0,7,8,0,1,14,9,0,144,65,65
56,farmyard,811,7,2,5,0,1,6,7,0,1,14,10,0,152,71,71
56,farmyard,812,6,1,5,0,0,6,6,0,1,14,11,0,160,77,77
56,farmyard,813,5,1,4,1,0,4,5,0,1,15,13,0,164,81,81
56,farmyard,814,4,0,4,0,1,3,0,4,0,15,14,0,168,84,84
56,farmyard,815,4,0,4,0,0,4,0,4,0,15,14,0,168,88,88
56,farmyard,816,4,0,4,0,0,4,0,4,0,15,14,0,168,92,92
56,farmyard,817,4,0,4,0,0,4,0,4,0,15,14,0,168,96,96
56,farmyard,818,4,0,4,0,0,4,0,4,0,15,14,0,168,100,100
56,farmyard,819,4,0,4,0,0,4,0,4,0,15,14,0,168,104,104
56,farmyard,820,4,0,4,0,0,4,0,4,0,15,14,0,168,108,108
56,farmyard,821,4,0,4,0,0,4,0,4,0,15,14,0,168,112,112
56,farmyard,822,3,0,3,0,0,3,0,3,0,15,15,0,168,115,115
56,farmyard,823,2,0,2,0,0,2,0,2,0,15,16,0,168,117,117
56,farmyard,824,2,0,2,0,0,2,0,2,0,15,16,0,168,119,119
56,farmyard,825,2,0,2,0,0,2,0,2,0,15,16,0,168,121,121
56,farmyard,826,2,0,2,0,0,2,0,2,0,15,16,0,168,123,123
56,farmyard,827,2,0,2,0,0,2,0,2,0,15,16,0,168,125,125
56,farmyard,828,1,0,1,0,0,1,0,1,0,15,17,0,168,126,126
56,farmyard,829,1,0,1,0,0,1,0,1,0,15,17,0,168,127,127
56,farmyard,830,1,0,1,0,0,1,0,1,0,15,17,0,168,128,128
56,farmyard,831,1,0,1,0,0,1,0,1,0,15,17,0,168,129,129
56,farmyard,832,1,0,1,0,0,1,0,1,0,15,17,0,168,130,130
56,farmyard,833,0,0,0,0,0,0,0,0,0,15,18,0,168,130,130
56,farmyard,834,0,0,0,0,0,0,0,0,0,15,18,0,168,130,130
56,farmyard,835,0,0,0,0,0,0,0,0,0,15,18,0,168,130,130
56,farmyard,836,0,0,0,0,0,0,0,0,0,15,18,0,168,130,130
56,farmyard,837,0,0,0,0,0,0,0,0,0,15,18,0,168,130,130
56,farmyard,838,0,0,0,0,0,0,0,0,0,15,18,0,168,130,130
56,farmyard,839,0,0,0,0,0,0,0,0,0,15,18,0,168,130,130
56,farmyard,840,0,0,0,0,0,0,0,0,0,15,18,0,168,130,130
56,farmyard,841,0,0,0,0,0,0,0,0,0,15,18,0,168,130,130
56,farmyard,842,0,0,0,0,0,0,0,0,0,15,18,0,168,130,130
56,farmyard,843,0,0,0,0,0,0,0,0,0,15,18,0,168,130,130
56,farmyard,844,0,0,0,0,0,0,0,0,0,15,18,0,168,130,130
56,farmyard,845,0,0,0,0,0,0,0,0,0,15,18,0,168,130,130
56,farmyard,846,0,0,0,0,0,0,0,0,0,15,18,0,168,130,130
56,farmyard,847,0,0,0,0,0,0,0,0,0,15,18,0,168,130,130
56,farmyard,848,0,0,0,0,0,0,0,0,0,15,18,0,168,130,130
56,farmyard,849,0,0,0,0,0,0,0,0,0,15,18,0,168,130,130
56,farmyard,850,0,0,0,0,0,0,0,0,0,15,18,0,168,130,130
56,outside,800,3,2,1,0,0,3,0,3,0,0,0,0,0,0,0
56,outside,801,5,3,2,2,0,3,0,5,0,2,0,0,4,3,3
56,outside,802,5,3,2,0,2,3,0,5,0,2,0,0,8,6,6
56,outside,803,8,5,3,3,0,5,0,8,0,5,0,0,12,11,11
56,outside,804,8,5,3,0,3,5,0,8,0,5,0,0,18,16,16
56,outside,805,8,5,3,0,0,8,0,8,0,5,0,0,24,24,24
56,outside,806,11,6,5,3,0,8,0,11,0,8,0,0,34,32,32
56,outside,807,13,6,7,2,3,8,0,13,0,10,0,0,44,40,40
56,outside,808,16,6,10,3,2,11,0,16,0,13,0,0,54,51,51
56,outside,809,17,6,11,1,3,13,0,17,0,14,0,0,66,64,64
56,outside,810,19,6,13,3,1,15,0,19,0,17,1,0,78,79,79
56,outside,811,19,6,13,0,3,16,0,19,0,17,1,0,90,95,95
56,outside,812,21,8,13,3,0,18,0,21,0,20,2,0,102,113,113
56,outside,813,20,7,13,0,3,17,0,20,0,20,3,0,112,130,130
56,outside,814,23,9,14,3,0,20,0,23,0,23,3,0,120,150,150
56,outside,815,24,9,15,1,3,20,0,24,0,24,3,0,134,170,170
56,outside,816,28,10,18,5,1,22,0,28,0,29,4,0,148,192,192
56,outside,817,29,11,18,1,5,23,0,29,0,30,4,0,164,215,215
56,outside,818,33,13,20,5,1,27,0,33,0,35,5,0,180,242,242
56,outside,819,34,13,21,1,5,28,0,34,0,36,5,0,200,270,270
56,outside,820,37,15,22,3,1,33,0,37,0,39,5,0,222,303,303
56,outside,821,40,16,24,5,3,32,0,40,0,44,7,0,248,335,335
56,outside,822,38,17,21,2,4,32,0,38,0,46,11,0,272,367,367
56,outside,823,42,19,23,7,2,33,0,42,0,53,14,0,300,400,400
56,outside,824,44,21,23,2,7,35,0,44,0,55,14,0,330,435,435
56,outside,825,47,24,23,5,2,40,0,47,0,60,16,0,362,475,475
56,outside,826,52,26,26,5,5,42,0,52,0,65,16,0,398,517,517
56,outside,827,53,24,29,6,5,42,0,53,0,71,21,0,438,559,559
56,outside,828,56,26,30,5,6,45,0,56,0,76,23,0,480,604,604
56,outside,829,60,29,31,6,5,49,0,60,0,82,25,0,526,653,653
56,outside,830,60,28,32,4,5,51,0,60,0,86,29,0,574,704,704
56,outside,831,63,31,32,6,4,53,0,63,0,92,32,0,622,757,757
56,outside,832,69,34,35,8,6,55,0,69,0,100,34,0,670,812,812
56,outside,833,76,38,38,9,8,59,0,76,0,109,36,0,720,871,871
56,outside,834,85,42,43,11,7,67,0,85,0,120,38,0,778,938,938
56,outside,835,94,46,48,12,11,71,0,94,0,132,41,0,844,1009,1009
56,outside,836,97,47,50,7,12,78,0,97,0,139,45,0,916,1087,1087
56,outside,837,108,46,62,18,7,83,0,108,0,157,52,0,996,1170,1170
56,outside,838,111,47,64,6,18,87,0,111,0,163,55,0,1074,1257,1257
56,outside,839,118,50,68,11,6,101,0,118,0,174,59,0,1152,1358,1358
56,outside,840,122,51,71,6,10,106,0,122,0,180,61,0,1238,1464,1464
56,outside,841,131,60,71,16,5,110,0,131,0,196,68,0,1330,1574,1574
56,outside,842,137,63,74,12,16,109,0,137,0,208,74,0,1424,1683,1683
56,outside,843,154,72,82,19,12,123,0,154,0,227,76,0,1520,1806,1806
56,outside,844,164,79,85,14,19,131,0,164,0,241,80,0,1636,1937,1937
56,outside,845,179,88,91,20,13,146,0,179,0,261,85,0,1756,2083,2083
56,outside,846,188,94,94,13,20,155,0,188,0,274,89,0,1892,2238,2238
56,outside,847,213,107,106,30,13,170,0,213,0,304,94,0,2042,2408,2408
56,outside,848,221,108,113,18,30,173,0,221,0,322,104,0,2214,2581,2581
56,outside,849,242,114,128,31,18,193,0,242,0,353,114,0,2390,2774,2774
56,outside,850,261,126,135,27,31,203,0,261,0,380,122,0,2582,2977,2977
57,farmyard,800,3,2,1,0,0,3,3,0,0,0,0,0,0,0,0
57,farmyard,801,4,3,1,1,0,3,4,0,0,1,0,0,8,3,3
57,farmyard,802,5,4,1,1,1,3,5,0,1,2,0,0,16,6,6
57,farmyard,803,5,4,1,1,0,4,5,0,1,3,1,0,24,10,10
57,farmyard,804,5,4,1,1,0,4,5,0,1,4,2,0,36,14,14
57,farmyard,805,7,5,2,2,1,4,7,0,1,6,2,0,48,18,18
57,farmyard,806,6,4,2,0,2,4,6,0,1,6,3,0,60,22,22
57,farmyard,807,9,5,4,3,0,6,9,0,1,9,3,0,72,28,28
57,farmyard,808,8,5,3,1,2,5,8,0,1,10,5,0,88,33,33
57,farmyard,809,8,5,3,2,1,5,8,0,1,12,7,0,100,38,38
57,farmyard,810,9,6,3,1,2,6,9,0,1,13,7,0,112,44,44
57,farmyard,811,10,6,4,1,1,8,0,10,0,14,7,0,128,52,52
57,farmyard,812,11,7,4,1,1,9,0,11,0,15,7,0,138,61,61
57,farmyard,813,15,8,7,4,1,10,0,15,0,19,7,0,150,71,71
57,farmyard,814,17,9,8,2,4,11,0,17,0,21,7,0,162,82,82
57,farmyard,815,21,11,10,4,2,15,0,21,0,25,7,0,176,97,97
57,farmyard,816,23,12,11,2,4,17,0,23,0,27,7,0,192,114,114
57,farmyard,817,26,15,11,4,2,20,0,26,0,31,8,0,210,134,134
57,farmyard,818,30,17,13,5,4,21,0,30,0,36,9,0,232,155,155
57,farmyard,819,34,20,14,4,5,25,0,34,0,40,9,0,254,180,180
57,farmyard,820,38,22,16,5,4,29,0,38,0,45,10,0,282,209,209
57,farmyard,821,42,23,19,5,5,32,0,42,0,50,11,0,314,241,241
57,farmyard,822,49,28,21,7,5,37,0,49,0,57,11,0,350,278,278
57,farmyard,823,54,31,23,5,7,42,0,54,0,62,11,0,392,320,320
57,farmyard,824,63,35,28,10,5,48,0,63,0,72,12,0,438,368,368
57,farmyard,825,69,39,30,7,10,52,0,69,0,79,13,0,492,420,420
57,farmyard,826,78,42,36,10,7,61,0,78,0,89,14,0,550,481,481
57,farmyard,827,87,47,40,10,10,67,0,87,0,99,15,0,616,548,548
57,farmyard,828,104,48,56,20,9,75,0,104,0,119,18,0,692,623,623
57,farmyard,829,111,51,60,7,20,84,0,111,0,126,18,0,772,707,707
57,farmyard,830,127,58,69,18,7,102,0,127,0,144,20,0,860,809,809
57,farmyard,831,131,62,69,9,17,105,0,131,0,153,25,0,954,914,914
57,farmyard,832,142,71,71,16,9,117,0,142,0,169,30,0,1050,1031,1031
57,farmyard,833,155,80,75,15,16,124,0,155,0,184,32,0,1156,1155,1155
57,farmyard,834,177,91,86,24,15,138,0,177,0,208,34,0,1274,1293,1293
57,farmyard,835,183,93,90,14,23,146,0,183,0,222,42,0,1412,1439,1439
57,farmyard,836,199,101,98,26,13,160,0,199,0,248,52,0,1560,1599,1599
57,farmyard,837,220,110,110,27,26,167,0,220,0,275,58,0,1722,1766,1766
57,farmyard,838,238,118,120,21,27,190,0,238,0,296,61,0,1892,1956,1956
57,farmyard,839,267,128,139,33,21,213,0,267,0,329,65,0,2088,2169,2169
57,farmyard,840,291,138,153,30,32,229,0,291,0,359,71,0,2304,2398,2398
57,farmyard,841,321,153,168,38,30,253,0,321,0,397,79,0,2528,2651,2651
57,farmyard,842,352,168,184,39,37,276,0,352,0,436,87,0,2768,2927,2927
57,farmyard,843,378,178,200,35,36,307,0,378,0,471,96,0,3026,3234,3234
57,farmyard,844,407,191,216,42,34,331,0,407,0,513,109,0,3316,3565,3565
57,farmyard,845,435,208,227,40,41,354,0,435,0,553,121,0,3636,3919,3919
57,farmyard,846,464,225,239,43,39,382,0,464,0,596,135,0,3976,4301,4301
57,farmyard,847,509,248,261,60,42,407,0,509,0,656,150,0,4338,4708,4708
57,farmyard,848,552,274,278,60,59,433,0,552,0,716,167,0,4724,5141,5141
57,farmyard,849,592,292,300,62,59,471,0,592,0,778,189,0,5142,5612,5612
57,farmyard,850,640,318,322,68,62,510,0,640,0,846,209,0,5596,6122,6122
57,outside,800,3,2,1,0,0,3,0,3,0,0,0,0,0,0,0
57,outside,801,4,3,1,1,0,3,0,4,0,1,0,0,4,3,3
57,outside,802,5,4,1,1,1,3,0,5,0,2,0,0,8,6,6
57,outside,803,5,4,1,1,0,4,0,5,0,3,1,0,12,10,10
57,outside,804,5,4,1,1,0,4,0,5,0,4,2,0,18,14,14
57,outside,805,5,4,1,0,1,4,0,5,0,4,2,0,24,18,18
57,outside,806,6,4,2,1,0,5,0,6,0,5,2,0,30,23,23
57,outside,807,8,6,2,2,1,5,0,8,0,7,2,0,38,28,28
57,outside,808,9,7,2,2,2,5,0,9,0,9,3,0,46,33,33
57,outside,809,10,6,4,2,2,6,0,10,0,11,4,0,54,39,39
57,outside,810,12,6,6,2,2,8,0,12,0,13,4,0,64,47,47
57,outside,811,11,6,5,0,2,9,0,11,0,13,5,0,76,56,56
57,outside,812,10,5,5,0,0,10,0,10,0,13,6,0,88,66,66
57,outside,813,11,5,6,1,0,10,0,11,0,14,6,0,98,76,76
57,outside,814,13,7,6,2,1,10,0,13,0,16,6,0,108,86,86
57,outside,815,13,7,6,0,2,11,0,13,0,16,6,0,118,97,97
57,outside,816,16,8,8,4,0,12,0,16,0,20,7,0,128,109,109
57,outside,817,16,8,8,0,4,12,0,16,0,20,7,0,140,121,121
57,outside,818,17,8,9,2,0,15,0,17,0,22,8,0,152,136,136
57,outside,819,17,8,9,0,2,15,0,17,0,22,8,0,166,151,151
57,outside,820,22,12,10,5,0,17,0,22,0,27,8,0,180,168,168
57,outside,821,22,12,10,0,5,17,0,22,0,27,8,0,196,185,185
57,outside,822,25,15,10,3,0,22,0,25,0,30,8,0,212,207,207
57,outside,823,27,16,11,3,3,21,0,27,0,33,9,0,236,228,228
57,outside,824,29,17,12,3,3,23,0,29,0,36,10,0,258,251,251
57,outside,825,34,19,15,6,3,25,0,34,0,42,11,0,286,276,276
57,outside,826,38,22,16,6,5,27,0,38,0,48,13,0,316,303,303
57,outside,827,42,25,17,5,6,31,0,42,0,53,14,0,348,334,334
57,outside,828,46,28,18,7,5,34,0,46,0,60,17,0,384,368,368
57,outside,829,49,30,19,5,7,37,0,49,0,65,19,0,422,405,405
57,outside,830,59,35,24,11,5,43,0,59,0,76,20,0,464,448,448
57,outside,831,69,40,29,11,10,48,0,69,0,87,21,0,516,496,496
57,outside,832,77,44,33,9,11,57,0,77,0,96,22,0,574,553,553
57,outside,833,86,45,41,12,9,65,0,86,0,108,25,0,640,618,618
57,outside,834,98,51,47,14,12,72,0,98,0,122,27,0,714,690,690
57,outside,835,105,53,52,7,14,84,0,105,0,129,27,0,796,774,774
57,outside,836,122,61,61,17,7,98,0,122,0,146,27,0,884,872,872
57,outside,837,126,64,62,5,17,104,0,126,0,151,28,0,986,976,976
57,outside,838,141,73,68,21,5,115,0,141,0,172,34,0,1092,1091,1091
57,outside,839,146,78,68,11,21,114,0,146,0,183,40,0,1204,1205,1205
57,outside,840,167,89,78,27,10,130,0,167,0,210,46,0,1316,1335,1335
57,outside,841,168,93,75,9,26,133,0,168,0,219,54,0,1452,1468,1468
57,outside,842,193,108,85,31,9,153,0,193,0,250,60,0,1596,1621,1621
57,outside,843,215,117,98,29,30,156,0,215,0,279,67,0,1764,1777,1777
57,outside,844,232,121,111,19,29,184,0,232,0,298,69,0,1940,1961,1961
57,outside,845,264,134,130,36,19,209,0,264,0,334,73,0,2144,2170,2170
57,outside,846,295,147,148,34,36,225,0,295,0,368,76,0,2370,2395,2395
57,outside,847,316,160,156,33,34,249,0,316,0,401,88,0,2606,2644,2644
57,outside,848,346,169,177,43,32,271,0,346,0,444,101,0,2860,2915,2915
57,outside,849,374,181,193,33,43,298,0,374,0,477,106,0,3132,3213,3213
57,outside,850,406,201,205,38,33,335,0,406,0,515,112,0,3438,3548,3548
58,farmyard,800,3,2,1,0,0,3,3,0,0,0,0,0,0,0,0
58,farmyard,801,4,3,1,1,0,3,4,0,0,1,0,0,8,3,3
58,farmyard,802,5,4,1,1,1,3,5,0,1,2,0,0,16,6,6
58,farmyard,803,5,4,1,0,1,4,5,0,1,2,0,0,24,10,10
58,farmyard,804,6,4,2,1,0,5,6,0,1,3,0,0,36,15,15
58,farmyard,805,7,4,3,1,1,5,7,0,1,4,0,0,52,20,20
58,farmyard,806,9,5,4,2,1,6,9,0,1,6,0,0,68,26,26
58,farmyard,807,8,4,4,1,2,5,8,0,1,7,2,0,84,31,31
58,farmyard,808,9,5,4,2,1,6,9,0,1,9,3,0,96,37,37
58,farmyard,809,8,4,4,0,2,6,8,0,1,9,4,0,112,43,43
58,farmyard,810,7,4,3,0,0,7,7,0,1,9,5,0,124,50,50
58,farmyard,811,8,4,4,1,0,7,8,0,1,10,5,0,140,57,57
58,farmyard,812,8,4,4,0,1,7,8,0,1,10,5,0,156,64,64
58,farmyard,813,7,3,4,0,0,7,7,0,1,10,6,0,172,71,71
58,farmyard,814,8,3,5,1,0,7,8,0,1,11,6,0,184,78,78
58,farmyard,815,8,3,5,1,0,7,8,0,1,12,7,0,196,85,85
58,farmyard,816,8,3,5,0,1,7,8,0,1,12,7,0,208,92,92
58,farmyard,817,7,2,5,0,0,7,7,0,1,12,8,0,220,99,99
58,farmyard,818,6,2,4,0,0,6,6,0,1,12,9,0,228,105,105
58,farmyard,819,6,2,4,0,0,6,6,0,1,12,9,0,236,111,111
58,farmyard,820,5,2,3,0,0,5,5,0,1,12,10,0,244,116,116
58,farmyard,821,4,1,3,0,0,4,4,0,0,12,11,0,252,120,120
58,farmyard,822,4,1,3,0,0,4,4,0,0,12,11,0,256,124,124
58,farmyard,823,4,1,3,0,0,4,4,0,0,12,11,0,260,128,128
58,farmyard,824,4,1,3,0,0,4,4,0,0,12,11,0,264,132,132
58,farmyard,825,4,1,3,0,0,4,4,0,0,12,11,0,268,136,136
58,farmyard,826,3,1,2,0,0,3,3,0,0,12,12,0,272,139,139
58,farmyard,827,3,1,2,0,0,3,3,0,0,12,12,0,276,142,142
58,farmyard,828,2,1,1,0,0,2,2,0,0,12,13,0,280,144,144
58,farmyard,829,1,1,0,0,0,1,1,0,0,12,14,0,284,145,145
58,farmyard,830,1,1,0,0,0,1,1,0,0,12,14,0,288,146,146
58,farmyard,831,1,1,0,0,0,1,1,0,0,12,14,0,292,147,147
58,farmyard,832,1,1,0,0,0,1,1,0,0,12,14,0,296,148,148
58,farmyard,833,1,1,0,0,0,1,1,0,0,12,14,0,300,149,149
58,farmyard,834,1,1,0,0,0,1,1,0,0,12,14,0,304,150,150
58,farmyard,835,1,1,0,0,0,1,1,0,0,12,14,0,308,151,151
58,farmyard,836,1,1,0,0,0,1,1,0,0,12,14,0,312,152,152
58,farmyard,837,1,1,0,0,0,1,1,0,0,12,14,0,316,153,153
58,farmyard,838,1,1,0,0,0,1,1,0,0,12,14,0,320,154,154
58,farmyard,839,1,1,0,0,0,1,1,0,0,12,14,0,324,155,155
58,farmyard,840,1,1,0,0,0,1,1,0,0,12,14,0,328,156,156
58,farmyard,841,1,1,0,0,0,1,1,0,0,12,14,0,332,157,157
58,farmyard,842,1,1,0,0,0,1,1,0,0,12,14,0,336,158,158
58,farmyard,843,1,1,0,0,0,1,1,0,0,12,14,0,340,159,159
58,farmyard,844,1,1,0,0,0,1,1,0,0,12,14,0,344,160,160
58,farmyard,845,1,1,0,0,0,1,1,0,0,12,14,0,348,161,161
58,farmyard,846,1,1,0,0,0,1,1,0,0,12,14,0,352,162,162
58,farmyard,847,1,1,0,0,0,1,1,0,0,12,14,0,356,163,163
58,farmyard,848,1,1,0,0,0,1,1,0,0,12,14,0,360,164,164
58,farmyard,849,1,1,0,0,0,1,1,0,0,12,14,0,364,165,165
58,farmyard,850,0,0,0,0,0,0,0,0,0,12,15,0,368,165,165
58,outside,800,3,2,1,0,0,3,0,3,0,0,0,0,0,0,0
58,outside,801,4,3,1,1,0,3,0,4,0,1,0,0,4,3,3
58,outside,802,5,4,1,1,1,3,0,5,0,2,0,0,8,6,6
58,outside,803,6,5,1,1,1,4,0,6,0,3,0,0,12,10,10
58,outside,804,8,6,2,2,1,5,0,8,0,5,0,0,18,15,15
58,outside,805,9,6,3,1,2,6,0,9,0,6,0,0,26,21,21
58,outside,806,10,7,3,1,1,8,0,10,0,7,0,0,36,29,29
58,outside,807,11,7,4,1,1,9,0,11,0,8,0,0,48,38,38
58,outside,808,15,9,6,4,1,10,0,15,0,12,0,0,60,48,48
58,outside,809,15,9,6,0,4,11,0,15,0,12,0,0,74,59,59
58,outside,810,17,10,7,2,0,15,0,17,0,14,0,0,88,74,74
58,outside,811,17,10,7,0,2,15,0,17,0,14,0,0,106,89,89
58,outside,812,22,13,9,5,0,17,0,22,0,19,0,0,124,106,106
58,outside,813,23,13,10,1,5,17,0,23,0,20,0,0,144,123,123
58,outside,814,28,15,13,6,1,21,0,28,0,26,1,0,164,144,144
58,outside,815,29,15,14,2,6,21,0,29,0,28,2,0,188,165,165
58,outside,816,33,19,14,4,2,27,0,33,0,32,2,0,212,192,192
58,outside,817,35,20,15,2,4,29,0,35,0,34,2,0,242,221,221
58,outside,818,37,20,17,2,2,33,0,37,0,36,2,0,272,254,254
58,outside,819,42,21,21,6,2,34,0,42,0,42,3,0,310,288,288
58,outside,820,45,22,23,3,6,36,0,45,0,45,3,0,348,324,324
58,outside,821,47,24,23,6,3,38,0,47,0,51,7,0,386,362,362
58,outside,822,47,23,24,1,6,40,0,47,0,52,8,0,424,402,402
58,outside,823,52,27,25,7,1,44,0,52,0,59,10,0,462,446,446
58,outside,824,55,27,28,5,7,43,0,55,0,64,12,0,508,489,489
58,outside,825,61,31,30,7,5,49,0,61,0,71,13,0,552,538,538
58,outside,826,65,32,33,5,7,53,0,65,0,76,14,0,604,591,591
58,outside,827,74,34,40,10,5,59,0,74,0,86,15,0,656,650,650
58,outside,828,75,32,43,4,10,61,0,75,0,90,18,0,714,711,711
58,outside,829,85,37,48,11,4,70,0,85,0,101,19,0,770,781,781
58,outside,830,87,38,49,4,11,72,0,87,0,105,21,0,832,853,853
58,outside,831,91,39,52,10,3,78,0,91,0,115,27,0,894,931,931
58,outside,832,94,41,53,6,10,78,0,94,0,121,30,0,958,1009,1009
58,outside,833,100,45,55,11,6,83,0,100,0,132,35,0,1022,1092,1092
58,outside,834,104,43,61,9,11,84,0,104,0,141,40,0,1096,1176,1176
58,outside,835,113,47,66,12,9,92,0,113,0,153,43,0,1168,1268,1268
58,outside,836,123,51,72,12,12,99,0,123,0,165,45,0,1248,1367,1367
58,outside,837,132,58,74,10,12,110,0,132,0,175,46,0,1330,1477,1477
58,outside,838,140,61,79,14,10,116,0,140,0,189,52,0,1420,1593,1593
58,outside,839,151,68,83,15,14,122,0,151,0,204,56,0,1518,1715,1715
58,outside,840,158,73,85,14,15,129,0,158,0,218,63,0,1632,1844,1844
58,outside,841,167,75,92,16,14,137,0,167,0,234,70,0,1750,1981,1981
58,outside,842,179,82,97,16,15,148,0,179,0,250,74,0,1872,2129,2129
58,outside,843,190,87,103,17,15,158,0,190,0,267,80,0,2004,2287,2287
58,outside,844,210,100,110,23,17,170,0,210,0,290,83,0,2144,2454,2457
58,outside,845,226,107,119,23,23,180,0,226,0,313,90,0,2300,2634,2637
58,outside,846,236,113,123,21,21,194,0,236,0,334,101,0,2468,2828,2831
58,outside,847,254,120,134,28,20,206,0,254,0,362,111,0,2658,3034,3037
58,outside,848,262,122,140,24,27,211,0,262,0,386,127,0,2856,3245,3248
58,outside,849,287,139,148,34,24,229,0,287,0,420,136,0,3054,3470,3477
58,outside,850,305,149,156,29,34,242,0,305,0,449,147,0,3266,3704,3719
59,farmyard,800,3,2,1,0,0,3,3,0,0,0,0,0,0,0,0
59,farmyard,801,4,2,2,1,0,3,4,0,0,1,0,0,8,3,3
59,farmyard,802,4,2,2,0,1,3,4,0,0,1,0,0,16,6,6
59,farmyard,803,5,2,3,1,0,4,5,0,1,2,0,0,24,10,10
59,farmyard,804,5,2,3,0,1,4,5,0,1,2,0,0,32,14,14
59,farmyard,805,6,2,4,1,0,5,6,0,1,3,0,0,40,19,19
59,farmyard,806,6,2,4,0,1,5,0,6,0,3,0,0,48,24,24
59,farmyard,807,7,2,5,1,0,6,0,7,0,4,0,0,52,30,30
59,farmyard,808,8,2,6,1,1,6,0,8,0,5,0,0,56,36,36
59,farmyard,809,9,3,6,1,1,7,0,9,0,6,0,0,60,43,43
59,farmyard,810,8,2,6,0,1,7,0,8,0,6,1,0,64,50,50
59,farmyard,811,9,3,6,1,0,8,0,9,0,7,1,0,66,58,58
59,farmyard,812,9,3,6,0,1,8,0,9,0,7,1,0,70,66,66
59,farmyard,813,11,4,7,2,0,9,0,11,0,9,1,0,74,75,75
59,farmyard,814,11,4,7,0,2,9,0,11,0,9,1,0,80,84,84
59,farmyard,815,11,5,6,2,0,9,0,11,0,11,3,0,86,93,93
59,farmyard,816,9,5,4,0,2,7,0,9,0,11,5,0,94,100,100
59,farmyard,817,12,8,4,3,0,9,0,12,0,14,5,0,102,109,109
59,farmyard,818,13,8,5,1,3,9,0,13,0,15,5,0,112,118,118
59,farmyard,819,18,11,7,5,1,12,0,18,0,20,5,0,122,130,130
59,farmyard,820,18,11,7,0,5,13,0,18,0,20,5,0,138,143,143
59,farmyard,821,24,16,8,6,0,18,0,24,0,26,5,0,154,161,161
59,farmyard,822,24,16,8,0,6,18,0,24,0,26,5,0,176,179,179
59,farmyard,823,25,17,8,4,0,21,0,25,0,30,8,0,198,200,200
59,farmyard,824,28,17,11,4,3,21,0,28,0,34,9,0,226,221,221
59,farmyard,825,33,20,13,6,4,23,0,33,0,40,10,0,254,244,244
59,farmyard,826,36,23,13,4,6,26,0,36,0,44,11,0,284,270,270
59,farmyard,827,43,25,18,8,4,31,0,43,0,52,12,0,316,301,301
59,farmyard,828,52,30,22,9,8,35,0,52,0,61,12,0,354,336,336
59,farmyard,829,58,34,24,7,9,42,0,58,0,68,13,0,398,378,378
59,farmyard,830,70,38,32,14,7,49,0,70,0,82,15,0,448,427,427
59,farmyard,831,76,42,34,7,13,56,0,76,0,89,16,0,506,483,483
59,farmyard,832,86,47,39,13,6,67,0,86,0,102,19,0,572,550,550
59,farmyard,833,95,49,46,10,13,72,0,95,0,112,20,0,646,622,622
59,farmyard,834,110,55,55,16,10,84,0,110,0,128,21,0,726,706,706
59,farmyard,835,117,57,60,9,15,93,0,117,0,137,23,0,816,799,799
59,farmyard,836,127,68,59,15,9,103,0,127,0,152,28,0,910,902,902
59,farmyard,837,139,77,62,15,15,109,0,139,0,167,31,0,1016,1011,1011
59,farmyard,838,147,81,66,13,14,120,0,147,0,180,36,0,1126,1131,1131
59,farmyard,839,168,94,74,23,13,132,0,168,0,203,38,0,1258,1263,1263
59,farmyard,840,185,100,85,22,23,140,0,185,0,225,43,0,1406,1403,1403
59,farmyard,841,208,114,94,26,22,160,0,208,0,251,46,0,1556,1563,1563
59,farmyard,842,220,119,101,25,26,169,0,220,0,276,59,0,1734,1732,1732
59,farmyard,843,247,131,116,33,25,189,0,247,0,309,65,0,1920,1921,1921
59,farmyard,844,279,149,130,34,33,212,0,279,0,343,67,0,2130,2133,2133
59,farmyard,845,305,159,146,31,34,240,0,305,0,374,72,0,2360,2373,2373
59,farmyard,846,332,167,165,41,31,260,0,332,0,415,86,0,2614,2633,2633
59,farmyard,847,355,176,179,32,40,283,0,355,0,447,95,0,2886,2916,2916
59,farmyard,848,402,204,198,55,31,316,0,402,0,502,103,0,3172,3232,3232
59,farmyard,849,428,218,210,40,54,334,0,428,0,542,117,0,3486,3566,3566
59,farmyard,850,467,236,231,53,40,374,0,467,0,595,131,0,3820,3940,3940
59,outside,800,3,2,1,0,0,3,0,3,0,0,0,0,0,0,0
59,outside,801,4,2,2,1,0,3,0,4,0,1,0,0,4,3,3
59,outside,802,4,2,2,0,1,3,0,4,0,1,0,0,8,6,6
59,outside,803,5,2,3,1,0,4,0,5,0,2,0,0,12,10,10
59,outside,804,5,2,3,0,1,4,0,5,0,2,0,0,16,14,14
59,outside,805,6,2,4,1,0,5,0,6,0,3,0,0,20,19,19
59,outside,806,6,2,4,0,1,5,0,6,0,3,0,0,24,24,24
59,outside,807,7,2,5,1,0,6,0,7,0,4,0,0,28,30,30
59,outside,808,8,2,6,1,1,6,0,8,0,5,0,0,32,36,36
59,outside,809,9,3,6,1,1,7,0,9,0,6,0,0,36,43,43
59,outside,810,8,2,6,0,1,7,0,8,0,6,1,0,40,50,50
59,outside,811,9,3,6,1,0,8,0,9,0,7,1,0,42,58,58
59,outside,812,9,3,6,0,1,8,0,9,0,7,1,0,46,66,66
59,outside,813,11,5,6,2,0,9,0,11,0,9,1,0,50,75,75
59,outside,814,11,5,6,0,2,9,0,11,0,9,1,0,56,84,84
59,outside,815,13,6,7,2,0,11,0,13,0,11,1,0,62,95,95
59,outside,816,15,8,7,2,2,11,0,15,0,13,1,0,72,106,106
59,outside,817,16,10,6,3,2,11,0,16,0,16,3,0,82,117,117
59,outside,818,19,10,9,3,3,13,0,19,0,19,3,0,94,130,130
59,outside,819,22,13,9,4,3,15,0,22,0,23,4,0,110,145,145
59,outside,820,23,14,9,2,4,17,0,23,0,25,5,0,130,162,162
59,outside,821,28,20,8,6,2,20,0,28,0,31,6,0,150,182,182
59,outside,822,29,21,8,1,6,22,0,29,0,32,6,0,176,204,204
59,outside,823,33,23,10,6,1,26,0,33,0,38,8,0,204,230,230
59,outside,824,42,26,16,9,6,27,0,42,0,47,8,0,240,257,257
59,outside,825,46,29,17,5,8,33,0,46,0,52,9,0,278,290,290
59,outside,826,51,33,18,7,5,39,0,51,0,59,11,0,324,329,329
59,outside,827,57,36,21,9,6,42,0,57,0,68,14,0,372,371,371
59,outside,828,66,42,24,10,9,47,0,66,0,78,15,0,426,418,418
59,outside,829,81,49,32,17,10,54,0,81,0,95,17,0,490,472,472
59,outside,830,90,56,34,10,16,64,0,90,0,105,18,0,560,536,536
59,outside,831,106,61,45,18,10,78,0,106,0,123,20,0,642,614,614
59,outside,832,118,67,51,16,18,84,0,118,0,139,24,0,736,698,698
59,outside,833,134,74,60,17,16,101,0,134,0,156,25,0,840,799,799
59,outside,834,150,84,66,20,17,113,0,150,0,176,29,0,956,912,912
59,outside,835,169,95,74,21,20,128,0,169,0,197,31,0,1080,1040,1040
59,outside,836,187,107,80,21,21,145,0,187,0,218,34,0,1218,1185,1185
59,outside,837,208,118,90,26,21,161,0,208,0,244,39,0,1380,1346,1346
59,outside,838,233,133,100,33,23,177,0,233,0,277,47,0,1558,1523,1523
59,outside,839,261,147,114,38,32,191,0,261,0,315,57,0,1758,1714,1714
59,outside,840,296,160,136,43,37,216,0,296,0,358,65,0,1978,1930,1930
59,outside,841,338,182,156,47,43,248,0,338,0,405,70,0,2226,2178,2178
59,outside,842,382,205,177,52,46,284,0,382,0,457,78,0,2504,2462,2462
59,outside,843,421,218,203,50,52,319,0,421,0,507,89,0,2808,2781,2781
59,outside,844,472,245,227,62,50,360,0,472,0,569,100,0,3140,3141,3141
59,outside,845,524,268,256,58,60,406,0,524,0,627,106,0,3522,3547,3547
59,outside,846,586,299,287,77,56,453,0,586,0,704,121,0,3944,4000,4000
59,outside,847,649,335,314,70,77,502,0,649,0,774,128,0,4412,4502,4502
59,outside,848,726,372,354,97,68,561,0,726,0,871,148,0,4924,5063,5063
59,outside,849,810,408,402,96,97,617,0,810,0,967,160,0,5500,5680,5680
59,outside,850,895,452,443,109,95,691,0,895,0,1076,184,0,6140,6371,6371
60,farmyard,800,3,2,1,0,0,3,3,0,0,0,0,0,0,0,0
60,farmyard,801,4,3,1,1,0,3,4,0,0,1,0,0,8,3,3
60,farmyard,802,4,3,1,0,1,3,4,0,0,1,0,0,16,6,6
60,farmyard,803,7,4,3,3,0,4,7,0,1,4,0,0,24,10,10
60,farmyard,804,6,3,3,0,3,3,6,0,1,4,1,0,36,13,13
60,farmyard,805,9,4,5,3,0,6,9,0,1,7,1,0,44,19,19
60,farmyard,806,7,4,3,0,3,4,7,0,1,7,3,0,56,23,23
60,farmyard,807,10,6,4,3,0,7,10,0,1,10,3,0,68,30,30
60,farmyard,808,9,6,3,0,3,6,9,0,1,10,4,0,84,36,36
60,farmyard,809,10,5,5,3,0,7,10,0,1,13,6,0,100,43,43
60,farmyard,810,9,4,5,1,2,6,9,0,1,14,8,0,116,49,49
60,farmyard,811,9,4,5,1,1,7,9,0,1,15,9,0,128,56,56
60,farmyard,812,9,3,6,1,1,7,9,0,1,16,10,0,140,63,63
60,farmyard,813,9,4,5,1,1,7,9,0,1,17,11,0,148,70,70
60,farmyard,814,10,4,6,1,1,8,10,0,1,18,11,0,160,78,78
60,farmyard,815,9,4,5,0,1,8,9,0,1,18,12,0,172,86,86
60,farmyard,816,9,4,5,2,0,7,9,0,1,20,14,0,188,93,93
60,farmyard,817,7,2,5,0,1,6,7,0,1,20,16,0,196,99,99
60,farmyard,818,6,3,3,1,0,5,6,0,1,21,18,0,200,104,104
60,farmyard,819,6,3,3,0,1,5,6,0,1,21,18,0,208,109,109
60,farmyard,820,8,4,4,2,0,6,8,0,1,23,18,0,216,115,115
60,farmyard,821,7,3,4,0,1,6,7,0,1,23,19,0,228,121,121
60,farmyard,822,5,2,3,0,0,5,5,0,1,23,21,0,240,126,126
60,farmyard,823,5,1,4,1,0,4,5,0,1,24,22,0,248,130,130
60,farmyard,824,5,1,4,0,1,4,5,0,1,24,22,0,252,134,134
60,farmyard,825,6,2,4,1,0,5,6,0,1,25,22,0,256,139,139
60,farmyard,826,6,2,4,0,1,5,6,0,1,25,22,0,260,144,144
60,farmyard,827,7,3,4,1,0,6,7,0,1,26,22,0,264,150,150
60,farmyard,828,5,2,3,0,1,4,5,0,1,26,24,0,272,154,154
60,farmyard,829,5,2,3,0,0,5,5,0,1,26,24,0,276,159,159
60,farmyard,830,5,2,3,0,0,5,5,0,1,26,24,0,284,164,164
60,farmyard,831,4,1,3,0,0,4,4,0,0,26,25,0,292,168,168
60,farmyard,832,4,1,3,0,0,4,4,0,0,26,25,0,296,172,172
60,farmyard,833,4,1,3,0,0,4,4,0,0,26,25,0,300,176,176
60,farmyard,834,4,1,3,0,0,4,4,0,0,26,25,0,304,180,180
60,farmyard,835,4,1,3,0,0,4,4,0,0,26,25,0,308,184,184
60,farmyard,836,4,1,3,0,0,4,4,0,0,26,25,0,312,188,188
60,farmyard,837,4,1,3,0,0,4,4,0,0,26,25,0,316,192,192
60,farmyard,838,4,1,3,0,0,4,4,0,0,26,25,0,320,196,196
60,farmyard,839,3,1,2,0,0,3,0,3,0,26,26,0,324,199,199
60,farmyard,840,2,1,1,0,0,2,0,2,0,26,27,0,326,201,201
60,farmyard,841,0,0,0,0,0,0,0,0,0,26,29,0,328,201,201
60,farmyard,842,0,0,0,0,0,0,0,0,0,26,29,0,328,201,201
60,farmyard,843,0,0,0,0,0,0,0,0,0,26,29,0,328,201,201
60,farmyard,844,0,0,0,0,0,0,0,0,0,26,29,0,328,201,201
60,farmyard,845,0,0,0,0,0,0,0,0,0,26,29,0,328,201,201
60,farmyard,846,0,0,0,0,0,0,0,0,0,26,29,0,328,201,201
60,farmyard,847,0,0,0,0,0,0,0,0,0,26,29,0,328,201,201
60,farmyard,848,0,0,0,0,0,0,0,0,0,26,29,0,328,201,201
60,farmyard,849,0,0,0,0,0,0,0,0,0,26,29,0,328,201,201
60,farmyard,850,0,0,0,0,0,0,0,0,0,26,29,0,328,201,201
60,outside,800,3,2,1,0,0,3,0,3,0,0,0,0,0,0,0
60,outside,801,4,3,1,1,0,3,0,4,0,1,0,0,4,3,3
60,outside,802,4,3,1,0,1,3,0,4,0,1,0,0,8,6,6
60,outside,803,7,4,3,3,0,4,0,7,0,4,0,0,12,10,10
60,outside,804,7,4,3,0,3,4,0,7,0,4,0,0,18,14,14
60,outside,805,10,6,4,3,0,7,0,10,0,7,0,0,24,21,21
60,outside,806,10,6,4,0,3,7,0,10,0,7,0,0,32,28,28
60,outside,807,12,7,5,2,0,10,0,12,0,9,0,0,40,38,38
60,outside,808,16,7,9,4,2,10,0,16,0,13,0,0,52,48,48
60,outside,809,19,8,11,3,4,12,0,19,0,16,0,0,64,60,60
60,outside,810,21,9,12,2,3,16,0,21,0,18,0,0,78,76,76
60,outside,811,21,9,12,0,2,19,0,21,0,18,0,0,92,95,95
60,outside,812,23,9,14,3,0,20,0,23,0,21,1,0,108,115,115
60,outside,813,23,10,13,1,3,19,0,23,0,22,2,0,124,134,134
60,outside,814,26,10,16,4,1,21,0,26,0,26,3,0,140,155,155
60,outside,815,28,10,18,2,4,22,0,28,0,28,3,0,158,177,177
60,outside,816,28,10,18,0,2,26,0,28,0,28,3,0,178,203,203
60,outside,817,28,8,20,3,0,25,0,28,0,31,6,0,198,228,228
60,outside,818,28,7,21,1,3,24,0,28,0,32,7,0,212,252,252
60,outside,819,30,10,20,3,1,26,0,30,0,35,8,0,224,278,278
60,outside,820,31,10,21,1,3,27,0,31,0,36,8,0,238,305,305
60,outside,821,30,9,21,3,1,26,0,30,0,39,12,0,252,331,331
60,outside,822,31,9,22,1,3,27,0,31,0,40,12,0,268,358,358
60,outside,823,30,8,22,2,1,27,0,30,0,42,15,0,284,385,385
60,outside,824,32,9,23,2,2,28,0,32,0,44,15,0,300,413,413
60,outside,825,30,8,22,2,2,26,0,30,0,46,19,0,316,439,439
60,outside,826,30,9,21,1,2,27,0,30,0,47,20,0,330,466,466
60,outside,827,30,9,21,3,1,26,0,30,0,50,23,0,346,492,492
60,outside,828,31,10,21,1,3,27,0,31,0,51,23,0,360,519,519
60,outside,829,35,11,24,5,1,29,0,35,0,56,24,0,376,548,548
60,outside,830,37,13,24,3,4,30,0,37,0,59,25,0,394,578,578
60,outside,831,39,13,26,3,3,33,0,39,0,62,26,0,414,611,611
60,outside,832,41,14,27,4,3,34,0,41,0,66,28,0,434,645,645
60,outside,833,39,14,25,2,4,33,0,39,0,68,32,0,456,678,678
60,outside,834,42,13,29,6,2,34,0,42,0,74,35,0,480,712,712
60,outside,835,40,11,29,3,6,31,0,40,0,77,40,0,502,743,743
60,outside,836,40,11,29,2,3,35,0,40,0,79,42,0,518,778,778
60,outside,837,43,11,32,4,1,38,0,43,0,83,43,0,538,816,816
60,outside,838,43,15,28,4,4,35,0,43,0,87,47,0,560,851,851
60,outside,839,42,16,26,2,4,36,0,42,0,89,50,0,582,887,887
60,outside,840,46,20,26,5,2,39,0,46,0,94,51,0,602,926,926
60,outside,841,52,23,29,6,5,41,0,52,0,100,51,0,630,967,967
60,outside,842,56,25,31,5,6,45,0,56,0,105,52,0,662,1012,1012
60,outside,843,58,29,29,5,5,48,0,58,0,110,55,0,702,1060,1060
60,outside,844,61,32,29,6,4,51,0,61,0,116,58,0,748,1111,1111
60,outside,845,72,38,34,12,6,54,0,72,0,128,59,0,796,1165,1165
60,outside,846,77,42,35,6,12,59,0,77,0,134,60,0,848,1224,1224
60,outside,847,82,43,39,10,6,66,0,82,0,144,65,0,910,1290,1290
60,outside,848,92,47,45,12,10,70,0,92,0,156,67,0,978,1360,1360
60,outside,849,97,49,48,11,11,75,0,97,0,167,73,0,1052,1435,1435
60,outside,850,102,52,50,11,11,80,0,102,0,178,79,0,1134,1515,1515
61,farmyard,800,3,2,1,0,0,3,3,0,0,0,0,0,0,0,0
61,farmyard,801,4,2,2,1,0,3,4,0,0,1,0,0,8,3,3
61,farmyard,802,5,3,2,1,1,3,5,0,1,2,0,0,16,6,6
61,farmyard,803,6,3,3,1,1,4,6,0,1,3,0,0,24,10,10
61,farmyard,804,5,2,3,0,1,4,5,0,1,3,1,0,32,14,14
61,farmyard,805,6,2,4,1,0,5,6,0,1,4,1,0,40,19,19
61,farmyard,806,6,2,4,0,1,5,6,0,1,4,1,0,48,24,24
61,farmyard,807,6,2,4,0,0,6,6,0,1,4,1,0,56,30,30
61,farmyard,808,7,3,4,1,0,6,7,0,1,5,1,0,64,36,36
61,farmyard,809,7,3,4,0,1,6,7,0,1,5,1,0,72,42,42
61,farmyard,810,8,3,5,1,0,7,8,0,1,6,1,0,80,49,49
61,farmyard,811,7,2,5,0,1,6,7,0,1,6,2,0,92,55,55
61,farmyard,812,7,2,5,0,0,7,7,0,1,6,2,0,100,62,62
61,farmyard,813,7,3,4,1,0,6,7,0,1,7,3,0,108,68,68
61,farmyard,814,5,2,3,0,1,4,5,0,1,7,5,0,116,72,72
61,farmyard,815,6,2,4,1,0,5,6,0,1,8,5,0,120,77,77
61,farmyard,816,6,2,4,0,1,5,6,0,1,8,5,0,128,82,82
61,farmyard,817,6,2,4,0,0,6,6,0,1,8,5,0,136,88,88
61,farmyard,818,7,2,5,1,0,6,7,0,1,9,5,0,144,94,94
61,farmyard,819,5,1,4,0,1,4,5,0,1,9,7,0,152,98,98
61,farmyard,820,5,1,4,0,0,5,5,0,1,9,7,0,156,103,103
61,farmyard,821,5,1,4,0,0,5,5,0,1,9,7,0,160,108,108
61,farmyard,822,5,1,4,0,0,5,5,0,1,9,7,0,164,113,113
61,farmyard,823,5,1,4,0,0,5,5,0,1,9,7,0,168,118,118
61,farmyard,824,4,1,3,0,0,4,4,0,0,9,8,0,172,122,122
61,farmyard,825,3,0,3,0,0,3,3,0,0,9,9,0,176,125,125
61,farmyard,826,3,0,3,0,0,3,3,0,0,9,9,0,176,128,128
61,farmyard,827,3,0,3,0,0,3,3,0,0,9,9,0,176,131,131
61,farmyard,828,3,0,3,0,0,3,3,0,0,9,9,0,176,134,134
61,farmyard,829,3,0,3,0,0,3,3,0,0,9,9,0,176,137,137
61,farmyard,830,2,0,2,0,0,2,2,0,0,9,10,0,176,139,139
61,farmyard,831,1,0,1,0,0,1,1,0,0,9,11,0,176,140,140
61,farmyard,832,1,0,1,0,0,1,1,0,0,9,11,0,176,141,141
61,farmyard,833,0,0,0,0,0,0,0,0,0,9,12,0,176,141,141
61,farmyard,834,0,0,0,0,0,0,0,0,0,9,12,0,176,141,141
61,farmyard,835,0,0,0,0,0,0,0,0,0,9,12,0,176,141,141
61,farmyard,836,0,0,0,0,0,0,0,0,0,9,12,0,176,141,141
61,farmyard,837,0,0,0,0,0,0,0,0,0,9,12,0,176,141,141
61,farmyard,838,0,0,0,0,0,0,0,0,0,9,12,0,176,141,141
61,farmyard,839,0,0,0,0,0,0,0,0,0,9,12,0,176,141,141
61,farmyard,840,0,0,0,0,0,0,0,0,0,9,12,0,176,141,141
61,farmyard,841,0,0,0,0,0,0,0,0,0,9,12,0,176,141,141
61,farmyard,842,0,0,0,0,0,0,0,0,0,9,12,0,176,141,141
61,farmyard,843,0,0,0,0,0,0,0,0,0,9,12,0,176,141,141
61,farmyard,844,0,0,0,0,0,0,0,0,0,9,12,0,176,141,141
61,farmyard,845,0,0,0,0,0,0,0,0,0,9,12,0,176,141,141
61,farmyard,846,0,0,0,0,0,0,0,0,0,9,12,0,176,141,141
61,farmyard,847,0,0,0,0,0,0,0,0,0,9,12,0,176,141,141
61,farmyard,848,0,0,0,0,0,0,0,0,0,9,12,0,176,141,141
61,farmyard,849,0,0,0,0,0,0,0,0,0,9,12,0,176,141,141
61,farmyard,850,0,0,0,0,0,0,0,0,0,9,12,0,176,141,141
61,outside,800,3,2,1,0,0,3,0,3,0,0,0,0,0,0,0
61,outside,801,4,2,2,1,0,3,0,4,0,1,0,0,4,3,3
61,outside,802,4,2,2,0,1,3,0,4,0,1,0,0,8,6,6
61,outside,803,4,2,2,0,0,4,0,4,0,1,0,0,12,10,10
61,outside,804,6,2,4,2,0,4,0,6,0,3,0,0,16,14,14
61,outside,805,6,2,4,0,2,4,0,6,0,3,0,0,20,18,18
61,outside,806,6,2,4,0,0,6,0,6,0,3,0,0,24,24,24
61,outside,807,7,2,5,1,0,6,0,7,0,4,0,0,28,30,30
61,outside,808,7,2,5,0,1,6,0,7,0,4,0,0,32,36,36
61,outside,809,8,3,5,1,0,7,0,8,0,5,0,0,36,43,43
61,outside,810,7,3,4,0,1,6,0,7,0,5,1,0,40,49,49
61,outside,811,7,3,4,0,0,7,0,7,0,5,1,0,44,56,56
61,outside,812,7,3,4,0,0,7,0,7,0,5,1,0,50,63,63
61,outside,813,8,3,5,1,0,7,0,8,0,6,1,0,56,70,70
61,outside,814,8,3,5,0,1,7,0,8,0,6,1,0,62,77,77
61,outside,815,9,4,5,1,0,8,0,9,0,7,1,0,68,85,85
61,outside,816,9,4,5,0,1,8,0,9,0,7,1,0,74,93,93
61,outside,817,9,3,6,1,0,8,0,9,0,8,2,0,80,101,101
61,outside,818,8,2,6,0,1,7,0,8,0,8,3,0,86,108,108
61,outside,819,8,2,6,0,0,8,0,8,0,8,3,0,90,116,116
61,outside,820,9,2,7,1,0,8,0,9,0,9,3,0,94,124,124
61,outside,821,9,2,7,0,1,8,0,9,0,9,3,0,98,132,132
61,outside,822,10,2,8,1,0,9,0,10,0,10,3,0,102,141,141
61,outside,823,9,2,7,0,1,8,0,9,0,10,4,0,106,149,149
61,outside,824,9,2,7,1,0,8,0,9,0,11,5,0,110,157,157
61,outside,825,9,2,7,0,1,8,0,9,0,11,5,0,114,165,165
61,outside,826,9,2,7,0,0,9,0,9,0,11,5,0,118,174,174
61,outside,827,8,2,6,1,0,7,0,8,0,12,7,0,122,181,181
61,outside,828,7,1,6,0,1,6,0,7,0,12,8,0,126,187,187
61,outside,829,7,1,6,0,0,7,0,7,0,12,8,0,128,194,194
61,outside,830,6,1,5,0,0,6,0,6,0,12,9,0,130,200,200
61,outside,831,6,1,5,0,0,6,0,6,0,12,9,0,132,206,206
61,outside,832,5,1,4,0,0,5,0,5,0,12,10,0,134,211,211
61,outside,833,5,1,4,0,0,5,0,5,0,12,10,0,136,216,216
61,outside,834,4,0,4,0,0,4,0,4,0,12,11,0,138,220,220
61,outside,835,3,0,3,0,0,3,0,3,0,12,12,0,138,223,223
61,outside,836,3,0,3,0,0,3,0,3,0,12,12,0,138,226,226
61,outside,837,3,0,3,0,0,3,0,3,0,12,12,0,138,229,229
61,outside,838,2,0,2,0,0,2,0,2,0,12,13,0,138,231,231
61,outside,839,2,0,2,0,0,2,0,2,0,12,13,0,138,233,233
61,outside,840,1,0,1,0,0,1,0,1,0,12,14,0,138,234,234
61,outside,841,1,0,1,0,0,1,0,1,0,12,14,0,138,235,235
61,outside,842,0,0,0,0,0,0,0,0,0,12,15,0,138,235,235
61,outside,843,0,0,0,0,0,0,0,0,0,12,15,0,138,235,235
61,outside,844,0,0,0,0,0,0,0,0,0,12,15,0,138,235,235
61,outside,845,0,0,0,0,0,0,0,0,0,12,15,0,138,235,235
61,outside,846,0,0,0,0,0,0,0,0,0,12,15,0,138,235,235
61,outside,847,0,0,0,0,0,0,0,0,0,12,15,0,138,235,235
61,outside,848,0,0,0,0,0,0,0,0,0,12,15,0,138,235,235
61,outside,849,0,0,0,0,0,0,0,0,0,12,15,0,138,235,235
61,outside,850,0,0,0,0,0,0,0,0,0,12,15,0,138,235,235
62,farmyard,800,3,2,1,0,0,3,3,0,0,0,0,0,0,0,0
62,farmyard,801,4,3,1,1,0,3,4,0,0,1,0,0,8,3,3
62,farmyard,802,5,4,1,1,1,3,5,0,1,2,0,0,16,6,6
62,farmyard,803,6,4,2,2,1,3,6,0,1,4,1,0,24,9,9
62,farmyard,804,7,5,2,1,2,4,7,0,1,5,1,0,32,13,13
62,farmyard,805,8,5,3,2,1,5,8,0,1,7,2,0,44,18,18
62,farmyard,806,9,5,4,1,2,6,9,0,1,8,2,0,56,24,24
62,farmyard,807,11,6,5,3,1,7,11,0,1,11,3,0,72,31,31
62,farmyard,808,7,4,3,0,1,6,7,0,1,11,7,0,88,37,37
62,farmyard,809,7,4,3,1,0,6,7,0,1,12,8,0,100,43,43
62,farmyard,810,7,3,4,1,0,6,7,0,1,13,9,0,112,49,49
62,farmyard,811,6,3,3,0,0,6,6,0,1,13,10,0,124,55,55
62,farmyard,812,4,2,2,1,0,3,4,0,0,14,13,0,136,58,58
62,farmyard,813,4,2,2,0,1,3,4,0,0,14,13,0,140,61,61
62,farmyard,814,6,4,2,2,0,4,6,0,1,16,13,0,144,65,65
62,farmyard,815,6,4,2,0,2,4,6,0,1,16,13,0,152,69,69
62,farmyard,816,8,6,2,2,0,6,8,0,1,18,13,0,160,75,75
62,farmyard,817,7,5,2,1,2,4,7,0,1,19,15,0,176,79,79
62,farmyard,818,7,5,2,2,1,4,7,0,1,21,17,0,184,83,83
62,farmyard,819,7,5,2,0,2,5,7,0,1,21,17,0,196,88,88
62,farmyard,820,9,7,2,2,0,7,9,0,1,23,17,0,212,95,95
62,farmyard,821,10,8,2,1,2,7,10,0,1,24,17,0,232,102,102
62,farmyard,822,12,10,2,3,1,8,12,0,1,27,18,0,252,110,110
62,farmyard,823,13,9,4,3,3,7,13,0,1,30,20,0,276,117,117
62,farmyard,824,11,8,3,0,3,8,11,0,1,30,22,0,296,125,125
62,farmyard,825,9,7,2,1,0,8,9,0,1,31,25,0,324,133,133
62,farmyard,826,11,9,2,2,1,8,11,0,1,33,25,0,352,141,141
62,farmyard,827,8,6,2,2,1,5,8,0,1,35,30,0,380,146,146
62,farmyard,828,8,6,2,0,2,6,8,0,1,35,30,0,396,152,152
62,farmyard,829,10,8,2,3,0,7,10,0,1,38,31,0,416,159,159
62,farmyard,830,8,7,1,0,3,5,8,0,1,38,33,0,436,164,164
62,farmyard,831,13,7,6,5,0,8,13,0,1,43,33,0,452,172,172
62,farmyard,832,10,5,5,0,4,6,10,0,1,43,36,0,480,178,178
62,farmyard,833,12,6,6,4,0,8,12,0,1,47,38,0,500,186,186
62,farmyard,834,10,6,4,0,4,6,10,0,1,47,40,0,516,192,192
62,farmyard,835,12,7,5,3,0,9,12,0,1,50,41,0,532,201,201
62,farmyard,836,11,6,5,0,3,8,11,0,1,50,42,0,552,209,209
62,farmyard,837,13,8,5,4,0,9,13,0,1,54,44,0,568,218,218
62,farmyard,838,10,6,4,0,4,6,10,0,1,54,47,0,588,224,224
62,farmyard,839,13,7,6,3,0,10,0,13,0,57,47,0,600,234,234
62,farmyard,840,15,8,7,2,3,10,0,15,0,59,47,0,612,244,244
62,farmyard,841,17,8,9,2,2,13,0,17,0,61,47,0,624,257,257
62,farmyard,842,19,8,11,2,2,15,0,19,0,63,47,0,638,272,272
62,farmyard,843,24,8,16,5,2,17,0,24,0,68,47,0,654,289,289
62,farmyard,844,24,8,16,1,5,18,0,24,0,69,48,0,670,307,307
62,farmyard,845,26,10,16,3,1,22,0,26,0,72,49,0,684,329,329
62,farmyard,846,30,12,18,4,3,23,0,30,0,76,49,0,696,352,352
62,farmyard,847,31,12,19,1,4,26,0,31,0,77,49,0,710,378,378
62,farmyard,848,34,13,21,5,1,28,0,34,0,82,51,0,730,406,406
62,farmyard,849,36,15,21,2,5,29,0,36,0,84,51,0,752,435,435
62,farmyard,850,36,16,20,3,2,31,0,36,0,87,54,0,774,466,466
62,outside,800,3,2,1,0,0,3,0,3,0,0,0,0,0,0,0
62,outside,801,4,3,1,1,0,3,0,4,0,1,0,0,4,3,3
62,outside,802,5,4,1,1,1,3,0,5,0,2,0,0,8,6,6
62,outside,803,7,5,2,2,1,4,0,7,0,4,0,0,12,10,10
62,outside,804,9,6,3,2,2,5,0,9,0,6,0,0,18,15,15
62,outside,805,11,7,4,2,2,7,0,11,0,8,0,0,26,22,22
62,outside,806,14,8,6,3,2,9,0,14,0,11,0,0,36,31,31
62,outside,807,16,9,7,2,3,11,0,16,0,13,0,0,48,42,42
62,outside,808,21,11,10,5,2,14,0,21,0,18,0,0,62,56,56
62,outside,809,19,8,11,1,4,14,0,19,0,19,3,0,78,70,70
62,outside,810,22,10,12,3,1,18,0,22,0,22,3,0,92,88,88
62,outside,811,23,11,12,1,3,19,0,23,0,23,3,0,108,107,107
62,outside,812,26,14,12,3,1,22,0,26,0,26,3,0,124,129,129
62,outside,813,27,14,13,1,3,23,0,27,0,27,3,0,144,152,152
62,outside,814,33,17,16,6,1,26,0,33,0,33,3,0,166,178,178
62,outside,815,34,17,17,2,6,26,0,34,0,35,4,0,194,204,204
62,outside,816,38,17,21,5,2,31,0,38,0,40,5,0,222,235,235
62,outside,817,41,18,23,4,5,32,0,41,0,44,6,0,254,267,267
62,outside,818,41,16,25,2,4,35,0,41,0,46,8,0,286,302,302
62,outside,819,44,17,27,4,2,38,0,44,0,50,9,0,316,340,340
62,outside,820,49,20,29,6,4,39,0,49,0,56,10,0,346,379,379
62,outside,821,52,22,30,4,6,42,0,52,0,60,11,0,376,421,421
62,outside,822,53,25,28,5,4,44,0,53,0,65,15,0,408,465,465
62,outside,823,56,27,29,6,5,45,0,56,0,71,18,0,446,510,510
62,outside,824,63,30,33,7,6,50,0,63,0,78,18,0,488,560,560
62,outside,825,68,34,34,8,7,53,0,68,0,86,21,0,536,613,613
62,outside,826,74,38,36,8,7,59,0,74,0,94,23,0,586,672,672
62,outside,827,82,42,40,11,8,63,0,82,0,105,26,0,640,735,735
62,outside,828,88,46,42,10,10,68,0,88,0,115,30,0,704,803,803
62,outside,829,101,55,46,14,10,77,0,101,0,129,31,0,774,880,880
62,outside,830,106,55,51,8,14,84,0,106,0,137,34,0,854,964,964
62,outside,831,120,63,57,20,7,93,0,120,0,157,40,0,944,1057,1057
62,outside,832,131,70,61,17,19,95,0,131,0,174,46,0,1046,1152,1152
62,outside,833,143,78,65,16,17,110,0,143,0,190,50,0,1146,1262,1262
62,outside,834,159,87,72,25,16,118,0,159,0,215,59,0,1266,1380,1380
62,outside,835,176,97,79,21,24,131,0,176,0,236,63,0,1398,1511,1511
62,outside,836,206,116,90,30,21,155,0,206,0,266,63,0,1542,1666,1666
62,outside,837,226,120,106,24,29,173,0,226,0,290,67,0,1712,1839,1839
62,outside,838,256,135,121,35,24,197,0,256,0,325,72,0,1900,2036,2036
62,outside,839,287,149,138,38,35,214,0,287,0,363,79,0,2120,2250,2250
62,outside,840,307,160,147,25,38,244,0,307,0,388,84,0,2348,2494,2494
62,outside,841,351,189,162,48,25,278,0,351,0,436,88,0,2606,2772,2772
62,outside,842,385,211,174,41,47,297,0,385,0,477,95,0,2898,3069,3069
62,outside,843,444,237,207,65,40,339,0,444,0,542,101,0,3212,3408,3408
62,outside,844,484,258,226,52,65,367,0,484,0,594,113,0,3580,3775,3775
62,outside,845,531,277,254,60,52,419,0,531,0,654,126,0,3978,4194,4194
62,outside,846,583,308,275,70,59,454,0,583,0,724,144,0,4420,4648,4648
62,outside,847,637,333,304,67,69,501,0,637,0,791,157,0,4908,5149,5149
62,outside,848,698,364,334,80,67,551,0,698,0,871,176,0,5434,5700,5700
62,outside,849,767,393,374,88,80,599,0,767,0,959,195,0,6018,6299,6299
62,outside,850,832,422,410,92,86,654,0,832,0,1051,222,0,6642,6953,6953
63,farmyard,800,3,2,1,0,0,3,3,0,0,0,0,0,0,0,0
63,farmyard,801,4,3,1,1,0,3,4,0,0,1,0,0,8,3,3
63,farmyard,802,5,3,2,1,1,3,5,0,1,2,0,0,16,6,6
63,farmyard,803,6,4,2,1,1,4,6,0,1,3,0,0,24,10,10
63,farmyard,804,6,4,2,0,1,5,6,0,1,3,0,0,36,15,15
63,farmyard,805,8,6,2,2,0,6,8,0,1,5,0,0,48,21,21
63,farmyard,806,7,5,2,0,2,5,7,0,1,5,1,0,64,26,26
63,farmyard,807,10,6,4,4,0,6,10,0,1,9,2,0,76,32,32
63,farmyard,808,9,6,3,0,3,6,9,0,1,9,3,0,92,38,38
63,farmyard,809,9,6,3,3,0,6,9,0,1,12,6,0,108,44,44
63,farmyard,810,8,5,3,0,3,5,8,0,1,12,7,0,124,49,49
63,farmyard,811,11,8,3,4,0,7,11,0,1,16,8,0,136,56,56
63,farmyard,812,9,6,3,0,4,5,9,0,1,16,10,0,156,61,61
63,farmyard,813,10,7,3,3,0,7,10,0,1,19,12,0,168,68,68
63,farmyard,814,11,7,4,2,2,7,11,0,1,21,13,0,188,75,75
63,farmyard,815,8,5,3,1,1,6,8,0,1,22,17,0,208,81,81
63,farmyard,816,7,5,2,2,0,5,7,0,1,24,20,0,224,86,86
63,farmyard,817,5,4,1,0,1,4,5,0,1,24,22,0,240,90,90
63,farmyard,818,7,6,1,2,0,5,7,0,1,26,22,0,252,95,95
63,farmyard,819,6,5,1,0,2,4,6,0,1,26,23,0,268,99,99
63,farmyard,820,9,7,2,3,0,6,9,0,1,29,23,0,280,105,105
63,farmyard,821,10,7,3,1,3,6,10,0,1,30,23,0,300,111,111
63,farmyard,822,12,9,3,2,1,9,12,0,1,32,23,0,320,120,120
63,farmyard,823,12,10,2,1,2,9,12,0,1,33,24,0,348,129,129
63,farmyard,824,16,13,3,5,1,10,16,0,1,38,25,0,376,139,139
63,farmyard,825,10,9,1,1,3,6,10,0,1,39,32,0,408,145,145
63,farmyard,826,11,9,2,2,1,8,11,0,1,41,33,0,428,153,153
63,farmyard,827,14,10,4,3,2,9,14,0,1,44,33,0,456,162,162
63,farmyard,828,14,9,5,2,3,9,14,0,1,46,35,0,488,171,171
63,farmyard,829,12,9,3,1,1,10,12,0,1,47,38,0,516,181,181
63,farmyard,830,13,10,3,3,0,10,13,0,1,50,40,0,548,191,191
63,farmyard,831,14,10,4,1,3,10,14,0,1,51,40,0,580,201,201
63,farmyard,832,13,8,5,2,1,10,13,0,1,53,43,0,612,211,211
63,farmyard,833,10,5,5,1,2,7,10,0,1,54,47,0,640,218,218
63,farmyard,834,6,2,4,0,1,5,6,0,1,54,51,0,656,223,223
63,farmyard,835,7,2,5,1,0,6,7,0,1,55,51,0,664,229,229
63,farmyard,836,7,2,5,0,1,6,7,0,1,55,51,0,672,235,235
63,farmyard,837,8,2,6,1,0,7,8,0,1,56,51,0,680,242,242
63,farmyard,838,7,2,5,0,1,6,7,0,1,56,52,0,688,248,248
63,farmyard,839,5,2,3,1,0,4,5,0,1,57,55,0,696,252,252
63,farmyard,840,5,2,3,0,1,4,5,0,1,57,55,0,700,256,256
63,farmyard,841,5,1,4,1,0,4,5,0,1,58,56,0,704,260,260
63,farmyard,842,5,1,4,0,1,4,5,0,1,58,56,0,708,264,264
63,farmyard,843,5,1,4,0,0,5,5,0,1,58,56,0,712,269,269
63,farmyard,844,6,2,4,1,0,5,6,0,1,59,56,0,716,274,274
63,farmyard,845,6,2,4,0,1,5,6,0,1,59,56,0,720,279,279
63,farmyard,846,8,3,5,2,0,6,8,0,1,61,56,0,724,285,285
63,farmyard,847,8,3,5,0,2,6,8,0,1,61,56,0,732,291,291
63,farmyard,848,11,6,5,3,0,8,11,0,1,64,56,0,740,299,299
63,farmyard,849,10,5,5,0,3,7,10,0,1,64,57,0,752,306,306
63,farmyard,850,14,7,7,4,0,10,14,0,1,68,57,0,760,316,316
63,outside,800,3,2,1,0,0,3,0,3,0,0,0,0,0,0,0
63,outside,801,4,3,1,1,0,3,0,4,0,1,0,0,4,3,3
63,outside,802,5,3,2,1,1,3,0,5,0,2,0,0,8,6,6
63,outside,803,6,4,2,1,1,4,0,6,0,3,0,0,12,10,10
63,outside,804,7,5,2,1,1,5,0,7,0,4,0,0,18,15,15
63,outside,805,10,6,4,3,1,6,0,10,0,7,0,0,24,21,21
63,outside,806,11,6,5,1,3,7,0,11,0,8,0,0,32,28,28
63,outside,807,13,6,7,2,1,10,0,13,0,10,0,0,42,38,38
63,outside,808,16,9,7,3,2,11,0,16,0,13,0,0,54,49,49
63,outside,809,15,8,7,0,3,12,0,15,0,13,1,0,66,61,61
63,outside,810,19,11,8,4,0,15,0,19,0,17,1,0,76,76,76
63,outside,811,21,12,9,2,4,15,0,21,0,19,1,0,92,91,91
63,outside,812,24,13,11,4,2,18,0,24,0,23,2,0,108,109,109
63,outside,813,29,17,12,5,4,20,0,29,0,28,2,0,130,129,129
63,outside,814,34,21,13,5,5,24,0,34,0,33,2,0,154,153,153
63,outside,815,43,25,18,9,5,29,0,43,0,42,2,0,180,182,182
63,outside,816,45,25,20,3,9,33,0,45,0,45,3,0,214,215,215
63,outside,817,55,32,23,11,3,41,0,55,0,56,4,0,254,256,256
63,outside,818,57,33,24,3,11,43,0,57,0,59,5,0,302,299,299
63,outside,819,74,42,32,18,3,53,0,74,0,77,6,0,350,352,352
63,outside,820,75,44,31,5,17,53,0,75,0,82,10,0,412,405,405
63,outside,821,85,51,34,12,5,68,0,85,0,94,12,0,476,473,473
63,outside,822,99,55,44,17,11,71,0,99,0,111,15,0,558,544,544
63,outside,823,114,62,52,18,16,80,0,114,0,129,18,0,644,624,624
63,outside,824,124,68,56,16,17,91,0,124,0,145,24,0,744,715,715
63,outside,825,134,77,57,13,15,106,0,134,0,158,27,0,850,821,821
63,outside,826,154,86,68,23,13,118,0,154,0,181,30,0,968,939,939
63,outside,827,171,98,73,23,23,125,0,171,0,204,36,0,1096,1064,1064
63,outside,828,188,105,83,21,23,144,0,188,0,225,40,0,1238,1208,1208
63,outside,829,210,110,100,31,19,160,0,210,0,256,49,0,1400,1368,1368
63,outside,830,232,120,112,31,29,172,0,232,0,287,58,0,1582,1540,1540
63,outside,831,260,130,130,33,31,196,0,260,0,320,63,0,1772,1736,1736
63,outside,832,285,141,144,29,33,223,0,285,0,349,67,0,1974,1959,1959
63,outside,833,310,157,153,34,27,249,0,310,0,383,76,0,2204,2208,2208
63,outside,834,351,171,180,47,34,270,0,351,0,430,82,0,2456,2478,2478
63,outside,835,388,190,198,42,47,299,0,388,0,472,87,0,2722,2777,2777
63,outside,836,430,213,217,52,42,336,0,430,0,524,97,0,3022,3113,3113
63,outside,837,462,228,234,49,51,362,0,462,0,573,114,0,3346,3475,3475
63,outside,838,517,256,261,67,47,403,0,517,0,640,126,0,3692,3878,3878
63,outside,839,559,282,277,60,65,434,0,559,0,700,144,0,4084,4312,4312
63,outside,840,610,309,301,65,59,486,0,610,0,765,158,0,4510,4791,4798
63,outside,841,673,335,338,85,65,523,0,673,0,850,180,0,4992,5307,5321
63,outside,842,733,373,360,85,80,568,0,733,0,935,205,0,5518,5868,5889
63,outside,843,797,400,397,80,81,636,0,797,0,1015,221,0,6090,6476,6525
63,outside,844,896,442,454,134,79,683,0,896,0,1149,256,0,6726,7146,7208
63,outside,845,950,467,483,92,131,727,0,950,0,1241,294,0,7424,7873,7935
63,outside,846,1062,518,544,138,91,833,0,1062,0,1379,320,0,8146,8629,8768
63,outside,847,1152,568,584,125,137,890,0,1152,0,1504,355,0,8960,9476,9658
63,outside,848,1273,634,639,158,123,992,0,1273,0,1662,392,0,9828,10378,10650
63,outside,849,1395,690,705,156,156,1083,0,1395,0,1818,426,0,10790,11374,11733
63,outside,850,1546,767,779,183,154,1209,0,1546,0,2001,458,0,11852,12469,12942
64,farmyard,800,3,2,1,0,0,3,3,0,0,0,0,0,0,0,0
64,farmyard,801,3,2,1,0,0,3,3,0,0,0,0,0,8,3,3
64,farmyard,802,4,2,2,1,0,3,4,0,0,1,0,0,16,6,6
64,farmyard,803,4,2,2,0,1,3,4,0,0,1,0,0,24,9,9
64,farmyard,804,4,2,2,0,0,4,4,0,0,1,0,0,32,13,13
64,farmyard,805,5,3,2,1,0,4,5,0,1,2,0,0,40,17,17
64,farmyard,806,5,3,2,0,1,4,5,0,1,2,0,0,48,21,21
64,farmyard,807,5,3,2,0,0,5,5,0,1,2,0,0,56,26,26
64,farmyard,808,6,4,2,1,0,5,6,0,1,3,0,0,68,31,31
64,farmyard,809,7,5,2,1,1,5,7,0,1,4,0,0,80,36,36
64,farmyard,810,7,5,2,1,1,5,7,0,1,5,1,0,92,41,41
64,farmyard,811,7,4,3,1,1,5,7,0,1,6,2,0,108,46,46
64,farmyard,812,7,4,3,1,1,5,7,0,1,7,3,0,124,51,51
64,farmyard,813,9,5,4,2,1,6,9,0,1,9,3,0,136,57,57
64,farmyard,814,6,4,2,0,2,4,6,0,1,9,6,0,148,61,61
64,farmyard,815,8,6,2,3,0,5,8,0,1,12,7,0,160,66,66
64,farmyard,816,7,5,2,0,3,4,7,0,1,12,8,0,172,70,70
64,farmyard,817,8,6,2,2,0,6,8,0,1,14,9,0,180,76,76
64,farmyard,818,8,6,2,0,2,6,8,0,1,14,9,0,196,82,82
64,farmyard,819,10,8,2,2,0,8,10,0,1,16,9,0,212,90,90
64,farmyard,820,13,8,5,3,2,8,13,0,1,19,9,0,236,98,98
64,farmyard,821,10,7,3,1,1,8,10,0,1,20,13,0,260,106,106
64,farmyard,822,10,6,4,1,0,9,10,0,1,21,14,0,284,115,115
64,farmyard,823,10,6,4,2,1,7,10,0,1,23,16,0,308,122,122
64,farmyard,824,10,7,3,2,2,6,10,0,1,25,18,0,328,128,128
64,farmyard,825,9,6,3,1,2,6,9,0,1,26,20,0,348,134,134
64,farmyard,826,9,6,3,1,0,8,9,0,1,27,21,0,368,142,142
64,farmyard,827,11,7,4,2,1,8,11,0,1,29,21,0,392,150,150
64,farmyard,828,11,7,4,2,1,8,11,0,1,31,23,0,416,158,158
64,farmyard,829,10,7,3,1,0,9,10,0,1,32,25,0,436,167,167
64,farmyard,830,11,7,4,2,0,9,11,0,1,34,26,0,460,176,176
64,farmyard,831,11,7,4,1,1,9,11,0,1,35,27,0,484,185,185
64,farmyard,832,12,7,5,2,1,9,12,0,1,37,28,0,508,194,194
64,farmyard,833,11,7,4,1,1,9,11,0,1,38,30,0,536,203,203
64,farmyard,834,7,5,2,0,0,7,7,0,1,38,34,0,560,210,210
64,farmyard,835,8,4,4,2,0,6,8,0,1,40,35,0,580,216,216
64,farmyard,836,5,2,3,0,2,3,5,0,1,40,38,0,596,219,219
64,farmyard,837,6,2,4,1,0,5,6,0,1,41,38,0,604,224,224
64,farmyard,838,6,2,4,0,1,5,6,0,1,41,38,0,612,229,229
64,farmyard,839,5,2,3,0,0,5,5,0,1,41,39,0,620,234,234
64,farmyard,840,5,2,3,0,0,5,5,0,1,41,39,0,628,239,239
64,farmyard,841,4,2,2,0,0,4,4,0,0,41,40,0,636,243,243
64,farmyard,842,4,2,2,0,0,4,4,0,0,41,40,0,644,247,247
64,farmyard,843,4,2,2,0,0,4,4,0,0,41,40,0,652,251,251
64,farmyard,844,3,1,2,0,0,3,3,0,0,41,41,0,660,254,254
64,farmyard,845,2,1,1,0,0,2,2,0,0,41,42,0,664,256,256
64,farmyard,846,1,0,1,0,0,1,1,0,0,41,43,0,668,257,257
64,farmyard,847,1,0,1,0,0,1,1,0,0,41,43,0,668,258,258
64,farmyard,848,1,0,1,0,0,1,1,0,0,41,43,0,668,259,259
64,farmyard,849,0,0,0,0,0,0,0,0,0,41,44,0,668,259,259
64,farmyard,850,0,0,0,0,0,0,0,0,0,41,44,0,668,259,259
64,outside,800,3,2,1,0,0,3,0,3,0,0,0,0,0,0,0
64,outside,801,3,2,1,0,0,3,0,3,0,0,0,0,4,3,3
64,outside,802,4,2,2,1,0,3,0,4,0,1,0,0,8,6,6
64,outside,803,4,2,2,0,1,3,0,4,0,1,0,0,12,9,9
64,outside,804,4,2,2,0,0,4,0,4,0,1,0,0,16,13,13
64,outside,805,5,3,2,1,0,4,0,5,0,2,0,0,20,17,17
64,outside,806,5,3,2,0,1,4,0,5,0,2,0,0,24,21,21
64,outside,807,5,3,2,0,0,5,0,5,0,2,0,0,28,26,26
64,outside,808,6,4,2,1,0,5,0,6,0,3,0,0,34,31,31
64,outside,809,7,5,2,1,1,5,0,7,0,4,0,0,40,36,36
64,outside,810,8,5,3,1,1,6,0,8,0,5,0,0,46,42,42
64,outside,811,9,5,4,1,1,7,0,9,0,6,0,0,54,49,49
64,outside,812,9,5,4,0,1,8,0,9,0,6,0,0,64,57,57
64,outside,813,11,6,5,2,0,9,0,11,0,8,0,0,74,66,66
64,outside,814,10,6,4,0,2,8,0,10,0,8,1,0,84,74,74
64,outside,815,11,7,4,1,0,10,0,11,0,9,1,0,94,84,84
64,outside,816,13,7,6,2,1,10,0,13,0,11,1,0,106,94,94
64,outside,817,15,8,7,2,2,11,0,15,0,13,1,0,118,105,105
64,outside,818,16,8,8,1,2,13,0,16,0,14,1,0,132,118,118
64,outside,819,18,9,9,2,1,15,0,18,0,16,1,0,146,133,133
64,outside,820,18,9,9,1,2,15,0,18,0,17,2,0,162,148,148
64,outside,821,19,8,11,3,1,15,0,19,0,20,4,0,178,163,163
64,outside,822,18,8,10,0,3,15,0,18,0,20,5,0,192,178,178
64,outside,823,19,8,11,2,0,17,0,19,0,22,6,0,206,195,195
64,outside,824,18,8,10,0,2,16,0,18,0,22,7,0,220,211,211
64,outside,825,23,10,13,5,0,18,0,23,0,27,7,0,234,229,229
64,outside,826,23,10,13,1,5,17,0,23,0,28,8,0,250,246,246
64,outside,827,26,12,14,3,1,22,0,26,0,31,8,0,266,268,268
64,outside,828,28,13,15,2,3,23,0,28,0,33,8,0,286,291,291
64,outside,829,30,13,17,2,2,26,0,30,0,35,8,0,306,317,317
64,outside,830,32,13,19,3,2,27,0,32,0,38,9,0,330,344,344
64,outside,831,31,14,17,3,3,25,0,31,0,41,13,0,354,369,369
64,outside,832,31,14,17,1,3,27,0,31,0,42,14,0,376,396,396
64,outside,833,34,14,20,3,1,30,0,34,0,45,14,0,398,426,426
64,outside,834,35,15,20,4,2,29,0,35,0,49,17,0,424,455,455
64,outside,835,38,17,21,3,4,31,0,38,0,52,17,0,452,486,486
64,outside,836,42,22,20,6,3,33,0,42,0,58,19,0,480,519,519
64,outside,837,43,24,19,3,6,34,0,43,0,61,21,0,510,553,553
64,outside,838,45,24,21,3,2,40,0,45,0,64,22,0,542,593,593
64,outside,839,53,27,26,10,3,40,0,53,0,74,24,0,584,633,633
64,outside,840,56,29,27,3,10,43,0,56,0,77,24,0,626,676,676
64,outside,841,62,33,29,9,3,50,0,62,0,86,27,0,670,726,726
64,outside,842,62,33,29,1,9,52,0,62,0,87,28,0,722,778,778
64,outside,843,72,39,33,12,1,59,0,72,0,99,30,0,778,837,837
64,outside,844,73,44,29,5,12,56,0,73,0,104,34,0,842,893,893
64,outside,845,79,44,35,9,4,66,0,79,0,113,37,0,906,959,959
64,outside,846,95,52,43,16,9,70,0,95,0,129,37,0,982,1029,1029
64,outside,847,102,58,44,13,16,73,0,102,0,142,43,0,1066,1102,1102
64,outside,848,113,63,50,15,11,87,0,113,0,157,47,0,1150,1189,1189
64,outside,849,128,70,58,17,15,96,0,128,0,174,49,0,1248,1285,1285
64,outside,850,139,72,67,15,17,107,0,139,0,189,53,0,1354,1392,1392
65,farmyard,800,3,2,1,0,0,3,3,0,0,0,0,0,0,0,0
65,farmyard,801,3,2,1,0,0,3,3,0,0,0,0,0,8,3,3
65,farmyard,802,4,3,1,1,0,3,4,0,0,1,0,0,16,6,6
65,farmyard,803,5,3,2,1,1,3,5,0,1,2,0,0,24,9,9
65,farmyard,804,7,5,2,2,1,4,7,0,1,4,0,0,32,13,13
65,farmyard,805,7,5,2,0,2,5,7,0,1,4,0,0,44,18,18
65,farmyard,806,7,4,3,1,0,6,7,0,1,5,1,0,56,24,24
65,farmyard,807,7,4,3,0,1,6,7,0,1,5,1,0,72,30,30
65,farmyard,808,8,4,4,2,0,6,8,0,1,7,2,0,88,36,36
65,farmyard,809,6,2,4,0,1,5,6,0,1,7,4,0,100,41,41
65,farmyard,810,7,3,4,1,0,6,7,0,1,8,4,0,108,47,47
65,farmyard,811,6,2,4,0,0,6,6,0,1,8,5,0,116,53,53
65,farmyard,812,7,3,4,1,0,6,7,0,1,9,5,0,124,59,59
65,farmyard,813,7,3,4,0,1,6,7,0,1,9,5,0,132,65,65
65,farmyard,814,7,3,4,1,0,6,7,0,1,10,6,0,140,71,71
65,farmyard,815,6,3,3,1,1,4,6,0,1,11,8,0,148,75,75
65,farmyard,816,6,2,4,1,1,4,6,0,1,12,9,0,156,79,79
65,farmyard,817,4,1,3,0,1,3,4,0,0,12,11,0,164,82,82
65,farmyard,818,5,2,3,1,0,4,5,0,1,13,11,0,168,86,86
65,farmyard,819,5,2,3,0,1,4,5,0,1,13,11,0,172,90,90
65,farmyard,820,6,3,3,2,0,4,6,0,1,15,12,0,176,94,94
65,farmyard,821,6,3,3,0,2,4,6,0,1,15,12,0,184,98,98
65,farmyard,822,7,3,4,1,0,6,7,0,1,16,12,0,192,104,104
65,farmyard,823,7,3,4,1,1,5,7,0,1,17,13,0,204,109,109
65,farmyard,824,6,2,4,0,1,5,6,0,1,17,14,0,212,114,114
65,farmyard,825,8,3,5,2,0,6,8,0,1,19,14,0,216,120,120
65,farmyard,826,7,3,4,0,2,5,7,0,1,19,15,0,224,125,125
65,farmyard,827,9,4,5,2,0,7,9,0,1,21,15,0,232,132,132
65,farmyard,828,9,4,5,0,2,7,9,0,1,21,15,0,244,139,139
65,farmyard,829,9,3,6,2,0,7,9,0,1,23,17,0,256,146,146
65,farmyard,830,10,4,6,1,2,7,10,0,1,24,17,0,268,153,153
65,farmyard,831,10,3,7,2,0,8,10,0,1,26,19,0,280,161,161
65,farmyard,832,8,3,5,0,1,7,8,0,1,26,21,0,292,168,168
65,farmyard,833,6,3,3,0,0,6,6,0,1,26,23,0,304,174,174
65,farmyard,834,7,4,3,1,0,6,7,0,1,27,23,0,316,180,180
65,farmyard,835,7,4,3,0,1,6,7,0,1,27,23,0,328,186,186
65,farmyard,836,9,6,3,2,0,7,9,0,1,29,23,0,340,193,193
65,farmyard,837,8,6,2,1,2,5,8,0,1,30,25,0,356,198,198
65,farmyard,838,10,8,2,2,1,7,10,0,1,32,25,0,368,205,205
65,farmyard,839,11,7,4,2,2,7,11,0,1,34,26,0,388,212,212
65,farmyard,840,12,7,5,2,2,8,12,0,1,36,27,0,408,220,220
65,farmyard,841,14,9,5,2,2,10,14,0,1,38,27,0,432,230,230
65,farmyard,842,15,10,5,2,2,11,15,0,1,40,28,0,456,241,241
65,farmyard,843,10,6,4,1,1,8,10,0,1,41,34,0,480,249,249
65,farmyard,844,12,6,6,2,1,9,12,0,1,43,34,0,500,258,258
65,farmyard,845,12,6,6,1,1,10,12,0,1,44,35,0,524,268,268
65,farmyard,846,11,5,6,0,1,10,11,0,1,44,36,0,548,278,278
65,farmyard,847,14,6,8,3,0,11,14,0,1,47,36,0,568,289,289
65,farmyard,848,12,5,7,0,3,9,12,0,1,47,38,0,588,298,298
65,farmyard,849,11,4,7,1,0,10,11,0,1,48,40,0,604,308,308
65,farmyard,850,11,4,7,0,1,10,11,0,1,48,40,0,616,318,318
65,outside,800,3,2,1,0,0,3,0,3,0,0,0,0,0,0,0
65,outside,801,3,2,1,0,0,3,0,3,0,0,0,0,4,3,3
65,outside,802,4,3,1,1,0,3,0,4,0,1,0,0,8,6,6
65,outside,803,5,3,2,1,1,3,0,5,0,2,0,0,12,9,9
65,outside,804,7,5,2,2,1,4,0,7,0,4,0,0,16,13,13
65,outside,805,7,5,2,0,2,5,0,7,0,4,0,0,22,18,18
65,outside,806,8,5,3,1,0,7,0,8,0,5,0,0,28,25,25
65,outside,807,9,6,3,1,1,7,0,9,0,6,0,0,38,32,32
65,outside,808,8,5,3,0,0,8,0,8,0,6,1,0,48,40,40
65,outside,809,10,6,4,2,0,8,0,10,0,8,1,0,58,48,48
65,outside,810,10,6,4,0,2,8,0,10,0,8,1,0,68,56,56
65,outside,811,14,9,5,4,0,10,0,14,0,12,1,0,78,66,66
65,outside,812,13,8,5,0,4,9,0,13,0,12,2,0,90,75,75
65,outside,813,16,11,5,4,0,12,0,16,0,16,3,0,100,87,87
65,outside,814,15,10,5,1,4,10,0,15,0,17,5,0,116,97,97
65,outside,815,20,13,7,5,1,14,0,20,0,22,5,0,130,111,111
65,outside,816,21,14,7,1,5,15,0,21,0,23,5,0,150,126,126
65,outside,817,27,18,9,6,1,20,0,27,0,29,5,0,170,146,146
65,outside,818,29,19,10,2,6,21,0,29,0,31,5,0,196,167,167
65,outside,819,37,25,12,9,2,26,0,37,0,40,6,0,224,193,193
65,outside,820,39,26,13,3,9,27,0,39,0,43,7,0,258,220,220
65,outside,821,45,26,19,8,3,34,0,45,0,51,9,0,292,254,254
65,outside,822,53,31,22,8,8,37,0,53,0,59,9,0,336,291,291
65,outside,823,61,36,25,9,8,44,0,61,0,68,10,0,384,335,335
65,outside,824,74,41,33,13,9,52,0,74,0,81,10,0,436,387,387
65,outside,825,81,42,39,9,13,59,0,81,0,90,12,0,498,446,446
65,outside,826,91,43,48,14,7,70,0,91,0,104,16,0,568,516,516
65,outside,827,100,47,53,10,14,76,0,100,0,114,17,0,646,592,592
65,outside,828,111,53,58,13,10,88,0,111,0,127,19,0,726,680,680
65,outside,829,118,60,58,10,13,95,0,118,0,137,22,0,810,775,775
65,outside,830,131,64,67,15,10,106,0,131,0,152,24,0,900,881,881
65,outside,831,148,71,77,23,15,110,0,148,0,175,30,0,1002,991,991
65,outside,832,158,77,81,10,23,125,0,158,0,185,30,0,1110,1116,1116
65,outside,833,178,87,91,24,9,145,0,178,0,209,34,0,1228,1261,1261
65,outside,834,186,91,95,17,23,146,0,186,0,226,43,0,1364,1407,1407
65,outside,835,209,102,107,27,17,165,0,209,0,253,47,0,1504,1572,1572
65,outside,836,221,108,113,15,27,179,0,221,0,268,50,0,1666,1751,1751
65,outside,837,242,119,123,27,14,201,0,242,0,295,56,0,1840,1952,1952
65,outside,838,272,134,138,33,25,214,0,272,0,328,59,0,2034,2166,2166
65,outside,839,289,143,146,29,30,230,0,289,0,357,71,0,2242,2396,2396
65,outside,840,306,152,154,32,27,247,0,306,0,389,86,0,2472,2643,2643
65,outside,841,336,167,169,42,31,263,0,336,0,431,98,0,2720,2906,2906
65,outside,842,366,182,184,36,40,290,0,366,0,467,104,0,2978,3196,3196
65,outside,843,402,202,200,48,35,319,0,402,0,515,116,0,3262,3515,3515
65,outside,844,442,219,223,57,48,337,0,442,0,572,133,0,3578,3852,3852
65,outside,845,475,235,240,48,56,371,0,475,0,620,148,0,3914,4223,4223
65,outside,846,525,264,261,61,48,416,0,525,0,681,159,0,4286,4639,4639
65,outside,847,564,282,282,61,59,444,0,564,0,742,181,0,4698,5083,5083
65,outside,848,623,311,312,71,60,492,0,623,0,813,193,0,5138,5565,5575
65,outside,849,689,342,347,84,69,536,0,689,0,897,211,0,5628,6097,6111
65,outside,850,740,365,375,74,83,583,0,740,0,971,234,0,6156,6668,6694
66,farmyard,800,3,2,1,0,0,3,3,0,0,0,0,0,0,0,0
66,farmyard,801,4,2,2,1,0,3,4,0,0,1,0,0,8,3,3
66,farmyard,802,4,2,2,0,1,3,4,0,0,1,0,0,16,6,6
66,farmyard,803,5,2,3,1,0,4,5,0,1,2,0,0,24,10,10
66,farmyard,804,5,2,3,0,1,4,5,0,1,2,0,0,32,14,14
66,farmyard,805,7,3,4,2,0,5,7,0,1,4,0,0,40,19,19
66,farmyard,806,6,2,4,0,2,4,0,6,0,4,1,0,48,23,23
66,farmyard,807,7,2,5,1,0,6,0,7,0,5,1,0,50,29,29
66,farmyard,808,8,3,5,1,1,6,0,8,0,6,1,0,54,35,35
66,farmyard,809,9,4,5,1,1,7,0,9,0,7,1,0,58,42,42
66,farmyard,810,9,4,5,0,1,8,0,9,0,7,1,0,62,50,50
66,farmyard,811,12,6,6,3,0,9,0,12,0,10,1,0,68,59,59
66,farmyard,812,12,6,6,0,3,9,0,12,0,10,1,0,76,68,68
66,farmyard,813,15,7,8,4,0,11,0,15,0,14,2,0,84,79,79
66,farmyard,814,15,7,8,1,3,11,0,15,0,15,3,0,96,90,90
66,farmyard,815,17,8,9,2,1,14,0,17,0,17,3,0,108,104,104
66,farmyard,816,18,10,8,2,2,14,0,18,0,19,4,0,122,118,118
66,farmyard,817,22,13,9,4,2,16,0,22,0,23,4,0,136,134,134
66,farmyard,818,21,12,9,0,4,17,0,21,0,23,5,0,152,151,151
66,farmyard,819,27,15,12,7,0,20,0,27,0,30,6,0,170,171,171
66,farmyard,820,30,16,14,3,7,20,0,30,0,33,6,0,194,191,191
66,farmyard,821,35,19,16,6,3,26,0,35,0,39,7,0,218,217,217
66,farmyard,822,38,21,17,3,6,29,0,38,0,42,7,0,248,246,246
66,farmyard,823,44,25,19,9,3,32,0,44,0,51,10,0,280,278,278
66,farmyard,824,50,29,21,6,9,35,0,50,0,57,10,0,314,313,313
66,farmyard,825,56,32,24,6,6,44,0,56,0,63,10,0,352,357,357
66,farmyard,826,60,35,25,6,6,48,0,60,0,69,12,0,402,405,405
66,farmyard,827,70,41,29,12,6,52,0,70,0,81,14,0,458,457,457
66,farmyard,828,77,42,35,10,10,57,0,77,0,91,17,0,518,514,514
66,farmyard,829,89,46,43,14,10,65,0,89,0,105,19,0,586,579,579
66,farmyard,830,96,48,48,8,14,74,0,96,0,113,20,0,662,653,653
66,farmyard,831,102,50,52,11,7,84,0,102,0,124,25,0,740,737,737
66,farmyard,832,119,58,61,18,11,90,0,119,0,142,26,0,826,827,827
66,farmyard,833,125,60,65,11,15,99,0,125,0,153,31,0,916,926,926
66,farmyard,834,142,66,76,21,11,110,0,142,0,174,35,0,1010,1036,1036
66,farmyard,835,158,78,80,18,20,120,0,158,0,192,37,0,1112,1156,1156
66,farmyard,836,170,86,84,17,18,135,0,170,0,209,42,0,1228,1291,1291
66,farmyard,837,191,95,96,24,17,150,0,191,0,233,45,0,1356,1441,1441
66,farmyard,838,201,104,97,21,22,158,0,201,0,254,56,0,1506,1599,1599
66,farmyard,839,219,111,108,21,21,177,0,219,0,275,59,0,1668,1776,1776
66,farmyard,840,244,122,122,30,20,194,0,244,0,305,64,0,1850,1970,1970
66,farmyard,841,262,127,135,28,29,205,0,262,0,333,74,0,2048,2175,2175
66,farmyard,842,288,141,147,37,27,224,0,288,0,370,85,0,2254,2399,2399
66,farmyard,843,314,152,162,30,37,247,0,314,0,400,89,0,2480,2646,2646
66,farmyard,844,347,172,175,43,29,275,0,347,0,443,99,0,2720,2921,2921
66,farmyard,845,390,189,201,50,41,299,0,390,0,493,106,0,2994,3220,3220
66,farmyard,846,427,213,214,48,48,331,0,427,0,541,117,0,3290,3551,3551
66,farmyard,847,473,232,241,63,46,364,0,473,0,604,134,0,3624,3910,3915
66,farmyard,848,508,250,258,47,60,401,0,508,0,651,146,0,3980,4292,4316
66,farmyard,849,565,285,280,73,47,445,0,565,0,724,162,0,4378,4716,4761
66,farmyard,850,609,302,307,62,72,475,0,609,0,786,180,0,4820,5184,5236
66,outside,800,3,2,1,0,0,3,0,3,0,0,0,0,0,0,0
66,outside,801,4,2,2,1,0,3,0,4,0,1,0,0,4,3,3
66,outside,802,4,2,2,0,1,3,0,4,0,1,0,0,8,6,6
66,outside,803,5,2,3,1,0,4,0,5,0,2,0,0,12,10,10
66,outside,804,5,2,3,0,1,4,0,5,0,2,0,0,16,14,14
66,outside,805,7,3,4,2,0,5,0,7,0,4,0,0,20,19,19
66,outside,806,7,3,4,0,2,5,0,7,0,4,0,0,24,24,24
66,outside,807,8,3,5,1,0,7,0,8,0,5,0,0,28,31,31
66,outside,808,9,4,5,1,1,7,0,9,0,6,0,0,34,38,38
66,outside,809,11,5,6,2,1,8,0,11,0,8,0,0,40,46,46
66,outside,810,11,5,6,1,2,8,0,11,0,9,1,0,46,54,54
66,outside,811,12,5,7,1,1,10,0,12,0,10,1,0,52,64,64
66,outside,812,15,7,8,3,1,11,0,15,0,13,1,0,60,75,75
66,outside,813,16,7,9,1,3,12,0,16,0,14,1,0,70,87,87
66,outside,814,19,10,9,3,1,15,0,19,0,17,1,0,80,102,102
66,outside,815,21,11,10,3,3,15,0,21,0,20,2,0,94,117,117
66,outside,816,26,15,11,5,3,18,0,26,0,25,2,0,106,135,135
66,outside,817,29,17,12,3,5,21,0,29,0,28,2,0,124,156,156
66,outside,818,33,23,10,6,3,24,0,33,0,34,4,0,146,180,180
66,outside,819,38,25,13,5,6,27,0,38,0,39,4,0,176,207,207
66,outside,820,45,28,17,7,5,33,0,45,0,46,4,0,210,240,240
66,outside,821,51,31,20,9,6,36,0,51,0,55,7,0,256,276,276
66,outside,822,57,35,22,8,7,42,0,57,0,63,9,0,304,318,318
66,outside,823,60,36,24,5,8,47,0,60,0,68,11,0,356,365,365
66,outside,824,72,40,32,14,4,54,0,72,0,82,13,0,412,419,419
66,outside,825,72,40,32,4,12,56,0,72,0,86,17,0,480,475,475
66,outside,826,85,46,39,14,4,67,0,85,0,100,18,0,546,542,542
66,outside,827,93,49,44,10,14,69,0,93,0,110,20,0,616,611,611
66,outside,828,104,56,48,13,10,81,0,104,0,123,22,0,692,692,692
66,outside,829,114,62,52,13,13,88,0,114,0,136,25,0,780,780,780
66,outside,830,122,68,54,11,13,98,0,122,0,147,28,0,872,878,878
66,outside,831,132,74,58,15,11,106,0,132,0,162,33,0,976,984,984
66,outside,832,143,81,62,15,14,114,0,143,0,177,37,0,1092,1098,1098
66,outside,833,162,92,70,25,14,123,0,162,0,202,43,0,1222,1221,1221
66,outside,834,178,100,78,17,25,136,0,178,0,219,44,0,1362,1357,1357
66,outside,835,197,111,86,27,17,153,0,197,0,246,52,0,1514,1510,1510
66,outside,836,216,123,93,26,26,164,0,216,0,272,59,0,1690,1674,1674
66,outside,837,233,129,104,23,25,185,0,233,0,295,65,0,1876,1859,1859
66,outside,838,265,144,121,39,22,204,0,265,0,334,72,0,2086,2063,2063
66,outside,839,292,160,132,33,39,220,0,292,0,367,78,0,2318,2283,2283
66,outside,840,324,171,153,41,31,252,0,324,0,408,87,0,2560,2535,2535
66,outside,841,358,187,171,44,41,273,0,358,0,452,97,0,2830,2808,2808
66,outside,842,402,204,198,50,42,310,0,402,0,502,103,0,3124,3118,3118
66,outside,843,454,231,223,62,49,343,0,454,0,564,113,0,3448,3461,3461
66,outside,844,491,248,243,52,58,381,0,491,0,616,128,0,3802,3842,3842
66,outside,845,547,273,274,70,51,426,0,547,0,686,142,0,4182,4268,4268
66,outside,846,577,289,288,53,68,456,0,577,0,739,165,0,4614,4724,4724
66,outside,847,637,314,323,77,51,509,0,637,0,816,182,0,5076,5217,5233
66,outside,848,685,339,346,74,75,536,0,685,0,890,208,0,5580,5752,5769
66,outside,849,752,366,386,84,72,596,0,752,0,974,225,0,6106,6309,6365
66,outside,850,820,393,427,88,83,649,0,820,0,1062,245,0,6690,6924,7014
67,farmyard,800,3,2,1,0,0,3,3,0,0,0,0,0,0,0,0
67,farmyard,801,5,2,3,2,0,3,5,0,1,2,0,0,8,3,3
67,farmyard,802,5,2,3,0,2,3,5,0,1,2,0,0,16,6,6
67,farmyard,803,5,2,3,0,0,5,5,0,1,2,0,0,24,11,11
67,farmyard,804,6,2,4,1,0,5,6,0,1,3,0,0,32,16,16
67,farmyard,805,6,2,4,0,1,5,6,0,1,3,0,0,40,21,21
67,farmyard,806,5,2,3,0,0,5,5,0,1,3,1,0,48,26,26
67,farmyard,807,6,3,3,1,0,5,6,0,1,4,1,0,56,31,31
67,farmyard,808,7,3,4,1,1,5,7,0,1,5,1,0,64,36,36
67,farmyard,809,8,3,5,1,1,6,8,0,1,6,1,0,72,42,42
67,farmyard,810,7,3,4,0,0,7,7,0,1,6,2,0,84,49,49
67,farmyard,811,8,3,5,1,0,7,8,0,1,7,2,0,96,56,56
67,farmyard,812,7,3,4,0,0,7,7,0,1,7,3,0,108,63,63
67,farmyard,813,7,3,4,1,0,6,7,0,1,8,4,0,120,69,69
67,farmyard,814,7,3,4,0,1,6,7,0,1,8,4,0,132,75,75
67,farmyard,815,6,2,4,0,0,6,6,0,1,8,5,0,144,81,81
67,farmyard,816,5,1,4,0,0,5,5,0,1,8,6,0,152,86,86
67,farmyard,817,3,1,2,0,0,3,3,0,0,8,8,0,156,89,89
67,farmyard,818,3,1,2,0,0,3,3,0,0,8,8,0,160,92,92
67,farmyard,819,3,1,2,0,0,3,3,0,0,8,8,0,164,95,95
67,farmyard,820,3,1,2,0,0,3,3,0,0,8,8,0,168,98,98
67,farmyard,821,2,1,1,0,0,2,2,0,0,8,9,0,172,100,100
67,farmyard,822,2,1,1,0,0,2,2,0,0,8,9,0,176,102,102
67,farmyard,823,1,0,1,0,0,1,1,0,0,8,10,0,180,103,103
67,farmyard,824,1,0,1,0,0,1,0,1,0,8,10,0,180,104,104
67,farmyard,825,1,0,1,0,0,1,0,1,0,8,10,0,180,105,105
67,farmyard,826,1,0,1,0,0,1,0,1,0,8,10,0,180,106,106
67,farmyard,827,1,0,1,0,0,1,0,1,0,8,10,0,180,107,107
67,farmyard,828,1,0,1,0,0,1,0,1,0,8,10,0,180,108,108
67,farmyard,829,0,0,0,0,0,0,0,0,0,8,11,0,180,108,108
67,farmyard,830,0,0,0,0,0,0,0,0,0,8,11,0,180,108,108
67,farmyard,831,0,0,0,0,0,0,0,0,0,8,11,0,180,108,108
67,farmyard,832,0,0,0,0,0,0,0,0,0,8,11,0,180,108,108
67,farmyard,833,0,0,0,0,0,0,0,0,0,8,11,0,180,108,108
67,farmyard,834,0,0,0,0,0,0,0,0,0,8,11,0,180,108,108
67,farmyard,835,0,0,0,0,0,0,0,0,0,8,11,0,180,108,108
67,farmyard,836,0,0,0,0,0,0,0,0,0,8,11,0,180,108,108
67,farmyard,837,0,0,0,0,0,0,0,0,0,8,11,0,180,108,108
67,farmyard,838,0,0,0,0,0,0,0,0,0,8,11,0,180,108,108
67,farmyard,839,0,0,0,0,0,0,0,0,0,8,11,0,180,108,108
67,farmyard,840,0,0,0,0,0,0,0,0,0,8,11,0,180,108,108
67,farmyard,841,0,0,0,0,0,0,0,0,0,8,11,0,180,108,108
67,farmyard,842,0,0,0,0,0,0,0,0,0,8,11,0,180,108,108
67,farmyard,843,0,0,0,0,0,0,0,0,0,8,11,0,180,108,108
67,farmyard,844,0,0,0,0,0,0,0,0,0,8,11,0,180,108,108
67,farmyard,845,0,0,0,0,0,0,0,0,0,8,11,0,180,108,108
67,farmyard,846,0,0,0,0,0,0,0,0,0,8,11,0,180,108,108
67,farmyard,847,0,0,0,0,0,0,0,0,0,8,11,0,180,108,108
67,farmyard,848,0,0,0,0,0,0,0,0,0,8,11,0,180,108,108
67,farmyard,849,0,0,0,0,0,0,0,0,0,8,11,0,180,108,108
67,farmyard,850,0,0,0,0,0,0,0,0,0,8,11,0,180,108,108
67,outside,800,3,2,1,0,0,3,0,3,0,0,0,0,0,0,0
67,outside,801,5,2,3,2,0,3,0,5,0,2,0,0,4,3,3
67,outside,802,5,2,3,0,2,3,0,5,0,2,0,0,8,6,6
67,outside,803,5,2,3,0,0,5,0,5,0,2,0,0,12,11,11
67,outside,804,6,2,4,1,0,5,0,6,0,3,0,0,16,16,16
67,outside,805,6,2,4,0,1,5,0,6,0,3,0,0,20,21,21
67,outside,806,6,2,4,0,0,6,0,6,0,3,0,0,24,27,27
67,outside,807,8,2,6,2,0,6,0,8,0,5,0,0,28,33,33
67,outside,808,8,2,6,0,2,6,0,8,0,5,0,0,32,39,39
67,outside,809,10,2,8,2,0,8,0,10,0,7,0,0,36,47,47
67,outside,810,10,2,8,0,2,8,0,10,0,7,0,0,40,55,55
67,outside,811,10,2,8,0,0,10,0,10,0,7,0,0,44,65,65
67,outside,812,10,2,8,0,0,10,0,10,0,7,0,0,48,75,75
67,outside,813,10,2,8,0,0,10,0,10,0,7,0,0,52,85,85
67,outside,814,10,2,8,0,0,10,0,10,0,7,0,0,56,95,95
67,outside,815,9,1,8,0,0,9,0,9,0,7,1,0,60,104,104
67,outside,816,6,0,6,0,0,6,0,6,0,7,4,0,62,110,110
67,outside,817,6,0,6,0,0,6,0,6,0,7,4,0,62,116,116
67,outside,818,6,0,6,0,0,6,0,6,0,7,4,0,62,122,122
67,outside,819,6,0,6,0,0,6,0,6,0,7,4,0,62,128,128
67,outside,820,6,0,6,0,0,6,0,6,0,7,4,0,62,134,134
67,outside,821,6,0,6,0,0,6,0,6,0,7,4,0,62,140,140
67,outside,822,5,0,5,0,0,5,0,5,0,7,5,0,62,145,145
67,outside,823,5,0,5,0,0,5,0,5,0,7,5,0,62,150,150
67,outside,824,5,0,5,0,0,5,0,5,0,7,5,0,62,155,155
67,outside,825,5,0,5,0,0,5,0,5,0,7,5,0,62,160,160
67,outside,826,3,0,3,0,0,3,0,3,0,7,7,0,62,163,163
67,outside,827,1,0,1,0,0,1,0,1,0,7,9,0,62,164,164
67,outside,828,1,0,1,0,0,1,0,1,0,7,9,0,62,165,165
67,outside,829,1,0,1,0,0,1,0,1,0,7,9,0,62,166,166
67,outside,830,1,0,1,0,0,1,0,1,0,7,9,0,62,167,167
67,outside,831,1,0,1,0,0,1,0,1,0,7,9,0,62,168,168
67,outside,832,1,0,1,0,0,1,0,1,0,7,9,0,62,169,169
67,outside,833,0,0,0,0,0,0,0,0,0,7,10,0,62,169,169
67,outside,834,0,0,0,0,0,0,0,0,0,7,10,0,62,169,169
67,outside,835,0,0,0,0,0,0,0,0,0,7,10,0,62,169,169
67,outside,836,0,0,0,0,0,0,0,0,0,7,10,0,62,169,169
67,outside,837,0,0,0,0,0,0,0,0,0,7,10,0,62,169,169
67,outside,838,0,0,0,0,0,0,0,0,0,7,10,0,62,169,169
67,outside,839,0,0,0,0,0,0,0,0,0,7,10,0,62,169,169
67,outside,840,0,0,0,0,0,0,0,0,0,7,10,0,62,169,169
67,outside,841,0,0,0,0,0,0,0,0,0,7,10,0,62,169,169
67,outside,842,0,0,0,0,0,0,0,0,0,7,10,0,62,169,169
67,outside,843,0,0,0,0,0,0,0,0,0,7,10,0,62,169,169
67,outside,844,0,0,0,0,0,0,0,0,0,7,10,0,62,169,169
67,outside,845,0,0,0,0,0,0,0,0,0,7,10,0,62,169,169
67,outside,846,0,0,0,0,0,0,0,0,0,7,10,0,62,169,169
67,outside,847,0,0,0,0,0,0,0,0,0,7,10,0,62,169,169
67,outside,848,0,0,0,0,0,0,0,0,0,7,10,0,62,169,169
67,outside,849,0,0,0,0,0,0,0,0,0,7,10,0,62,169,169
67,outside,850,0,0,0,0,0,0,0,0,0,7,10,0,62,169,169
68,farmyard,800,3,2,1,0,0,3,3,0,0,0,0,0,0,0,0
68,farmyard,801,3,2,1,0,0,3,3,0,0,0,0,0,8,3,3
68,farmyard,802,4,2,2,1,0,3,4,0,0,1,0,0,16,6,6
68,farmyard,803,4,2,2,0,1,3,4,0,0,1,0,0,24,9,9
68,farmyard,804,6,2,4,2,0,4,6,0,1,3,0,0,32,13,13
68,farmyard,805,6,2,4,0,2,4,6,0,1,3,0,0,40,17,17
68,farmyard,806,6,1,5,1,0,5,6,0,1,4,1,0,48,22,22
68,farmyard,807,5,1,4,0,1,4,5,0,1,4,2,0,52,26,26
68,farmyard,808,6,1,5,1,0,5,6,0,1,5,2,0,56,31,31
68,farmyard,809,5,1,4,0,1,4,5,0,1,5,3,0,60,35,35
68,farmyard,810,5,1,4,0,0,5,5,0,1,5,3,0,64,40,40
68,farmyard,811,5,1,4,0,0,5,5,0,1,5,3,0,68,45,45
68,farmyard,812,5,1,4,0,0,5,5,0,1,5,3,0,72,50,50
68,farmyard,813,5,1,4,0,0,5,5,0,1,5,3,0,76,55,55
68,farmyard,814,5,1,4,0,0,5,5,0,1,5,3,0,80,60,60
68,farmyard,815,4,0,4,0,0,4,4,0,0,5,4,0,84,64,64
68,farmyard,816,4,0,4,0,0,4,4,0,0,5,4,0,84,68,68
68,farmyard,817,4,0,4,0,0,4,4,0,0,5,4,0,84,72,72
68,farmyard,818,4,0,4,0,0,4,4,0,0,5,4,0,84,76,76
68,farmyard,819,2,0,2,0,0,2,2,0,0,5,6,0,84,78,78
68,farmyard,820,2,0,2,0,0,2,2,0,0,5,6,0,84,80,80
68,farmyard,821,1,0,1,0,0,1,1,0,0,5,7,0,84,81,81
68,farmyard,822,1,0,1,0,0,1,1,0,0,5,7,0,84,82,82
68,farmyard,823,1,0,1,0,0,1,1,0,0,5,7,0,84,83,83
68,farmyard,824,1,0,1,0,0,1,1,0,0,5,7,0,84,84,84
68,farmyard,825,1,0,1,0,0,1,1,0,0,5,7,0,84,85,85
68,farmyard,826,1,0,1,0,0,1,1,0,0,5,7,0,84,86,86
68,farmyard,827,1,0,1,0,0,1,1,0,0,5,7,0,84,87,87
68,farmyard,828,0,0,0,0,0,0,0,0,0,5,8,0,84,87,87
68,farmyard,829,0,0,0,0,0,0,0,0,0,5,8,0,84,87,87
68,farmyard,830,0,0,0,0,0,0,0,0,0,5,8,0,84,87,87
68,farmyard,831,0,0,0,0,0,0,0,0,0,5,8,0,84,87,87
68,farmyard,832,0,0,0,0,0,0,0,0,0,5,8,0,84,87,87
68,farmyard,833,0,0,0,0,0,0,0,0,0,5,8,0,84,87,87
68,farmyard,834,0,0,0,0,0,0,0,0,0,5,8,0,84,87,87
68,farmyard,835,0,0,0,0,0,0,0,0,0,5,8,0,84,87,87
68,farmyard,836,0,0,0,0,0,0,0,0,0,5,8,0,84,87,87
68,farmyard,837,0,0,0,0,0,0,0,0,0,5,8,0,84,87,87
68,farmyard,838,0,0,0,0,0,0,0,0,0,5,8,0,84,87,87
68,farmyard,839,0,0,0,0,0,0,0,0,0,5,8,0,84,87,87
68,farmyard,840,0,0,0,0,0,0,0,0,0,5,8,0,84,87,87
68,farmyard,841,0,0,0,0,0,0,0,0,0,5,8,0,84,87,87
68,farmyard,842,0,0,0,0,0,0,0,0,0,5,8,0,84,87,87
68,farmyard,843,0,0,0,0,0,0,0,0,0,5,8,0,84,87,87
68,farmyard,844,0,0,0,0,0,0,0,0,0,5,8,0,84,87,87
68,farmyard,845,0,0,0,0,0,0,0,0,0,5,8,0,84,87,87
68,farmyard,846,0,0,0,0,0,0,0,0,0,5,8,0,84,87,87
68,farmyard,847,0,0,0,0,0,0,0,0,0,5,8,0,84,87,87
68,farmyard,848,0,0,0,0,0,0,0,0,0,5,8,0,84,87,87
68,farmyard,849,0,0,0,0,0,0,0,0,0,5,8,0,84,87,87
68,farmyard,850,0,0,0,0,0,0,0,0,0,5,8,0,84,87,87
68,outside,800,3,2,1,0,0,3,0,3,0,0,0,0,0,0,0
68,outside,801,3,2,1,0,0,3,0,3,0,0,0,0,4,3,3
68,outside,802,4,2,2,1,0,3,0,4,0,1,0,0,8,6,6
68,outside,803,4,2,2,0,1,3,0,4,0,1,0,0,12,9,9
68,outside,804,6,2,4,2,0,4,0,6,0,3,0,0,16,13,13
68,outside,805,6,2,4,0,2,4,0,6,0,3,0,0,20,17,17
68,outside,806,7,2,5,1,0,6,0,7,0,4,0,0,24,23,23
68,outside,807,7,2,5,0,1,6,0,7,0,4,0,0,28,29,29
68,outside,808,7,2,5,0,0,7,0,7,0,4,0,0,32,36,36
68,outside,809,8,3,5,1,0,7,0,8,0,5,0,0,36,43,43
68,outside,810,8,3,5,0,1,7,0,8,0,5,0,0,40,50,50
68,outside,811,9,3,6,1,0,8,0,9,0,6,0,0,44,58,58
68,outside,812,8,2,6,0,1,7,0,8,0,6,1,0,50,65,65
68,outside,813,8,3,5,1,0,7,0,8,0,7,2,0,54,72,72
68,outside,814,7,2,5,0,1,6,0,7,0,7,3,0,58,78,78
68,outside,815,7,2,5,0,0,7,0,7,0,7,3,0,60,85,85
68,outside,816,9,2,7,2,0,7,0,9,0,9,3,0,64,92,92
68,outside,817,9,2,7,0,2,7,0,9,0,9,3,0,68,99,99
68,outside,818,10,3,7,2,0,8,0,10,0,11,4,0,72,107,107
68,outside,819,9,3,6,0,2,7,0,9,0,11,5,0,76,114,114
68,outside,820,10,4,6,1,0,9,0,10,0,12,5,0,80,123,123
68,outside,821,11,5,6,1,1,9,0,11,0,13,5,0,86,132,132
68,outside,822,12,5,7,2,1,9,0,12,0,15,6,0,92,141,141
68,outside,823,11,5,6,0,2,9,0,11,0,15,7,0,98,150,150
68,outside,824,13,6,7,2,0,11,0,13,0,17,7,0,106,161,161
68,outside,825,12,5,7,0,2,10,0,12,0,17,8,0,116,171,171
68,outside,826,15,6,9,3,0,12,0,15,0,20,8,0,124,183,183
68,outside,827,16,6,10,1,3,12,0,16,0,21,8,0,134,195,195
68,outside,828,18,7,11,2,1,15,0,18,0,23,8,0,144,210,210
68,outside,829,21,10,11,4,2,15,0,21,0,27,9,0,156,225,225
68,outside,830,22,11,11,1,4,17,0,22,0,28,9,0,168,242,242
68,outside,831,24,12,12,3,1,20,0,24,0,31,10,0,182,262,262
68,outside,832,22,11,11,2,3,17,0,22,0,33,14,0,202,279,279
68,outside,833,26,14,12,5,2,19,0,26,0,38,15,0,220,298,298
68,outside,834,27,15,12,2,5,20,0,27,0,40,16,0,240,318,318
68,outside,835,28,16,12,3,1,24,0,28,0,43,18,0,260,342,342
68,outside,836,32,17,15,4,3,25,0,32,0,47,18,0,286,367,367
68,outside,837,34,20,14,4,3,27,0,34,0,51,20,0,314,394,394
68,outside,838,40,21,19,7,4,29,0,40,0,58,21,0,346,423,423
68,outside,839,44,23,21,4,7,33,0,44,0,62,21,0,378,456,456
68,outside,840,52,27,25,9,4,39,0,52,0,71,22,0,416,495,495
68,outside,841,57,30,27,5,9,43,0,57,0,76,22,0,456,538,538
68,outside,842,64,35,29,8,5,51,0,64,0,84,23,0,500,589,589
68,outside,843,66,36,30,5,8,53,0,66,0,89,26,0,552,642,642
68,outside,844,74,39,35,9,5,60,0,74,0,98,27,0,608,702,702
68,outside,845,85,48,37,13,9,63,0,85,0,111,29,0,676,765,765
68,outside,846,91,50,41,10,13,68,0,91,0,121,33,0,748,833,833
68,outside,847,103,56,47,17,9,77,0,103,0,138,38,0,822,910,910
68,outside,848,112,56,56,11,17,84,0,112,0,149,40,0,910,994,994
68,outside,849,129,69,60,21,11,97,0,129,0,170,44,0,1002,1091,1091
68,outside,850,135,71,64,9,20,106,0,135,0,179,47,0,1106,1197,1197
69,farmyard,800,3,2,1,0,0,3,3,0,0,0,0,0,0,0,0
69,farmyard,801,4,3,1,1,0,3,4,0,0,1,0,0,8,3,3
69,farmyard,802,5,4,1,1,1,3,5,0,1,2,0,0,16,6,6
69,farmyard,803,4,4,0,0,1,3,4,0,0,2,1,0,24,9,9
69,farmyard,804,4,4,0,0,0,4,4,0,0,2,1,0,36,13,13
69,farmyard,805,4,4,0,0,0,4,4,0,0,2,1,0,52,17,17
69,farmyard,806,3,3,0,0,0,3,3,0,0,2,2,0,68,20,20
69,farmyard,807,3,3,0,0,0,3,3,0,0,2,2,0,80,23,23
69,farmyard,808,3,3,0,0,0,3,3,0,0,2,2,0,92,26,26
69,farmyard,809,3,3,0,0,0,3,3,0,0,2,2,0,104,29,29
69,farmyard,810,3,3,0,0,0,3,3,0,0,2,2,0,116,32,32
69,farmyard,811,2,2,0,0,0,2,2,0,0,2,3,0,128,34,34
69,farmyard,812,2,2,0,0,0,2,2,0,0,2,3,0,136,36,36
69,farmyard,813,2,2,0,0,0,2,2,0,0,2,3,0,144,38,38
69,farmyard,814,2,2,0,0,0,2,2,0,0,2,3,0,152,40,40
69,farmyard,815,2,2,0,0,0,2,2,0,0,2,3,0,160,42,42
69,farmyard,816,1,1,0,0,0,1,1,0,0,2,4,0,168,43,43
69,farmyard,817,1,1,0,0,0,1,1,0,0,2,4,0,172,44,44
69,farmyard,818,1,1,0,0,0,1,1,0,0,2,4,0,176,45,45
69,farmyard,819,1,1,0,0,0,1,1,0,0,2,4,0,180,46,46
69,farmyard,820,1,1,0,0,0,1,1,0,0,2,4,0,184,47,47
69,farmyard,821,1,1,0,0,0,1,1,0,0,2,4,0,188,48,48
69,farmyard,822,1,1,0,0,0,1,1,0,0,2,4,0,192,49,49
69,farmyard,823,1,1,0,0,0,1,1,0,0,2,4,0,196,50,50
69,farmyard,824,1,1,0,0,0,1,1,0,0,2,4,0,200,51,51
69,farmyard,825,1,1,0,0,0,1,1,0,0,2,4,0,204,52,52
69,farmyard,826,1,1,0,0,0,1,1,0,0,2,4,0,208,53,53
69,farmyard,827,0,0,0,0,0,0,0,0,0,2,5,0,212,53,53
69,farmyard,828,0,0,0,0,0,0,0,0,0,2,5,0,212,53,53
69,farmyard,829,0,0,0,0,0,0,0,0,0,2,5,0,212,53,53
69,farmyard,830,0,0,0,0,0,0,0,0,0,2,5,0,212,53,53
69,farmyard,831,0,0,0,0,0,0,0,0,0,2,5,0,212,53,53
69,farmyard,832,0,0,0,0,0,0,0,0,0,2,5,0,212,53,53
69,farmyard,833,0,0,0,0,0,0,0,0,0,2,5,0,212,53,53
69,farmyard,834,0,0,0,0,0,0,0,0,0,2,5,0,212,53,53
69,farmyard,835,0,0,0,0,0,0,0,0,0,2,5,0,212,53,53
69,farmyard,836,0,0,0,0,0,0,0,0,0,2,5,0,212,53,53
69,farmyard,837,0,0,0,0,0,0,0,0,0,2,5,0,212,53,53
69,farmyard,838,0,0,0,0,0,0,0,0,0,2,5,0,212,53,53
69,farmyard,839,0,0,0,0,0,0,0,0,0,2,5,0,212,53,53
69,farmyard,840,0,0,0,0,0,0,0,0,0,2,5,0,212,53,53
69,farmyard,841,0,0,0,0,0,0,0,0,0,2,5,0,212,53,53
69,farmyard,842,0,0,0,0,0,0,0,0,0,2,5,0,212,53,53
69,farmyard,843,0,0,0,0,0,0,0,0,0,2,5,0,212,53,53
69,farmyard,844,0,0,0,0,0,0,0,0,0,2,5,0,212,53,53
69,farmyard,845,0,0,0,0,0,0,0,0,0,2,5,0,212,53,53
69,farmyard,846,0,0,0,0,0,0,0,0,0,2,5,0,212,53,53
69,farmyard,847,0,0,0,0,0,0,0,0,0,2,5,0,212,53,53
69,farmyard,848,0,0,0,0,0,0,0,0,0,2,5,0,212,53,53
69,farmyard,849,0,0,0,0,0,0,0,0,0,2,5,0,212,53,53
69,farmyard,850,0,0,0,0,0,0,0,0,0,2,5,0,212,53,53
69,outside,800,3,2,1,0,0,3,0,3,0,0,0,0,0,0,0
69,outside,801,4,3,1,1,0,3,0,4,0,1,0,0,4,3,3
69,outside,802,5,4,1,1,1,3,0,5,0,2,0,0,8,6,6
69,outside,803,7,4,3,2,1,4,0,7,0,4,0,0,12,10,10
69,outside,804,8,4,4,1,2,5,0,8,0,5,0,0,18,15,15
69,outside,805,9,5,4,1,1,7,0,9,0,6,0,0,26,22,22
69,outside,806,12,6,6,3,1,8,0,12,0,9,0,0,34,30,30
69,outside,807,12,6,6,0,3,9,0,12,0,9,0,0,42,39,39
69,outside,808,14,6,8,2,0,12,0,14,0,11,0,0,52,51,51
69,outside,809,16,8,8,2,2,12,0,16,0,13,0,0,64,63,63
69,outside,810,17,8,9,1,2,14,0,17,0,14,0,0,76,77,77
69,outside,811,20,8,12,3,1,16,0,20,0,17,0,0,88,93,93
69,outside,812,21,8,13,2,3,16,0,21,0,19,1,0,104,109,109
69,outside,813,21,7,14,1,2,18,0,21,0,20,2,0,120,127,127
69,outside,814,24,8,16,3,1,20,0,24,0,23,2,0,134,147,147
69,outside,815,25,8,17,1,3,21,0,25,0,24,2,0,148,168,168
69,outside,816,25,8,17,1,1,23,0,25,0,25,3,0,162,191,191
69,outside,817,27,9,18,2,1,24,0,27,0,27,3,0,176,215,215
69,outside,818,27,8,19,1,2,24,0,27,0,28,4,0,190,239,239
69,outside,819,28,9,19,1,1,26,0,28,0,29,4,0,204,265,265
69,outside,820,30,10,20,2,1,27,0,30,0,31,4,0,220,292,292
69,outside,821,32,11,21,2,2,28,0,32,0,33,4,0,236,320,320
69,outside,822,36,13,23,4,2,30,0,36,0,37,4,0,254,350,350
69,outside,823,34,12,22,0,4,30,0,34,0,37,6,0,274,380,380
69,outside,824,36,14,22,2,0,34,0,36,0,39,6,0,294,414,414
69,outside,825,33,13,20,1,2,30,0,33,0,40,10,0,318,444,444
69,outside,826,37,17,20,5,1,31,0,37,0,45,11,0,340,475,475
69,outside,827,35,16,19,2,5,28,0,35,0,47,15,0,366,503,503
69,outside,828,38,17,21,5,2,31,0,38,0,52,17,0,386,534,534
69,outside,829,39,19,20,5,5,29,0,39,0,57,21,0,412,563,563
69,outside,830,44,22,22,7,5,32,0,44,0,64,23,0,440,595,595
69,outside,831,49,24,25,6,7,36,0,49,0,70,24,0,472,631,631
69,outside,832,53,27,26,5,6,42,0,53,0,75,25,0,510,673,673
69,outside,833,59,32,27,6,5,48,0,59,0,81,25,0,554,721,721
69,outside,834,64,32,32,8,6,50,0,64,0,89,28,0,602,771,771
69,outside,835,72,39,33,10,8,54,0,72,0,99,30,0,652,825,825
69,outside,836,79,40,39,9,10,60,0,79,0,108,32,0,712,885,885
69,outside,837,85,41,44,9,8,68,0,85,0,117,35,0,772,953,953
69,outside,838,96,47,49,12,9,75,0,96,0,129,36,0,844,1028,1028
69,outside,839,108,55,53,13,12,83,0,108,0,142,37,0,922,1111,1111
69,outside,840,119,61,58,11,13,95,0,119,0,153,37,0,1002,1206,1206
69,outside,841,136,72,64,20,11,105,0,136,0,173,40,0,1094,1311,1311
69,outside,842,147,81,66,14,19,114,0,147,0,187,43,0,1202,1425,1425
69,outside,843,166,90,76,24,14,128,0,166,0,211,48,0,1322,1553,1553
69,outside,844,179,99,80,19,24,136,0,179,0,230,54,0,1462,1689,1689
69,outside,845,199,111,88,29,19,151,0,199,0,259,63,0,1618,1840,1840
69,outside,846,216,122,94,27,28,161,0,216,0,286,73,0,1786,2001,2001
69,outside,847,245,134,111,31,27,187,0,245,0,317,75,0,1964,2188,2188
69,outside,848,284,152,132,46,30,208,0,284,0,363,82,0,2172,2396,2396
69,outside,849,305,172,133,30,45,230,0,305,0,393,91,0,2406,2626,2626
69,outside,850,339,187,152,44,30,265,0,339,0,437,101,0,2658,2891,2891
70,farmyard,800,3,2,1,0,0,3,3,0,0,0,0,0,0,0,0
70,farmyard,801,4,3,1,1,0,3,4,0,0,1,0,0,8,3,3
70,farmyard,802,5,4,1,1,1,3,5,0,1,2,0,0,16,6,6
70,farmyard,803,6,5,1,1,1,4,6,0,1,3,0,0,24,10,10
70,farmyard,804,6,5,1,0,1,5,6,0,1,3,0,0,36,15,15
70,farmyard,805,9,6,3,3,0,6,9,0,1,6,0,0,52,21,21
70,farmyard,806,9,5,4,2,2,5,9,0,1,8,2,0,72,26,26
70,farmyard,807,9,6,3,2,0,7,9,0,1,10,4,0,88,33,33
70,farmyard,808,9,6,3,1,2,6,9,0,1,11,5,0,108,39,39
70,farmyard,809,11,6,5,2,1,8,11,0,1,13,5,0,124,47,47
70,farmyard,810,10,5,5,1,1,8,10,0,1,14,7,0,144,55,55
70,farmyard,811,10,5,5,2,1,7,10,0,1,16,9,0,164,62,62
70,farmyard,812,10,4,6,1,2,7,10,0,1,17,10,0,180,69,69
70,farmyard,813,9,3,6,0,1,8,9,0,1,17,11,0,192,77,77
70,farmyard,814,9,4,5,1,0,8,9,0,1,18,12,0,204,85,85
70,farmyard,815,10,4,6,2,1,7,10,0,1,20,13,0,216,92,92
70,farmyard,816,11,5,6,2,2,7,11,0,1,22,14,0,228,99,99
70,farmyard,817,13,5,8,2,2,9,13,0,1,24,14,0,244,108,108
70,farmyard,818,10,2,8,1,1,8,10,0,1,25,18,0,260,116,116
70,farmyard,819,9,2,7,1,0,8,9,0,1,26,20,0,268,124,124
70,farmyard,820,8,2,6,0,1,7,8,0,1,26,21,0,272,131,131
70,farmyard,821,7,2,5,0,0,7,7,0,1,26,22,0,276,138,138
70,farmyard,822,7,1,6,1,0,6,7,0,1,27,23,0,284,144,144
70,farmyard,823,7,1,6,0,1,6,7,0,1,27,23,0,288,150,150
70,farmyard,824,7,1,6,0,0,7,7,0,1,27,23,0,292,157,157
70,farmyard,825,5,1,4,0,0,5,5,0,1,27,25,0,296,162,162
70,farmyard,826,6,1,5,1,0,5,6,0,1,28,25,0,300,167,167
70,farmyard,827,6,1,5,0,1,5,6,0,1,28,25,0,304,172,172
70,farmyard,828,5,2,3,1,0,4,5,0,1,29,27,0,308,176,176
70,farmyard,829,5,2,3,0,1,4,5,0,1,29,27,0,312,180,180
70,farmyard,830,7,4,3,2,0,5,7,0,1,31,27,0,316,185,185
70,farmyard,831,7,4,3,0,2,5,7,0,1,31,27,0,324,190,190
70,farmyard,832,8,5,3,1,0,7,8,0,1,32,27,0,332,197,197
70,farmyard,833,7,5,2,1,1,5,7,0,1,33,29,0,348,202,202
70,farmyard,834,8,5,3,1,1,6,8,0,1,34,29,0,364,208,208
70,farmyard,835,10,6,4,3,1,6,10,0,1,37,30,0,384,214,214
70,farmyard,836,7,4,3,0,1,6,7,0,1,37,33,0,404,220,220
70,farmyard,837,9,4,5,2,0,7,9,0,1,39,33,0,420,227,227
70,farmyard,838,6,3,3,0,1,5,6,0,1,39,36,0,436,232,232
70,farmyard,839,7,3,4,1,0,6,7,0,1,40,36,0,448,238,238
70,farmyard,840,7,2,5,1,1,5,7,0,1,41,37,0,460,243,243
70,farmyard,841,7,2,5,0,1,6,7,0,1,41,37,0,468,249,249
70,farmyard,842,7,1,6,1,0,6,7,0,1,42,38,0,476,255,255
70,farmyard,843,5,1,4,0,1,4,5,0,1,42,40,0,480,259,259
70,farmyard,844,5,1,4,0,0,5,5,0,1,42,40,0,484,264,264
70,farmyard,845,5,1,4,0,0,5,5,0,1,42,40,0,488,269,269
70,farmyard,846,5,1,4,0,0,5,5,0,1,42,40,0,492,274,274
70,farmyard,847,5,1,4,0,0,5,5,0,1,42,40,0,496,279,279
70,farmyard,848,4,0,4,0,0,4,4,0,0,42,41,0,500,283,283
70,farmyard,849,4,0,4,0,0,4,0,4,0,42,41,0,500,287,287
70,farmyard,850,4,0,4,0,0,4,0,4,0,42,41,0,500,291,291
70,outside,800,3,2,1,0,0,3,0,3,0,0,0,0,0,0,0
70,outside,801,4,3,1,1,0,3,0,4,0,1,0,0,4,3,3
70,outside,802,5,4,1,1,1,3,0,5,0,2,0,0,8,6,6
70,outside,803,6,5,1,1,1,4,0,6,0,3,0,0,12,10,10
70,outside,804,6,5,1,0,1,5,0,6,0,3,0,0,18,15,15
70,outside,805,8,7,1,2,0,6,0,8,0,5,0,0,26,21,21
70,outside,806,10,8,2,2,2,6,0,10,0,7,0,0,36,27,27
70,outside,807,14,10,4,4,2,8,0,14,0,11,0,0,46,35,35
70,outside,808,16,12,4,2,4,10,0,16,0,13,0,0,60,45,45
70,outside,809,17,12,5,1,2,14,0,17,0,14,0,0,76,59,59
70,outside,810,19,13,6,2,1,16,0,19,0,16,0,0,96,75,75
70,outside,811,24,16,8,5,2,17,0,24,0,21,0,0,120,92,92
70,outside,812,29,18,11,5,5,19,0,29,0,26,0,0,144,111,111
70,outside,813,30,19,11,2,5,23,0,30,0,28,1,0,170,134,134
70,outside,814,38,24,14,9,2,27,0,38,0,37,2,0,202,161,161
70,outside,815,40,25,15,3,8,29,0,40,0,40,3,0,236,190,190
70,outside,816,46,30,16,7,3,36,0,46,0,47,4,0,272,226,226
70,outside,817,52,35,17,6,7,39,0,52,0,53,4,0,318,265,265
70,outside,818,60,40,20,12,6,42,0,60,0,65,8,0,366,307,307
70,outside,819,67,40,27,8,12,47,0,67,0,73,9,0,424,354,354
70,outside,820,81,49,32,16,8,57,0,81,0,89,11,0,490,411,411
70,outside,821,87,51,36,8,15,64,0,87,0,97,13,0,566,475,475
70,outside,822,96,50,46,16,8,72,0,96,0,113,20,0,642,547,547
70,outside,823,105,54,51,12,15,78,0,105,0,125,23,0,728,625,625
70,outside,824,112,57,55,9,11,92,0,112,0,134,25,0,820,717,717
70,outside,825,125,66,59,15,8,102,0,125,0,149,27,0,916,819,819
70,outside,826,137,69,68,15,15,107,0,137,0,164,30,0,1020,926,926
70,outside,827,153,77,76,18,15,120,0,153,0,182,32,0,1126,1046,1046
70,outside,828,173,92,81,21,18,134,0,173,0,203,33,0,1250,1180,1180
70,outside,829,190,100,90,19,20,151,0,190,0,222,35,0,1384,1331,1331
70,outside,830,211,110,101,27,18,166,0,211,0,249,41,0,1536,1497,1497
70,outside,831,231,123,108,25,26,180,0,231,0,274,46,0,1714,1677,1677
70,outside,832,248,131,117,23,25,200,0,248,0,297,52,0,1906,1877,1877
70,outside,833,272,142,130,28,23,221,0,272,0,325,56,0,2118,2098,2098
70,outside,834,297,158,139,35,27,235,0,297,0,360,66,0,2352,2333,2333
70,outside,835,324,165,159,37,35,252,0,324,0,397,76,0,2598,2585,2585
70,outside,836,352,176,176,39,37,276,0,352,0,436,87,0,2862,2861,2861
70,outside,837,376,187,189,37,35,304,0,376,0,473,100,0,3154,3165,3165
70,outside,838,412,198,214,53,35,324,0,412,0,526,117,0,3458,3489,3489
70,outside,839,442,216,226,46,52,344,0,442,0,572,133,0,3780,3833,3833
70,outside,840,483,236,247,56,46,381,0,483,0,628,148,0,4122,4214,4214
70,outside,841,531,257,274,61,55,415,0,531,0,689,161,0,4492,4629,4629
70,outside,842,584,278,306,69,59,456,0,584,0,758,177,0,4902,5085,5085
70,outside,843,640,306,334,73,69,498,0,640,0,831,194,0,5348,5583,5583
70,outside,844,689,331,358,70,72,547,0,689,0,901,215,0,5826,6130,6130
70,outside,845,735,357,378,72,68,595,0,735,0,973,241,0,6342,6725,6725
70,outside,846,808,383,425,93,72,643,0,808,0,1066,261,0,6912,7368,7368
70,outside,847,864,416,448,87,91,686,0,864,0,1153,292,0,7522,8054,8054
70,outside,848,946,469,477,102,85,759,0,946,0,1255,312,0,8180,8813,8813
70,outside,849,1040,511,529,121,99,820,0,1040,0,1376,339,0,8906,9633,9633
70,outside,850,1115,554,561,116,118,881,0,1115,0,1492,380,0,9700,10514,10514
71,farmyard,800,3,2,1,0,0,3,3,0,0,0,0,0,0,0,0
71,farmyard,801,4,3,1,1,0,3,4,0,0,1,0,0,8,3,3
71,farmyard,802,4,3,1,0,1,3,4,0,0,1,0,0,16,6,6
71,farmyard,803,7,5,2,3,0,4,7,0,1,4,0,0,24,10,10
71,farmyard,804,7,5,2,0,3,4,7,0,1,4,0,0,36,14,14
71,farmyard,805,7,5,2,1,0,6,7,0,1,5,1,0,48,20,20
71,farmyard,806,8,6,2,1,1,6,8,0,1,6,1,0,64,26,26
71,farmyard,807,8,6,2,2,1,5,8,0,1,8,3,0,80,31,31
71,farmyard,808,7,5,2,0,1,6,7,0,1,8,4,0,96,37,37
71,farmyard,809,8,5,3,2,0,6,8,0,1,10,5,0,116,43,43
71,farmyard,810,7,5,2,0,2,5,7,0,1,10,6,0,132,48,48
71,farmyard,811,9,5,4,2,0,7,9,0,1,12,6,0,148,55,55
71,farmyard,812,11,6,5,2,2,7,11,0,1,14,6,0,168,62,62
71,farmyard,813,11,7,4,1,1,9,11,0,1,15,7,0,188,71,71
71,farmyard,814,10,6,4,0,1,9,10,0,1,15,8,0,208,80,80
71,farmyard,815,12,6,6,3,0,9,12,0,1,18,9,0,228,89,89
71,farmyard,816,10,4,6,1,1,8,10,0,1,19,12,0,248,97,97
71,farmyard,817,9,4,5,0,1,8,9,0,1,19,13,0,264,105,105
71,farmyard,818,7,3,4,0,0,7,7,0,1,19,15,0,280,112,112
71,farmyard,819,9,3,6,2,0,7,9,0,1,21,15,0,292,119,119
71,farmyard,820,10,3,7,1,2,7,10,0,1,22,15,0,304,126,126
71,farmyard,821,11,5,6,2,1,8,11,0,1,24,16,0,316,134,134
71,farmyard,822,12,6,6,1,2,9,12,0,1,25,16,0,328,143,143
71,farmyard,823,14,8,6,2,1,11,14,0,1,27,16,0,340,154,154
71,farmyard,824,10,5,5,1,1,8,10,0,1,28,21,0,360,162,162
71,farmyard,825,10,6,4,2,1,7,10,0,1,30,23,0,376,169,169
71,farmyard,826,10,5,5,1,2,7,10,0,1,31,24,0,392,176,176
71,farmyard,827,11,7,4,2,1,8,11,0,1,33,25,0,404,184,184
71,farmyard,828,12,6,6,2,2,8,12,0,1,35,26,0,424,192,192
71,farmyard,829,12,4,8,2,2,8,12,0,1,37,28,0,440,200,200
71,farmyard,830,12,3,9,1,2,9,12,0,1,38,29,0,456,209,209
71,farmyard,831,11,2,9,0,1,10,11,0,1,38,30,0,468,219,219
71,farmyard,832,11,2,9,0,0,11,11,0,1,38,30,0,476,230,230
71,farmyard,833,9,2,7,0,0,9,9,0,1,38,32,0,484,239,239
71,farmyard,834,9,2,7,1,0,8,9,0,1,39,33,0,492,247,247
71,farmyard,835,8,1,7,0,1,7,8,0,1,39,34,0,500,254,254
71,farmyard,836,8,1,7,0,0,8,8,0,1,39,34,0,504,262,262
71,farmyard,837,7,1,6,0,0,7,7,0,1,39,35,0,508,269,269
71,farmyard,838,6,0,6,0,0,6,6,0,1,39,36,0,512,275,275
71,farmyard,839,6,0,6,0,0,6,6,0,1,39,36,0,512,281,281
71,farmyard,840,6,0,6,0,0,6,6,0,1,39,36,0,512,287,287
71,farmyard,841,6,0,6,0,0,6,6,0,1,39,36,0,512,293,293
71,farmyard,842,5,0,5,0,0,5,5,0,1,39,37,0,512,298,298
71,farmyard,843,4,0,4,0,0,4,4,0,0,39,38,0,512,302,302
71,farmyard,844,3,0,3,0,0,3,3,0,0,39,39,0,512,305,305
71,farmyard,845,1,0,1,0,0,1,1,0,0,39,41,0,512,306,306
71,farmyard,846,1,0,1,0,0,1,1,0,0,39,41,0,512,307,307
71,farmyard,847,1,0,1,0,0,1,1,0,0,39,41,0,512,308,308
71,farmyard,848,1,0,1,0,0,1,1,0,0,39,41,0,512,309,309
71,farmyard,849,1,0,1,0,0,1,1,0,0,39,41,0,512,310,310
71,farmyard,850,1,0,1,0,0,1,1,0,0,39,41,0,512,311,311
71,outside,800,3,2,1,0,0,3,0,3,0,0,0,0,0,0,0
71,outside,801,4,3,1,1,0,3,0,4,0,1,0,0,4,3,3
71,outside,802,4,3,1,0,1,3,0,4,0,1,0,0,8,6,6
71,outside,803,7,5,2,3,0,4,0,7,0,4,0,0,12,10,10
71,outside,804,7,5,2,0,3,4,0,7,0,4,0,0,18,14,14
71,outside,805,8,6,2,1,0,7,0,8,0,5,0,0,24,21,21
71,outside,806,9,6,3,1,1,7,0,9,0,6,0,0,34,28,28
71,outside,807,10,6,4,1,1,8,0,10,0,7,0,0,44,36,36
71,outside,808,14,8,6,4,1,9,0,14,0,11,0,0,56,45,45
71,outside,809,16,10,6,2,4,10,0,16,0,13,0,0,68,55,55
71,outside,810,16,11,5,1,2,13,0,16,0,14,1,0,80,68,68
71,outside,811,19,13,6,3,1,15,0,19,0,17,1,0,96,83,83
71,outside,812,20,14,6,2,3,15,0,20,0,19,2,0,116,98,98
71,outside,813,24,16,8,4,2,18,0,24,0,23,2,0,136,116,116
71,outside,814,26,16,10,3,4,19,0,26,0,26,3,0,160,135,135
71,outside,815,31,18,13,5,3,23,0,31,0,31,3,0,186,158,158
71,outside,816,34,21,13,4,5,25,0,34,0,35,4,0,216,183,183
71,outside,817,37,22,15,3,4,30,0,37,0,38,4,0,248,213,213
71,outside,818,43,25,18,6,3,34,0,43,0,44,4,0,284,247,247
71,outside,819,48,28,20,8,5,35,0,48,0,52,7,0,326,282,282
71,outside,820,53,30,23,6,8,39,0,53,0,58,8,0,368,321,321
71,outside,821,61,30,31,9,6,46,0,61,0,67,9,0,414,367,367
71,outside,822,67,34,33,7,9,51,0,67,0,74,10,0,466,418,418
71,outside,823,74,39,35,9,7,58,0,74,0,83,12,0,524,476,476
71,outside,824,81,41,40,9,9,63,0,81,0,92,14,0,580,539,539
71,outside,825,88,43,45,14,8,66,0,88,0,106,21,0,640,605,605
71,outside,826,90,44,46,6,14,70,0,90,0,112,25,0,704,675,675
71,outside,827,101,46,55,13,6,82,0,101,0,125,27,0,770,757,757
71,outside,828,114,53,61,14,13,87,0,114,0,139,28,0,848,844,844
71,outside,829,127,56,71,14,14,99,0,127,0,153,29,0,932,943,943
71,outside,830,138,61,77,13,14,111,0,138,0,166,31,0,1024,1054,1054
71,outside,831,154,68,86,19,12,123,0,154,0,185,34,0,1130,1177,1177
71,outside,832,163,74,89,14,18,131,0,163,0,199,39,0,1240,1308,1308
71,outside,833,181,84,97,21,14,146,0,181,0,220,42,0,1356,1454,1454
71,outside,834,199,95,104,23,21,155,0,199,0,243,47,0,1486,1609,1609
71,outside,835,211,102,109,20,23,168,0,211,0,263,55,0,1624,1777,1777
71,outside,836,228,110,118,27,19,182,0,228,0,290,65,0,1776,1959,1959
71,outside,837,246,125,121,24,27,195,0,246,0,314,71,0,1944,2154,2154
71,outside,838,275,139,136,37,23,215,0,275,0,351,79,0,2130,2369,2369
71,outside,839,301,146,155,30,35,236,0,301,0,381,83,0,2338,2605,2605
71,outside,840,342,168,174,47,30,265,0,342,0,428,89,0,2576,2870,2870
71,outside,841,375,183,192,42,47,286,0,375,0,470,98,0,2844,3156,3156
71,outside,842,413,201,212,49,42,322,0,413,0,519,109,0,3124,3478,3478
71,outside,843,443,215,228,47,49,347,0,443,0,566,126,0,3440,3825,3825
71,outside,844,485,238,247,55,46,384,0,485,0,621,139,0,3772,4209,4209
71,outside,845,527,252,275,61,55,411,0,527,0,682,158,0,4140,4620,4620
71,outside,846,566,279,287,65,57,444,0,566,0,747,184,0,4536,5050,5064
71,outside,847,625,308,317,78,62,485,0,625,0,825,203,0,4974,5520,5549
71,outside,848,678,340,338,75,78,525,0,678,0,900,225,0,5442,6023,6074
71,outside,849,727,368,359,69,72,586,0,727,0,969,245,0,5960,6574,6660
71,outside,850,811,416,395,109,69,633,0,811,0,1078,270,0,6540,7188,7293
72,farmyard,800,3,2,1,0,0,3,3,0,0,0,0,0,0,0,0
72,farmyard,801,5,2,3,2,0,3,5,0,1,2,0,0,8,3,3
72,farmyard,802,4,2,2,0,1,3,4,0,0,2,1,0,16,6,6
72,farmyard,803,5,3,2,1,0,4,5,0,1,3,1,0,24,10,10
72,farmyard,804,4,3,1,0,1,3,4,0,0,3,2,0,32,13,13
72,farmyard,805,6,3,3,2,0,4,6,0,1,5,2,0,40,17,17
72,farmyard,806,5,2,3,0,2,3,5,0,1,5,3,0,52,20,20
72,farmyard,807,6,3,3,1,0,5,6,0,1,6,3,0,60,25,25
72,farmyard,808,6,3,3,0,1,5,6,0,1,6,3,0,68,30,30
72,farmyard,809,7,3,4,2,0,5,7,0,1,8,4,0,76,35,35
72,farmyard,810,7,3,4,0,2,5,7,0,1,8,4,0,84,40,40
72,farmyard,811,7,3,4,0,0,7,7,0,1,8,4,0,92,47,47
72,farmyard,812,6,2,4,0,0,6,6,0,1,8,5,0,104,53,53
72,farmyard,813,7,3,4,1,0,6,7,0,1,9,5,0,112,59,59
72,farmyard,814,8,4,4,1,1,6,8,0,1,10,5,0,120,65,65
72,farmyard,815,10,5,5,2,1,7,10,0,1,12,5,0,128,72,72
72,farmyard,816,10,4,6,1,2,7,10,0,1,13,6,0,140,79,79
72,farmyard,817,9,6,3,2,0,7,9,0,1,15,9,0,152,86,86
72,farmyard,818,8,6,2,0,2,6,8,0,1,15,10,0,168,92,92
72,farmyard,819,13,9,4,5,0,8,13,0,1,20,10,0,184,100,100
72,farmyard,820,10,8,2,0,3,7,10,0,1,20,13,0,208,107,107
72,farmyard,821,11,9,2,3,0,8,11,0,1,23,15,0,232,115,115
72,farmyard,822,11,8,3,1,3,7,11,0,1,24,16,0,260,122,122
72,farmyard,823,14,11,3,3,1,10,14,0,1,27,16,0,284,132,132
72,farmyard,824,15,11,4,2,3,10,15,0,1,29,17,0,316,142,142
72,farmyard,825,12,8,4,3,2,7,12,0,1,32,23,0,344,149,149
72,farmyard,826,11,6,5,1,2,8,11,0,1,33,25,0,360,157,157
72,farmyard,827,11,7,4,2,1,8,11,0,1,35,27,0,376,165,165
72,farmyard,828,10,7,3,1,2,7,10,0,1,36,29,0,396,172,172
72,farmyard,829,8,5,3,3,1,4,8,0,1,39,34,0,412,176,176
72,farmyard,830,8,5,3,0,3,5,8,0,1,39,34,0,424,181,181
72,farmyard,831,8,4,4,2,0,6,8,0,1,41,36,0,440,187,187
72,farmyard,832,9,4,5,1,2,6,9,0,1,42,36,0,456,193,193
72,farmyard,833,11,5,6,2,1,8,11,0,1,44,36,0,472,201,201
72,farmyard,834,10,5,5,0,2,8,10,0,1,44,37,0,488,209,209
72,farmyard,835,10,4,6,2,0,8,10,0,1,46,39,0,504,217,217
72,farmyard,836,11,5,6,1,2,8,11,0,1,47,39,0,516,225,225
72,farmyard,837,13,6,7,3,1,9,13,0,1,50,40,0,528,234,234
72,farmyard,838,10,3,7,0,3,7,10,0,1,50,43,0,544,241,241
72,farmyard,839,9,3,6,1,0,8,9,0,1,51,45,0,552,249,249
72,farmyard,840,10,3,7,1,1,8,10,0,1,52,45,0,564,257,257
72,farmyard,841,7,2,5,0,1,6,7,0,1,52,48,0,576,263,263
72,farmyard,842,8,2,6,1,0,7,8,0,1,53,48,0,584,270,270
72,farmyard,843,8,2,6,0,1,7,8,0,1,53,48,0,592,277,277
72,farmyard,844,7,2,5,0,0,7,7,0,1,53,49,0,600,284,284
72,farmyard,845,7,2,5,1,0,6,0,7,0,54,50,0,608,290,290
72,farmyard,846,7,2,5,0,1,6,0,7,0,54,50,0,612,296,296
72,farmyard,847,8,2,6,1,0,7,0,8,0,55,50,0,616,303,303
72,farmyard,848,8,2,6,0,1,7,0,8,0,55,50,0,620,310,310
72,farmyard,849,5,2,3,0,0,5,0,5,0,55,53,0,624,315,315
72,farmyard,850,5,2,3,0,0,5,0,5,0,55,53,0,628,320,320
72,outside,800,3,2,1,0,0,3,0,3,0,0,0,0,0,0,0
72,outside,801,5,2,3,2,0,3,0,5,0,2,0,0,4,3,3
72,outside,802,4,2,2,0,1,3,0,4,0,2,1,0,8,6,6
72,outside,803,5,3,2,1,0,4,0,5,0,3,1,0,12,10,10
72,outside,804,5,3,2,0,1,4,0,5,0,3,1,0,16,14,14
72,outside,805,7,4,3,2,0,5,0,7,0,5,1,0,20,19,19
72,outside,806,7,4,3,0,2,5,0,7,0,5,1,0,26,24,24
72,outside,807,8,5,3,1,0,7,0,8,0,6,1,0,32,31,31
72,outside,808,9,6,3,1,1,7,0,9,0,7,1,0,40,38,38
72,outside,809,10,6,4,1,1,8,0,10,0,8,1,0,48,46,46
72,outside,810,13,7,6,3,1,9,0,13,0,11,1,0,58,55,55
72,outside,811,13,8,5,1,2,10,0,13,0,12,2,0,70,65,65
72,outside,812,14,9,5,2,1,11,0,14,0,14,3,0,82,76,76
72,outside,813,17,10,7,3,2,12,0,17,0,17,3,0,96,88,88
72,outside,814,18,10,8,1,3,14,0,18,0,18,3,0,112,102,102
72,outside,815,20,11,9,3,1,16,0,20,0,21,4,0,130,118,118
72,outside,816,23,14,9,3,3,17,0,23,0,24,4,0,148,135,135
72,outside,817,25,15,10,4,3,18,0,25,0,28,6,0,166,153,153
72,outside,818,26,16,10,1,4,21,0,26,0,29,6,0,184,174,174
72,outside,819,33,16,17,8,1,24,0,33,0,37,7,0,208,198,198
72,outside,820,38,21,17,6,8,24,0,38,0,43,8,0,236,222,222
72,outside,821,41,22,19,4,6,31,0,41,0,47,9,0,266,253,253
72,outside,822,50,28,22,10,4,36,0,50,0,57,10,0,298,289,289
72,outside,823,55,31,24,5,10,40,0,55,0,62,10,0,340,329,329
72,outside,824,65,37,28,11,5,49,0,65,0,73,11,0,384,378,378
72,outside,825,72,41,31,7,11,54,0,72,0,80,11,0,438,432,432
72,outside,826,78,43,35,8,7,63,0,78,0,88,13,0,498,495,495
72,outside,827,90,49,41,13,8,69,0,90,0,101,14,0,568,564,564
72,outside,828,102,57,45,14,13,75,0,102,0,115,16,0,646,639,639
72,outside,829,110,61,49,13,14,83,0,110,0,128,21,0,730,722,722
72,outside,830,124,68,56,17,13,94,0,124,0,145,24,0,820,816,816
72,outside,831,141,79,62,19,17,105,0,141,0,164,26,0,924,921,921
72,outside,832,154,86,68,15,19,120,0,154,0,179,28,0,1042,1041,1041
72,outside,833,173,95,78,21,15,137,0,173,0,200,30,0,1176,1178,1178
72,outside,834,191,105,86,22,21,148,0,191,0,222,34,0,1328,1326,1326
72,outside,835,210,108,102,26,20,164,0,210,0,248,41,0,1494,1490,1490
72,outside,836,230,116,114,25,25,180,0,230,0,273,46,0,1672,1670,1670
72,outside,837,244,123,121,21,23,200,0,244,0,294,53,0,1862,1870,1870
72,outside,838,276,144,132,37,20,219,0,276,0,331,58,0,2066,2089,2089
72,outside,839,293,151,142,25,36,232,0,293,0,356,66,0,2284,2321,2321
72,outside,840,338,169,169,49,25,264,0,338,0,405,70,0,2518,2585,2585
72,outside,841,357,175,182,35,48,274,0,357,0,440,86,0,2790,2859,2859
72,outside,842,392,194,198,41,35,316,0,392,0,481,92,0,3068,3175,3175
72,outside,843,432,214,218,53,41,338,0,432,0,534,105,0,3384,3513,3513
72,outside,844,469,237,232,46,53,370,0,469,0,580,114,0,3722,3883,3883
72,outside,845,509,260,249,54,46,409,0,509,0,634,128,0,4092,4292,4292
72,outside,846,553,288,265,64,53,436,0,553,0,698,148,0,4490,4728,4728
72,outside,847,616,318,298,76,63,477,0,616,0,774,161,0,4928,5205,5205
72,outside,848,669,345,324,79,76,514,0,669,0,853,187,0,5422,5719,5719
72,outside,849,739,391,348,92,79,568,0,739,0,945,209,0,5960,6287,6287
72,outside,850,805,421,384,92,89,624,0,805,0,1037,235,0,6554,6911,6911
73,farmyard,800,3,2,1,0,0,3,3,0,0,0,0,0,0,0,0
73,farmyard,801,4,2,2,1,0,3,4,0,0,1,0,0,8,3,3
73,farmyard,802,4,2,2,0,1,3,4,0,0,1,0,0,16,6,6
73,farmyard,803,5,3,2,1,0,4,5,0,1,2,0,0,24,10,10
73,farmyard,804,5,3,2,0,1,4,5,0,1,2,0,0,32,14,14
73,farmyard,805,6,4,2,1,0,5,6,0,1,3,0,0,40,19,19
73,farmyard,806,6,4,2,0,1,5,6,0,1,3,0,0,52,24,24
73,farmyard,807,7,5,2,1,0,6,7,0,1,4,0,0,64,30,30
73,farmyard,808,7,5,2,1,1,5,7,0,1,5,1,0,80,35,35
73,farmyard,809,5,3,2,0,0,5,5,0,1,5,3,0,92,40,40
73,farmyard,810,5,3,2,1,0,4,5,0,1,6,4,0,104,44,44
73,farmyard,811,5,2,3,1,1,3,5,0,1,7,5,0,116,47,47
73,farmyard,812,5,2,3,0,1,4,5,0,1,7,5,0,124,51,51
73,farmyard,813,6,3,3,1,0,5,6,0,1,8,5,0,132,56,56
73,farmyard,814,7,4,3,1,1,5,7,0,1,9,5,0,140,61,61
73,farmyard,815,8,4,4,1,1,6,8,0,1,10,5,0,148,67,67
73,farmyard,816,9,5,4,1,1,7,9,0,1,11,5,0,160,74,74
73,farmyard,817,10,5,5,1,1,8,10,0,1,12,5,0,176,82,82
73,farmyard,818,9,6,3,2,1,6,9,0,1,14,8,0,192,88,88
73,farmyard,819,10,7,3,1,2,7,10,0,1,15,8,0,208,95,95
73,farmyard,820,13,9,4,4,1,8,13,0,1,19,9,0,224,103,103
73,farmyard,821,14,8,6,2,4,8,14,0,1,21,10,0,248,111,111
73,farmyard,822,11,7,4,1,2,8,11,0,1,22,14,0,272,119,119
73,farmyard,823,10,7,3,1,1,8,10,0,1,23,16,0,296,127,127
73,farmyard,824,13,9,4,3,1,9,13,0,1,26,16,0,316,136,136
73,farmyard,825,12,9,3,0,3,9,12,0,1,26,17,0,340,145,145
73,farmyard,826,14,12,2,4,0,10,14,0,1,30,19,0,368,155,155
73,farmyard,827,13,10,3,2,3,8,13,0,1,32,22,0,400,163,163
73,farmyard,828,12,11,1,3,0,9,12,0,1,35,26,0,428,172,172
73,farmyard,829,10,9,1,1,2,7,10,0,1,36,29,0,460,179,179
73,farmyard,830,10,7,3,2,1,7,10,0,1,38,31,0,484,186,186
73,farmyard,831,10,7,3,2,2,6,10,0,1,40,33,0,508,192,192
73,farmyard,832,9,7,2,1,1,7,9,0,1,41,35,0,528,199,199
73,farmyard,833,9,6,3,1,1,7,9,0,1,42,36,0,548,206,206
73,farmyard,834,10,6,4,2,1,7,10,0,1,44,37,0,568,213,213
73,farmyard,835,10,5,5,1,2,7,10,0,1,45,38,0,588,220,220
73,farmyard,836,11,6,5,1,1,9,11,0,1,46,38,0,604,229,229
73,farmyard,837,10,6,4,2,1,7,10,0,1,48,41,0,624,236,236
73,farmyard,838,8,4,4,0,2,6,8,0,1,48,43,0,636,242,242
73,farmyard,839,9,4,5,2,0,7,9,0,1,50,44,0,644,249,249
73,farmyard,840,10,4,6,1,2,7,10,0,1,51,44,0,660,256,256
73,farmyard,841,9,4,5,0,0,9,9,0,1,51,45,0,676,265,265
73,farmyard,842,9,3,6,1,0,8,9,0,1,52,46,0,692,273,273
73,farmyard,843,8,2,6,0,1,7,8,0,1,52,47,0,704,280,280
73,farmyard,844,8,3,5,1,0,7,8,0,1,53,48,0,712,287,287
73,farmyard,845,9,4,5,1,1,7,9,0,1,54,48,0,720,294,294
73,farmyard,846,8,4,4,1,0,7,8,0,1,55,50,0,728,301,301
73,farmyard,847,8,3,5,1,1,6,8,0,1,56,51,0,740,307,307
73,farmyard,848,7,3,4,0,1,6,7,0,1,56,52,0,748,313,313
73,farmyard,849,6,2,4,1,0,5,6,0,1,57,54,0,760,318,318
73,farmyard,850,7,3,4,1,1,5,7,0,1,58,54,0,768,323,323
73,outside,800,3,2,1,0,0,3,0,3,0,0,0,0,0,0,0
73,outside,801,4,2,2,1,0,3,0,4,0,1,0,0,4,3,3
73,outside,802,5,3,2,1,1,3,0,5,0,2,0,0,8,6,6
73,outside,803,6,4,2,1,1,4,0,6,0,3,0,0,12,10,10
73,outside,804,7,5,2,1,1,5,0,7,0,4,0,0,16,15,15
73,outside,805,10,8,2,3,1,6,0,10,0,7,0,0,22,21,21
73,outside,806,11,9,2,1,3,7,0,11,0,8,0,0,30,28,28
73,outside,807,15,11,4,4,1,10,0,15,0,12,0,0,40,38,38
73,outside,808,18,11,7,3,4,11,0,18,0,15,0,0,56,49,49
73,outside,809,22,12,10,4,3,15,0,22,0,19,0,0,74,64,64
73,outside,810,24,12,12,4,3,17,0,24,0,23,2,0,96,81,81
73,outside,811,25,12,13,2,4,19,0,25,0,25,3,0,116,100,100
73,outside,812,31,16,15,6,2,23,0,31,0,31,3,0,134,123,123
73,outside,813,34,17,17,3,6,25,0,34,0,34,3,0,156,148,148
73,outside,814,41,20,21,7,3,31,0,41,0,41,3,0,180,179,179
73,outside,815,45,22,23,4,7,34,0,45,0,45,3,0,212,213,213
73,outside,816,57,27,30,12,4,41,0,57,0,57,3,0,246,254,254
73,outside,817,61,30,31,5,11,45,0,61,0,62,4,0,286,299,299
73,outside,818,67,33,34,8,5,54,0,67,0,70,6,0,330,353,353
73,outside,819,73,36,37,7,7,59,0,73,0,77,7,0,382,412,412
73,outside,820,84,39,45,12,7,65,0,84,0,89,8,0,440,477,477
73,outside,821,91,41,50,8,12,71,0,91,0,97,9,0,504,548,548
73,outside,822,95,42,53,6,8,81,0,95,0,103,11,0,572,629,629
73,outside,823,105,46,59,17,6,82,0,105,0,120,18,0,644,711,711
73,outside,824,110,50,60,8,17,85,0,110,0,128,21,0,712,796,796
73,outside,825,121,55,66,16,8,97,0,121,0,144,26,0,784,890,893
73,outside,826,125,58,67,11,16,98,0,125,0,155,33,0,868,988,991
73,outside,827,141,70,71,16,11,114,0,141,0,171,33,0,952,1094,1105
73,outside,828,149,73,76,15,16,118,0,149,0,186,40,0,1052,1212,1223
73,outside,829,167,81,86,21,15,131,0,167,0,207,43,0,1160,1342,1354
73,outside,830,175,86,89,16,21,138,0,175,0,223,51,0,1290,1480,1492
73,outside,831,196,96,100,28,16,152,0,196,0,251,58,0,1426,1632,1644
73,outside,832,218,109,109,27,28,163,0,218,0,278,63,0,1570,1795,1807
73,outside,833,236,119,117,24,27,185,0,236,0,302,69,0,1728,1980,1992
73,outside,834,267,136,131,37,24,206,0,267,0,339,75,0,1910,2186,2198
73,outside,835,285,146,139,32,35,218,0,285,0,371,89,0,2120,2404,2416
73,outside,836,316,160,156,37,30,249,0,316,0,408,95,0,2352,2653,2665
73,outside,837,344,169,175,37,36,271,0,344,0,445,104,0,2610,2924,2936
73,outside,838,370,181,189,35,37,298,0,370,0,480,113,0,2886,3222,3234
73,outside,839,411,202,209,48,35,328,0,411,0,528,120,0,3184,3544,3562
73,outside,840,438,218,220,42,46,350,0,438,0,570,135,0,3504,3887,3912
73,outside,841,479,241,238,56,42,381,0,479,0,626,150,0,3846,4251,4293
73,outside,842,512,256,256,47,55,410,0,512,0,673,164,0,4218,4638,4703
73,outside,843,570,290,280,77,47,446,0,570,0,750,183,0,4626,5061,5149
73,outside,844,625,317,308,69,76,480,0,625,0,819,197,0,5070,5518,5629
73,outside,845,683,352,331,74,66,543,0,683,0,893,213,0,5550,6013,6172
73,outside,846,748,380,368,83,73,592,0,748,0,976,231,0,6112,6586,6764
73,outside,847,811,416,395,90,81,640,0,811,0,1066,258,0,6706,7192,7404
73,outside,848,894,467,427,102,89,703,0,894,0,1168,277,0,7364,7861,8107
73,outside,849,968,500,468,98,100,770,0,968,0,1266,301,0,8084,8593,8877
73,outside,850,1077,555,522,134,96,847,0,1077,0,1400,326,0,8872,9392,9724
74,farmyard,800,3,2,1,0,0,3,3,0,0,0,0,0,0,0,0
74,farmyard,801,4,2,2,1,0,3,4,0,0,1,0,0,8,3,3
74,farmyard,802,4,3,1,1,0,3,4,0,0,2,1,0,16,6,6
74,farmyard,803,4,3,1,0,1,3,4,0,0,2,1,0,24,9,9
74,farmyard,804,6,4,2,2,0,4,6,0,1,4,1,0,32,13,13
74,farmyard,805,7,5,2,1,2,4,7,0,1,5,1,0,44,17,17
74,farmyard,806,8,6,2,1,1,6,8,0,1,6,1,0,56,23,23
74,farmyard,807,10,8,2,2,1,7,10,0,1,8,1,0,72,30,30
74,farmyard,808,11,8,3,3,2,6,11,0,1,11,3,0,92,36,36
74,farmyard,809,8,7,1,0,2,6,8,0,1,11,6,0,112,42,42
74,farmyard,810,10,8,2,2,0,8,10,0,1,13,6,0,136,50,50
74,farmyard,811,9,8,1,2,1,6,9,0,1,15,9,0,164,56,56
74,farmyard,812,12,10,2,3,2,7,12,0,1,18,9,0,184,63,63
74,farmyard,813,13,10,3,2,2,9,13,0,1,20,10,0,208,72,72
74,farmyard,814,14,12,2,2,1,11,14,0,1,22,11,0,240,83,83
74,farmyard,815,17,13,4,4,2,11,17,0,1,26,12,0,280,94,94
74,farmyard,816,15,11,4,4,3,8,15,0,1,30,18,0,316,102,102
74,farmyard,817,12,9,3,2,2,8,12,0,1,32,23,0,344,110,110
74,farmyard,818,14,11,3,2,2,10,14,0,1,34,23,0,368,120,120
74,farmyard,819,15,10,5,3,1,11,15,0,1,37,25,0,396,131,131
74,farmyard,820,14,9,5,2,3,9,14,0,1,39,28,0,428,140,140
74,farmyard,821,16,8,8,3,2,11,16,0,1,42,29,0,456,151,151
74,farmyard,822,11,6,5,1,0,10,11,0,1,43,35,0,484,161,161
74,farmyard,823,11,7,4,2,1,8,11,0,1,45,37,0,508,169,169
74,farmyard,824,11,7,4,2,1,8,11,0,1,47,39,0,528,177,177
74,farmyard,825,13,7,6,2,2,9,13,0,1,49,39,0,544,186,186
74,farmyard,826,13,6,7,1,2,10,13,0,1,50,40,0,564,196,196
74,farmyard,827,11,3,8,1,1,9,11,0,1,51,43,0,588,205,205
74,farmyard,828,12,4,8,2,0,10,12,0,1,53,44,0,600,215,215
74,farmyard,829,11,4,7,0,2,9,11,0,1,53,45,0,612,224,224
74,farmyard,830,12,3,9,2,0,10,12,0,1,55,46,0,624,234,234
74,farmyard,831,11,3,8,1,0,10,11,0,1,56,48,0,636,244,244
74,farmyard,832,10,3,7,0,1,9,10,0,1,56,49,0,648,253,253
74,farmyard,833,9,4,5,1,0,8,9,0,1,57,51,0,660,261,261
74,farmyard,834,7,3,4,0,1,6,7,0,1,57,53,0,672,267,267
74,farmyard,835,7,3,4,2,0,5,7,0,1,59,55,0,680,272,272
74,farmyard,836,6,2,4,0,2,4,6,0,1,59,56,0,692,276,276
74,farmyard,837,4,1,3,0,0,4,4,0,0,59,58,0,700,280,280
74,farmyard,838,5,2,3,1,0,4,5,0,1,60,58,0,704,284,284
74,farmyard,839,5,2,3,0,1,4,5,0,1,60,58,0,708,288,288
74,farmyard,840,6,3,3,1,0,5,6,0,1,61,58,0,712,293,293
74,farmyard,841,6,4,2,1,1,4,6,0,1,62,59,0,720,297,297
74,farmyard,842,8,5,3,2,1,5,8,0,1,64,59,0,728,302,302
74,farmyard,843,7,5,2,1,1,5,7,0,1,65,61,0,740,307,307
74,farmyard,844,6,5,1,0,1,5,6,0,1,65,62,0,756,312,312
74,farmyard,845,9,7,2,3,0,6,9,0,1,68,62,0,776,318,318
74,farmyard,846,9,7,2,0,3,6,9,0,1,68,62,0,796,324,324
74,farmyard,847,9,7,2,2,0,7,9,0,1,70,64,0,816,331,331
74,farmyard,848,9,7,2,1,2,6,9,0,1,71,65,0,836,337,337
74,farmyard,849,12,9,3,3,1,8,12,0,1,74,65,0,852,345,345
74,farmyard,850,11,8,3,1,2,8,11,0,1,75,67,0,876,353,353
74,outside,800,3,2,1,0,0,3,0,3,0,0,0,0,0,0,0
74,outside,801,4,2,2,1,0,3,0,4,0,1,0,0,4,3,3
74,outside,802,4,3,1,1,0,3,0,4,0,2,1,0,8,6,6
74,outside,803,4,3,1,0,1,3,0,4,0,2,1,0,12,9,9
74,outside,804,6,4,2,2,0,4,0,6,0,4,1,0,16,13,13
74,outside,805,7,5,2,1,2,4,0,7,0,5,1,0,22,17,17
74,outside,806,9,5,4,2,1,6,0,9,0,7,1,0,28,23,23
74,outside,807,12,8,4,3,2,7,0,12,0,10,1,0,36,30,30
74,outside,808,12,8,4,1,3,8,0,12,0,11,2,0,46,38,38
74,outside,809,16,9,7,5,1,10,0,16,0,16,3,0,56,48,48
74,outside,810,14,8,6,1,5,8,0,14,0,17,6,0,70,56,56
74,outside,811,18,10,8,4,1,13,0,18,0,21,6,0,80,69,69
74,outside,812,20,10,10,2,4,14,0,20,0,23,6,0,94,83,83
74,outside,813,25,12,13,5,2,18,0,25,0,28,6,0,110,101,101
74,outside,814,27,12,15,2,5,20,0,27,0,30,6,0,130,121,121
74,outside,815,30,13,17,3,2,25,0,30,0,33,6,0,150,146,146
74,outside,816,36,19,17,6,3,27,0,36,0,39,6,0,174,173,173
74,outside,817,36,19,17,1,6,29,0,36,0,40,7,0,198,202,202
74,outside,818,43,21,22,7,1,35,0,43,0,47,7,0,222,237,237
74,outside,819,46,23,23,5,7,34,0,46,0,52,9,0,258,271,271
74,outside,820,53,26,27,7,5,41,0,53,0,59,9,0,294,312,312
74,outside,821,56,27,29,5,7,44,0,56,0,64,11,0,334,356,356
74,outside,822,63,30,33,7,5,51,0,63,0,71,11,0,378,407,407
74,outside,823,65,30,35,5,7,53,0,65,0,76,14,0,428,460,460
74,outside,824,72,34,38,8,5,59,0,72,0,84,15,0,478,519,519
74,outside,825,81,39,42,10,8,63,0,81,0,94,16,0,534,582,582
74,outside,826,87,40,47,7,10,70,0,87,0,101,17,0,592,652,652
74,outside,827,99,45,54,16,6,77,0,99,0,117,21,0,656,729,729
74,outside,828,106,48,58,10,15,81,0,106,0,127,24,0,728,810,810
74,outside,829,106,50,56,6,10,90,0,106,0,133,30,0,802,900,900
74,outside,830,119,55,64,16,6,97,0,119,0,149,33,0,884,997,997
74,outside,831,133,61,72,17,16,100,0,133,0,166,36,0,974,1097,1097
74,outside,832,145,69,76,14,17,114,0,145,0,180,38,0,1068,1211,1211
74,outside,833,153,77,76,17,12,124,0,153,0,197,47,0,1174,1335,1335
74,outside,834,164,82,82,13,17,134,0,164,0,210,49,0,1292,1469,1469
74,outside,835,182,89,93,24,13,145,0,182,0,234,55,0,1422,1614,1614
74,outside,836,203,98,105,25,24,154,0,203,0,259,59,0,1570,1768,1768
74,outside,837,218,103,115,24,25,169,0,218,0,283,68,0,1724,1937,1937
74,outside,838,239,117,122,29,23,187,0,239,0,312,76,0,1890,2124,2124
74,outside,839,261,133,128,27,29,205,0,261,0,339,81,0,2072,2329,2329
74,outside,840,285,147,138,34,26,225,0,285,0,373,91,0,2268,2554,2554
74,outside,841,313,162,151,39,34,240,0,313,0,412,102,0,2492,2794,2794
74,outside,842,347,182,165,40,39,268,0,347,0,452,108,0,2738,3062,3062
74,outside,843,379,200,179,43,38,298,0,379,0,495,119,0,3014,3360,3360
74,outside,844,432,224,208,61,42,329,0,432,0,556,127,0,3322,3689,3689
74,outside,845,456,237,219,41,59,356,0,456,0,597,144,0,3666,4045,4045
74,outside,846,507,256,251,59,41,407,0,507,0,656,152,0,4032,4443,4452
74,outside,847,559,284,275,65,58,436,0,559,0,721,165,0,4442,4879,4888
74,outside,848,617,316,301,70,63,484,0,617,0,791,177,0,4892,5361,5372
74,outside,849,685,349,336,86,70,529,0,685,0,877,195,0,5386,5884,5901
74,outside,850,752,380,372,86,84,582,0,752,0,963,214,0,5930,6459,6483
75,farmyard,800,3,2,1,0,0,3,3,0,0,0,0,0,0,0,0
75,farmyard,801,5,4,1,2,0,3,5,0,1,2,0,0,8,3,3
75,farmyard,802,5,4,1,0,2,3,5,0,1,2,0,0,16,6,6
75,farmyard,803,8,6,2,3,0,5,8,0,1,5,0,0,24,11,11
75,farmyard,804,8,6,2,1,2,5,8,0,1,6,1,0,40,16,16
75,farmyard,805,8,6,2,1,0,7,8,0,1,7,2,0,56,23,23
75,farmyard,806,7,5,2,0,1,6,7,0,1,7,3,0,76,29,29
75,farmyard,807,7,4,3,1,0,6,7,0,1,8,4,0,92,35,35
75,farmyard,808,9,5,4,2,1,6,9,0,1,10,4,0,108,41,41
75,farmyard,809,8,4,4,0,2,6,8,0,1,10,5,0,124,47,47
75,farmyard,810,8,4,4,2,0,6,8,0,1,12,7,0,136,53,53
75,farmyard,811,8,4,4,0,2,6,8,0,1,12,7,0,144,59,59
75,farmyard,812,9,4,5,2,0,7,9,0,1,14,8,0,152,66,66
75,farmyard,813,10,4,6,1,2,7,10,0,1,15,8,0,168,73,73
75,farmyard,814,11,5,6,2,0,9,11,0,1,17,9,0,184,82,82
75,farmyard,815,12,6,6,1,2,9,12,0,1,18,9,0,200,91,91
75,farmyard,816,12,5,7,2,1,9,12,0,1,20,11,0,216,100,100
75,farmyard,817,10,4,6,1,1,8,10,0,1,21,14,0,232,108,108
75,farmyard,818,9,5,4,1,0,8,9,0,1,22,16,0,248,116,116
75,farmyard,819,8,5,3,1,0,7,8,0,1,23,18,0,264,123,123
75,farmyard,820,9,6,3,2,1,6,9,0,1,25,19,0,280,129,129
75,farmyard,821,10,6,4,1,2,7,10,0,1,26,19,0,296,136,136
75,farmyard,822,11,6,5,2,1,8,11,0,1,28,20,0,316,144,144
75,farmyard,823,8,5,3,1,0,7,8,0,1,29,24,0,336,151,151
75,farmyard,824,8,5,3,1,0,7,8,0,1,30,25,0,352,158,158
75,farmyard,825,9,4,5,2,1,6,9,0,1,32,26,0,368,164,164
75,farmyard,826,10,4,6,1,2,7,10,0,1,33,26,0,380,171,171
75,farmyard,827,10,3,7,1,1,8,10,0,1,34,27,0,396,179,179
75,farmyard,828,8,2,6,1,1,6,8,0,1,35,30,0,408,185,185
75,farmyard,829,9,2,7,1,1,7,9,0,1,36,30,0,416,192,192
75,farmyard,830,9,3,6,1,1,7,9,0,1,37,31,0,424,199,199
75,farmyard,831,9,3,6,1,1,7,9,0,1,38,32,0,432,206,206
75,farmyard,832,10,3,7,1,1,8,10,0,1,39,32,0,440,214,214
75,farmyard,833,8,3,5,0,1,7,8,0,1,39,34,0,452,221,221
75,farmyard,834,9,4,5,1,0,8,9,0,1,40,34,0,464,229,229
75,farmyard,835,7,3,4,0,1,6,7,0,1,40,36,0,476,235,235
75,farmyard,836,7,4,3,1,0,6,7,0,1,41,37,0,484,241,241
75,farmyard,837,8,4,4,1,1,6,8,0,1,42,37,0,496,247,247
75,farmyard,838,8,5,3,1,1,6,8,0,1,43,38,0,508,253,253
75,farmyard,839,10,6,4,2,1,7,10,0,1,45,38,0,524,260,260
75,farmyard,840,8,4,4,0,2,6,8,0,1,45,40,0,540,266,266
75,farmyard,841,6,3,3,1,0,5,6,0,1,46,43,0,552,271,271
75,farmyard,842,6,4,2,1,0,5,6,0,1,47,44,0,564,276,276
75,farmyard,843,7,4,3,1,1,5,7,0,1,48,44,0,576,281,281
75,farmyard,844,9,6,3,2,1,6,9,0,1,50,44,0,588,287,287
75,farmyard,845,6,4,2,0,2,4,6,0,1,50,47,0,604,291,291
75,farmyard,846,8,5,3,2,0,6,8,0,1,52,47,0,612,297,297
75,farmyard,847,7,4,3,0,2,5,7,0,1,52,48,0,628,302,302
75,farmyard,848,7,4,3,0,0,7,7,0,1,52,48,0,640,309,309
75,farmyard,849,8,5,3,1,0,7,8,0,1,53,48,0,656,316,316
75,farmyard,850,6,4,2,0,1,5,6,0,1,53,50,0,672,321,321
75,outside,800,3,2,1,0,0,3,0,3,0,0,0,0,0,0,0
75,outside,801,5,4,1,2,0,3,0,5,0,2,0,0,4,3,3
75,outside,802,5,4,1,0,2,3,0,5,0,2,0,0,8,6,6
75,outside,803,8,6,2,3,0,5,0,8,0,5,0,0,12,11,11
75,outside,804,9,7,2,1,3,5,0,9,0,6,0,0,20,16,16
75,outside,805,12,9,3,3,1,8,0,12,0,9,0,0,28,24,24
75,outside,806,15,11,4,3,3,9,0,15,0,12,0,0,40,33,33
75,outside,807,18,11,7,3,3,12,0,18,0,15,0,0,54,45,45
75,outside,808,25,12,13,7,3,15,0,25,0,22,0,0,72,60,60
75,outside,809,26,11,15,2,7,17,0,26,0,24,1,0,94,77,77
75,outside,810,30,11,19,4,2,24,0,30,0,28,1,0,114,101,101
75,outside,811,31,12,19,2,3,26,0,31,0,30,2,0,136,127,127
75,outside,812,36,15,21,5,2,29,0,36,0,35,2,0,158,156,156
75,outside,813,37,15,22,2,5,30,0,37,0,37,3,0,180,186,186
75,outside,814,42,17,25,6,2,34,0,42,0,43,4,0,202,220,220
75,outside,815,44,18,26,4,5,35,0,44,0,47,6,0,228,255,255
75,outside,816,47,21,26,7,4,36,0,47,0,54,10,0,256,291,291
75,outside,817,50,22,28,5,7,38,0,50,0,59,12,0,286,329,329
75,outside,818,52,22,30,6,5,41,0,52,0,65,16,0,316,370,370
75,outside,819,58,23,35,7,6,45,0,58,0,72,17,0,352,415,415
75,outside,820,65,28,37,7,7,51,0,65,0,79,17,0,390,466,466
75,outside,821,70,29,41,8,7,55,0,70,0,87,20,0,432,521,521
75,outside,822,77,33,44,8,8,61,0,77,0,95,21,0,476,582,582
75,outside,823,82,36,46,7,7,68,0,82,0,102,23,0,528,650,650
75,outside,824,92,41,51,11,7,74,0,92,0,113,24,0,584,724,724
75,outside,825,98,46,52,9,11,78,0,98,0,122,27,0,648,802,802
75,outside,826,108,51,57,11,9,88,0,108,0,133,28,0,718,890,890
75,outside,827,117,56,61,13,11,93,0,117,0,146,32,0,798,983,983
75,outside,828,124,58,66,11,13,100,0,124,0,157,36,0,886,1083,1083
75,outside,829,137,60,77,14,11,112,0,137,0,171,37,0,982,1195,1195
75,outside,830,151,71,80,17,14,120,0,151,0,188,40,0,1090,1315,1315
75,outside,831,161,75,86,17,17,127,0,161,0,205,47,0,1204,1442,1442
75,outside,832,177,84,93,21,17,139,0,177,0,226,52,0,1314,1581,1581
75,outside,833,191,91,100,19,21,151,0,191,0,245,57,0,1442,1732,1732
75,outside,834,212,107,105,26,17,169,0,212,0,271,62,0,1582,1901,1901
75,outside,835,230,115,115,23,26,181,0,230,0,294,67,0,1746,2082,2082
75,outside,836,256,128,128,34,23,199,0,256,0,328,75,0,1922,2281,2281
75,outside,837,278,135,143,29,32,217,0,278,0,357,82,0,2122,2498,2498
75,outside,838,310,153,157,35,28,247,0,310,0,392,85,0,2340,2745,2745
75,outside,839,331,163,168,32,34,265,0,331,0,424,96,0,2588,3010,3010
75,outside,840,356,174,182,32,32,292,0,356,0,456,103,0,2842,3302,3302
75,outside,841,395,185,210,51,32,312,0,395,0,507,115,0,3128,3614,3614
75,outside,842,422,197,225,50,49,323,0,422,0,557,138,0,3434,3937,3937
75,outside,843,444,208,236,37,49,358,0,444,0,594,153,0,3746,4295,4295
75,outside,844,490,230,260,62,36,392,0,490,0,656,169,0,4082,4687,4687
75,outside,845,521,254,267,48,60,413,0,521,0,704,186,0,4448,5100,5100
75,outside,846,579,291,288,67,48,464,0,579,0,771,195,0,4836,5564,5564
75,outside,847,641,318,323,75,66,500,0,641,0,846,208,0,5274,6064,6064
75,outside,848,710,358,352,88,75,547,0,710,0,934,227,0,5762,6611,6611
75,outside,849,767,379,388,77,86,604,0,767,0,1011,247,0,6314,7215,7215
75,outside,850,849,423,426,106,76,667,0,849,0,1117,271,0,6916,7882,7882
76,farmyard,800,3,2,1,0,0,3,3,0,0,0,0,0,0,0,0
76,farmyard,801,3,2,1,0,0,3,3,0,0,0,0,0,8,3,3
76,farmyard,802,4,3,1,1,0,3,4,0,0,1,0,0,16,6,6
76,farmyard,803,4,3,1,0,1,3,4,0,0,1,0,0,24,9,9
76,farmyard,804,4,3,1,0,0,4,4,0,0,1,0,0,32,13,13
76,farmyard,805,6,5,1,2,0,4,6,0,1,3,0,0,44,17,17
76,farmyard,806,6,5,1,0,2,4,6,0,1,3,0,0,56,21,21
76,farmyard,807,7,6,1,1,0,6,7,0,1,4,0,0,68,27,27
76,farmyard,808,6,5,1,1,0,5,6,0,1,5,2,0,88,32,32
76,farmyard,809,9,6,3,3,1,5,9,0,1,8,2,0,104,37,37
76,farmyard,810,9,6,3,0,3,6,9,0,1,8,2,0,120,43,43
76,farmyard,811,9,6,3,1,0,8,9,0,1,9,3,0,140,51,51
76,farmyard,812,10,7,3,2,1,7,10,0,1,11,4,0,160,58,58
76,farmyard,813,8,5,3,1,1,6,8,0,1,12,7,0,176,64,64
76,farmyard,814,6,3,3,1,1,4,6,0,1,13,10,0,192,68,68
76,farmyard,815,6,3,3,0,1,5,6,0,1,13,10,0,204,73,73
76,farmyard,816,8,3,5,2,0,6,8,0,1,15,10,0,216,79,79
76,farmyard,817,9,4,5,1,2,6,9,0,1,16,10,0,228,85,85
76,farmyard,818,10,5,5,1,1,8,10,0,1,17,10,0,240,93,93
76,farmyard,819,9,5,4,2,1,6,9,0,1,19,13,0,252,99,99
76,farmyard,820,7,3,4,0,2,5,7,0,1,19,15,0,264,104,104
76,farmyard,821,7,3,4,1,0,6,7,0,1,20,16,0,272,110,110
76,farmyard,822,6,2,4,0,1,5,6,0,1,20,17,0,284,115,115
76,farmyard,823,6,2,4,0,0,6,6,0,1,20,17,0,292,121,121
76,farmyard,824,5,2,3,0,0,5,5,0,1,20,18,0,300,126,126
76,farmyard,825,5,2,3,0,0,5,5,0,1,20,18,0,308,131,131
76,farmyard,826,3,1,2,0,0,3,3,0,0,20,20,0,316,134,134
76,farmyard,827,3,1,2,0,0,3,3,0,0,20,20,0,320,137,137
76,farmyard,828,3,1,2,0,0,3,3,0,0,20,20,0,324,140,140
76,farmyard,829,3,1,2,0,0,3,3,0,0,20,20,0,328,143,143
76,farmyard,830,2,0,2,0,0,2,2,0,0,20,21,0,332,145,145
76,farmyard,831,2,0,2,0,0,2,2,0,0,20,21,0,332,147,147
76,farmyard,832,2,0,2,0,0,2,2,0,0,20,21,0,332,149,149
76,farmyard,833,2,0,2,0,0,2,2,0,0,20,21,0,332,151,151
76,farmyard,834,0,0,0,0,0,0,0,0,0,20,23,0,332,151,151
76,farmyard,835,0,0,0,0,0,0,0,0,0,20,23,0,332,151,151
76,farmyard,836,0,0,0,0,0,0,0,0,0,20,23,0,332,151,151
76,farmyard,837,0,0,0,0,0,0,0,0,0,20,23,0,332,151,151
76,farmyard,838,0,0,0,0,0,0,0,0,0,20,23,0,332,151,151
76,farmyard,839,0,0,0,0,0,0,0,0,0,20,23,0,332,151,151
76,farmyard,840,0,0,0,0,0,0,0,0,0,20,23,0,332,151,151
76,farmyard,841,0,0,0,0,0,0,0,0,0,20,23,0,332,151,151
76,farmyard,842,0,0,0,0,0,0,0,0,0,20,23,0,332,151,151
76,farmyard,843,0,0,0,0,0,0,0,0,0,20,23,0,332,151,151
76,farmyard,844,0,0,0,0,0,0,0,0,0,20,23,0,332,151,151
76,farmyard,845,0,0,0,0,0,0,0,0,0,20,23,0,332,151,151
76,farmyard,846,0,0,0,0,0,0,0,0,0,20,23,0,332,151,151
76,farmyard,847,0,0,0,0,0,0,0,0,0,20,23,0,332,151,151
76,farmyard,848,0,0,0,0,0,0,0,0,0,20,23,0,332,151,151
76,farmyard,849,0,0,0,0,0,0,0,0,0,20,23,0,332,151,151
76,farmyard,850,0,0,0,0,0,0,0,0,0,20,23,0,332,151,151
76,outside,800,3,2,1,0,0,3,0,3,0,0,0,0,0,0,0
76,outside,801,3,2,1,0,0,3,0,3,0,0,0,0,4,3,3
76,outside,802,4,3,1,1,0,3,0,4,0,1,0,0,8,6,6
76,outside,803,4,3,1,0,1,3,0,4,0,1,0,0,12,9,9
76,outside,804,4,3,1,0,0,4,0,4,0,1,0,0,16,13,13
76,outside,805,6,5,1,2,0,4,0,6,0,3,0,0,22,17,17
76,outside,806,6,5,1,0,2,4,0,6,0,3,0,0,28,21,21
76,outside,807,7,6,1,1,0,6,0,7,0,4,0,0,34,27,27
76,outside,808,8,7,1,1,1,6,0,8,0,5,0,0,44,33,33
76,outside,809,10,8,2,2,1,7,0,10,0,7,0,0,54,40,40
76,outside,810,10,8,2,0,2,8,0,10,0,7,0,0,66,48,48
76,outside,811,12,10,2,2,0,10,0,12,0,9,0,0,80,58,58
76,outside,812,14,9,5,3,2,9,0,14,0,12,1,0,96,67,67
76,outside,813,17,12,5,4,2,11,0,17,0,16,2,0,110,78,78
76,outside,814,18,13,5,2,4,12,0,18,0,18,3,0,128,90,90
76,outside,815,22,15,7,4,2,16,0,22,0,22,3,0,146,106,106
76,outside,816,26,16,10,4,4,18,0,26,0,26,3,0,170,124,124
76,outside,817,29,17,12,4,4,21,0,29,0,30,4,0,196,145,145
76,outside,818,34,17,17,5,4,25,0,34,0,35,4,0,224,170,170
76,outside,819,35,17,18,2,5,28,0,35,0,37,5,0,254,198,198
76,outside,820,37,17,20,3,2,32,0,37,0,40,6,0,286,230,230
76,outside,821,45,20,25,8,3,34,0,45,0,48,6,0,318,264,264
76,outside,822,43,18,25,1,8,34,0,43,0,49,9,0,352,298,298
76,outside,823,46,18,28,4,1,41,0,46,0,53,10,0,380,339,339
76,outside,824,52,20,32,6,4,42,0,52,0,59,10,0,412,381,381
76,outside,825,55,21,34,3,6,46,0,55,0,62,10,0,446,427,427
76,outside,826,61,22,39,7,3,51,0,61,0,69,11,0,482,478,478
76,outside,827,63,25,38,3,7,53,0,63,0,72,12,0,520,531,531
76,outside,828,64,28,36,6,3,55,0,64,0,78,17,0,560,586,586
76,outside,829,64,29,35,4,6,54,0,64,0,82,21,0,602,640,640
76,outside,830,66,30,36,5,4,57,0,66,0,87,24,0,646,697,697
76,outside,831,72,32,40,9,5,58,0,72,0,96,27,0,694,755,755
76,outside,832,74,32,42,5,9,60,0,74,0,101,30,0,742,815,815
76,outside,833,79,37,42,9,5,65,0,79,0,110,34,0,790,880,880
76,outside,834,84,38,46,9,9,66,0,84,0,119,38,0,848,946,946
76,outside,835,93,43,50,11,9,73,0,93,0,130,40,0,912,1019,1019
76,outside,836,97,46,51,9,10,78,0,97,0,139,45,0,986,1097,1097
76,outside,837,107,46,61,12,9,86,0,107,0,151,47,0,1058,1183,1183
76,outside,838,120,51,69,15,12,93,0,120,0,166,49,0,1134,1276,1276
76,outside,839,127,57,70,10,14,103,0,127,0,176,52,0,1222,1379,1379
76,outside,840,138,62,76,15,10,113,0,138,0,191,56,0,1312,1492,1492
76,outside,841,150,62,88,18,15,117,0,150,0,209,62,0,1410,1609,1609
76,outside,842,154,62,92,11,16,127,0,154,0,220,69,0,1514,1736,1736
76,outside,843,164,70,94,16,10,138,0,164,0,236,75,0,1624,1874,1874
76,outside,844,175,75,100,13,16,146,0,175,0,249,77,0,1734,2020,2020
76,outside,845,186,80,106,16,13,157,0,186,0,265,82,0,1850,2177,2177
76,outside,846,191,79,112,15,16,160,0,191,0,280,92,0,1982,2337,2337
76,outside,847,205,86,119,21,15,169,0,205,0,301,99,0,2114,2506,2506
76,outside,848,217,93,124,22,21,174,0,217,0,323,109,0,2256,2680,2680
76,outside,849,234,108,126,25,22,187,0,234,0,348,117,0,2400,2867,2867
76,outside,850,252,120,132,27,23,202,0,252,0,375,126,0,2560,3069,3069
77,farmyard,800,3,2,1,0,0,3,3,0,0,0,0,0,0,0,0
77,farmyard,801,4,3,1,1,0,3,4,0,0,1,0,0,8,3,3
77,farmyard,802,5,3,2,1,1,3,5,0,1,2,0,0,16,6,6
77,farmyard,803,6,3,3,1,1,4,6,0,1,3,0,0,24,10,10
77,farmyard,804,7,3,4,1,1,5,7,0,1,4,0,0,36,15,15
77,farmyard,805,8,4,4,1,1,6,8,0,1,5,0,0,48,21,21
77,farmyard,806,5,1,4,0,1,4,5,0,1,5,3,0,60,25,25
77,farmyard,807,5,1,4,0,0,5,5,0,1,5,3,0,60,30,30
77,farmyard,808,5,1,4,0,0,5,5,0,1,5,3,0,64,35,35
77,farmyard,809,6,1,5,1,0,5,6,0,1,6,3,0,68,40,40
77,farmyard,810,5,1,4,0,1,4,5,0,1,6,4,0,72,44,44
77,farmyard,811,5,1,4,0,0,5,5,0,1,6,4,0,76,49,49
77,farmyard,812,6,1,5,1,0,5,6,0,1,7,4,0,80,54,54
77,farmyard,813,6,1,5,0,1,5,6,0,1,7,4,0,84,59,59
77,farmyard,814,4,0,4,0,0,4,4,0,0,7,6,0,88,63,63
77,farmyard,815,4,0,4,0,0,4,4,0,0,7,6,0,88,67,67
77,farmyard,816,4,0,4,0,0,4,4,0,0,7,6,0,88,71,71
77,farmyard,817,3,0,3,0,0,3,3,0,0,7,7,0,88,74,74
77,farmyard,818,3,0,3,0,0,3,3,0,0,7,7,0,88,77,77
77,farmyard,819,3,0,3,0,0,3,3,0,0,7,7,0,88,80,80
77,farmyard,820,3,0,3,0,0,3,3,0,0,7,7,0,88,83,83
77,farmyard,821,3,0,3,0,0,3,3,0,0,7,7,0,88,86,86
77,farmyard,822,3,0,3,0,0,3,3,0,0,7,7,0,88,89,89
77,farmyard,823,3,0,3,0,0,3,3,0,0,7,7,0,88,92,92
77,farmyard,824,3,0,3,0,0,3,3,0,0,7,7,0,88,95,95
77,farmyard,825,3,0,3,0,0,3,3,0,0,7,7,0,88,98,98
77,farmyard,826,2,0,2,0,0,2,2,0,0,7,8,0,88,100,100
77,farmyard,827,2,0,2,0,0,2,0,2,0,7,8,0,88,102,102
77,farmyard,828,1,0,1,0,0,1,0,1,0,7,9,0,88,103,103
77,farmyard,829,1,0,1,0,0,1,0,1,0,7,9,0,88,104,104
77,farmyard,830,1,0,1,0,0,1,0,1,0,7,9,0,88,105,105
77,farmyard,831,0,0,0,0,0,0,0,0,0,7,10,0,88,105,105
77,farmyard,832,0,0,0,0,0,0,0,0,0,7,10,0,88,105,105
77,farmyard,833,0,0,0,0,0,0,0,0,0,7,10,0,88,105,105
77,farmyard,834,0,0,0,0,0,0,0,0,0,7,10,0,88,105,105
77,farmyard,835,0,0,0,0,0,0,0,0,0,7,10,0,88,105,105
77,farmyard,836,0,0,0,0,0,0,0,0,0,7,10,0,88,105,105
77,farmyard,837,0,0,0,0,0,0,0,0,0,7,10,0,88,105,105
77,farmyard,838,0,0,0,0,0,0,0,0,0,7,10,0,88,105,105
77,farmyard,839,0,0,0,0,0,0,0,0,0,7,10,0,88,105,105
77,farmyard,840,0,0,0,0,0,0,0,0,0,7,10,0,88,105,105
77,farmyard,841,0,0,0,0,0,0,0,0,0,7,10,0,88,105,105
77,farmyard,842,0,0,0,0,0,0,0,0,0,7,10,0,88,105,105
77,farmyard,843,0,0,0,0,0,0,0,0,0,7,10,0,88,105,105
77,farmyard,844,0,0,0,0,0,0,0,0,0,7,10,0,88,105,105
77,farmyard,845,0,0,0,0,0,0,0,0,0,7,10,0,88,105,105
77,farmyard,846,0,0,0,0,0,0,0,0,0,7,10,0,88,105,105
77,farmyard,847,0,0,0,0,0,0,0,0,0,7,10,0,88,105,105
77,farmyard,848,0,0,0,0,0,0,0,0,0,7,10,0,88,105,105
77,farmyard,849,0,0,0,0,0,0,0,0,0,7,10,0,88,105,105
77,farmyard,850,0,0,0,0,0,0,0,0,0,7,10,0,88,105,105
77,outside,800,3,2,1,0,0,3,0,3,0,0,0,0,0,0,0
77,outside,801,4,3,1,1,0,3,0,4,0,1,0,0,4,3,3
77,outside,802,5,3,2,1,1,3,0,5,0,2,0,0,8,6,6
77,outside,803,6,3,3,1,1,4,0,6,0,3,0,0,12,10,10
77,outside,804,7,3,4,1,1,5,0,7,0,4,0,0,18,15,15
77,outside,805,8,4,4,1,1,6,0,8,0,5,0,0,24,21,21
77,outside,806,8,4,4,0,1,7,0,8,0,5,0,0,30,28,28
77,outside,807,9,4,5,1,0,8,0,9,0,6,0,0,36,36,36
77,outside,808,9,4,5,0,1,8,0,9,0,6,0,0,44,44,44
77,outside,809,10,5,5,1,0,9,0,10,0,7,0,0,52,53,53
77,outside,810,10,5,5,1,1,8,0,10,0,8,1,0,60,61,61
77,outside,811,11,6,5,1,1,9,0,11,0,9,1,0,68,70,70
77,outside,812,11,6,5,1,1,9,0,11,0,10,2,0,78,79,79
77,outside,813,11,6,5,0,1,10,0,11,0,10,2,0,88,89,89
77,outside,814,13,8,5,2,0,11,0,13,0,12,2,0,100,100,100
77,outside,815,13,8,5,1,2,10,0,13,0,13,3,0,112,110,110
77,outside,816,15,9,6,2,1,12,0,15,0,15,3,0,122,122,122
77,outside,817,17,11,6,2,2,13,0,17,0,17,3,0,136,135,135
77,outside,818,17,11,6,0,2,15,0,17,0,17,3,0,152,150,150
77,outside,819,19,11,8,3,0,16,0,19,0,20,4,0,170,166,166
77,outside,820,20,11,9,1,3,16,0,20,0,21,4,0,190,182,182
77,outside,821,22,14,8,4,1,17,0,22,0,25,6,0,210,199,199
77,outside,822,21,12,9,1,3,17,0,21,0,26,8,0,232,216,216
77,outside,823,25,13,12,4,1,20,0,25,0,30,8,0,252,236,236
77,outside,824,28,14,14,5,4,19,0,28,0,35,10,0,276,255,255
77,outside,825,31,16,15,3,5,23,0,31,0,38,10,0,298,278,278
77,outside,826,33,19,14,3,3,27,0,33,0,41,11,0,322,305,305
77,outside,827,36,20,16,5,3,28,0,36,0,46,13,0,350,333,333
77,outside,828,40,22,18,6,4,30,0,40,0,52,15,0,378,363,363
77,outside,829,45,25,20,6,6,33,0,45,0,58,16,0,410,396,396
77,outside,830,52,30,22,8,6,38,0,52,0,66,17,0,446,434,434
77,outside,831,54,32,22,4,8,42,0,54,0,70,19,0,488,476,476
77,outside,832,63,38,25,10,4,49,0,63,0,80,20,0,536,525,525
77,outside,833,70,41,29,8,10,52,0,70,0,88,21,0,594,577,577
77,outside,834,80,46,34,11,8,61,0,80,0,99,22,0,658,638,638
77,outside,835,94,54,40,15,11,68,0,94,0,114,23,0,732,706,706
77,outside,836,106,61,45,14,15,77,0,106,0,128,25,0,810,783,783
77,outside,837,115,65,50,14,14,87,0,115,0,142,30,0,898,870,870
77,outside,838,128,70,58,16,14,98,0,128,0,158,33,0,996,968,968
77,outside,839,141,79,62,14,16,111,0,141,0,172,34,0,1104,1079,1079
77,outside,840,163,90,73,24,14,125,0,163,0,196,36,0,1226,1204,1204
77,outside,841,186,104,82,25,22,139,0,186,0,221,38,0,1364,1343,1343
77,outside,842,206,109,97,26,25,155,0,206,0,247,44,0,1522,1498,1498
77,outside,843,221,115,106,21,24,176,0,221,0,268,50,0,1694,1674,1674
77,outside,844,251,131,120,38,20,193,0,251,0,306,58,0,1892,1867,1867
77,outside,845,271,140,131,25,38,208,0,271,0,331,63,0,2102,2075,2075
77,outside,846,307,151,156,44,25,238,0,307,0,375,71,0,2316,2313,2313
77,outside,847,326,156,170,33,44,249,0,326,0,408,85,0,2560,2562,2562
77,outside,848,363,177,186,45,32,286,0,363,0,453,93,0,2816,2848,2848
77,outside,849,395,198,197,40,45,310,0,395,0,493,101,0,3094,3158,3158
77,outside,850,442,220,222,55,39,348,0,442,0,548,109,0,3390,3506,3506
78,farmyard,800,3,2,1,0,0,3,3,0,0,0,0,0,0,0,0
78,farmyard,801,4,3,1,1,0,3,4,0,0,1,0,0,8,3,3
78,farmyard,802,4,3,1,0,1,3,4,0,0,1,0,0,16,6,6
78,farmyard,803,5,3,2,1,0,4,5,0,1,2,0,0,24,10,10
78,farmyard,804,5,3,2,0,1,4,5,0,1,2,0,0,36,14,14
78,farmyard,805,5,4,1,1,0,4,5,0,1,3,1,0,48,18,18
78,farmyard,806,6,5,1,1,1,4,6,0,1,4,1,0,60,22,22
78,farmyard,807,7,5,2,1,1,5,7,0,1,5,1,0,72,27,27
78,farmyard,808,6,4,2,0,1,5,6,0,1,5,2,0,88,32,32
78,farmyard,809,9,6,3,4,0,5,9,0,1,9,3,0,104,37,37
78,farmyard,810,9,6,3,0,4,5,9,0,1,9,3,0,120,42,42
78,farmyard,811,10,6,4,3,0,7,10,0,1,12,5,0,136,49,49
78,farmyard,812,7,4,3,0,3,4,7,0,1,12,8,0,156,53,53
78,farmyard,813,9,5,4,2,0,7,9,0,1,14,8,0,168,60,60
78,farmyard,814,8,5,3,0,2,6,8,0,1,14,9,0,184,66,66
78,farmyard,815,7,4,3,1,0,6,7,0,1,15,11,0,200,72,72
78,farmyard,816,6,3,3,0,1,5,6,0,1,15,12,0,212,77,77
78,farmyard,817,5,2,3,0,0,5,5,0,1,15,13,0,220,82,82
78,farmyard,818,6,3,3,1,0,5,6,0,1,16,13,0,228,87,87
78,farmyard,819,6,3,3,0,1,5,6,0,1,16,13,0,236,92,92
78,farmyard,820,6,3,3,0,0,6,6,0,1,16,13,0,244,98,98
78,farmyard,821,8,4,4,2,0,6,8,0,1,18,13,0,256,104,104
78,farmyard,822,9,4,5,1,2,6,9,0,1,19,13,0,268,110,110
78,farmyard,823,9,5,4,2,1,6,9,0,1,21,15,0,280,116,116
78,farmyard,824,8,5,3,0,2,6,8,0,1,21,16,0,292,122,122
78,farmyard,825,7,4,3,0,0,7,7,0,1,21,17,0,304,129,129
78,farmyard,826,6,3,3,0,0,6,6,0,1,21,18,0,320,135,135
78,farmyard,827,6,2,4,1,0,5,6,0,1,22,19,0,332,140,140
78,farmyard,828,6,2,4,0,1,5,6,0,1,22,19,0,340,145,145
78,farmyard,829,7,2,5,1,0,6,7,0,1,23,19,0,348,151,151
78,farmyard,830,7,2,5,0,1,6,7,0,1,23,19,0,356,157,157
78,farmyard,831,7,2,5,0,0,7,7,0,1,23,19,0,364,164,164
78,farmyard,832,7,2,5,0,0,7,7,0,1,23,19,0,372,171,171
78,farmyard,833,5,1,4,0,0,5,5,0,1,23,21,0,380,176,176
78,farmyard,834,5,1,4,0,0,5,5,0,1,23,21,0,384,181,181
78,farmyard,835,4,1,3,0,0,4,4,0,0,23,22,0,388,185,185
78,farmyard,836,4,1,3,0,0,4,4,0,0,23,22,0,392,189,189
78,farmyard,837,4,1,3,0,0,4,4,0,0,23,22,0,396,193,193
78,farmyard,838,4,1,3,0,0,4,4,0,0,23,22,0,400,197,197
78,farmyard,839,3,1,2,0,0,3,3,0,0,23,23,0,404,200,200
78,farmyard,840,3,1,2,0,0,3,3,0,0,23,23,0,408,203,203
78,farmyard,841,3,1,2,0,0,3,3,0,0,23,23,0,412,206,206
78,farmyard,842,3,1,2,0,0,3,3,0,0,23,23,0,416,209,209
78,farmyard,843,1,0,1,0,0,1,1,0,0,23,25,0,420,210,210
78,farmyard,844,0,0,0,0,0,0,0,0,0,23,26,0,420,210,210
78,farmyard,845,0,0,0,0,0,0,0,0,0,23,26,0,420,210,210
78,farmyard,846,0,0,0,0,0,0,0,0,0,23,26,0,420,210,210
78,farmyard,847,0,0,0,0,0,0,0,0,0,23,26,0,420,210,210
78,farmyard,848,0,0,0,0,0,0,0,0,0,23,26,0,420,210,210
78,farmyard,849,0,0,0,0,0,0,0,0,0,23,26,0,420,210,210
78,farmyard,850,0,0,0,0,0,0,0,0,0,23,26,0,420,210,210
78,outside,800,3,2,1,0,0,3,0,3,0,0,0,0,0,0,0
78,outside,801,4,3,1,1,0,3,0,4,0,1,0,0,4,3,3
78,outside,802,4,3,1,0,1,3,0,4,0,1,0,0,8,6,6
78,outside,803,5,3,2,1,0,4,0,5,0,2,0,0,12,10,10
78,outside,804,5,3,2,0,1,4,0,5,0,2,0,0,18,14,14
78,outside,805,6,4,2,1,0,5,0,6,0,3,0,0,24,19,19
78,outside,806,8,5,3,2,1,5,0,8,0,5,0,0,30,24,24
78,outside,807,8,6,2,1,1,6,0,8,0,6,1,0,36,30,30
78,outside,808,10,7,3,2,1,7,0,10,0,8,1,0,44,37,37
78,outside,809,12,9,3,3,2,7,0,12,0,11,2,0,54,44,44
78,outside,810,13,10,3,1,3,9,0,13,0,12,2,0,66,53,53
78,outside,811,18,11,7,5,1,12,0,18,0,17,2,0,80,65,65
78,outside,812,20,13,7,2,5,13,0,20,0,19,2,0,98,78,78
78,outside,813,21,14,7,1,2,18,0,21,0,20,2,0,118,96,96
78,outside,814,25,17,8,4,1,20,0,25,0,24,2,0,140,116,116
78,outside,815,25,16,9,2,3,20,0,25,0,26,4,0,166,136,136
78,outside,816,28,17,11,4,2,22,0,28,0,30,5,0,192,158,158
78,outside,817,35,21,14,7,4,24,0,35,0,37,5,0,220,182,182
78,outside,818,37,23,14,2,7,28,0,37,0,39,5,0,250,210,210
78,outside,819,43,25,18,8,2,33,0,43,0,47,7,0,284,243,243
78,outside,820,45,26,19,5,8,32,0,45,0,52,10,0,322,275,275
78,outside,821,50,26,24,5,5,40,0,50,0,57,10,0,360,315,315
78,outside,822,60,30,30,10,5,45,0,60,0,67,10,0,406,360,360
78,outside,823,64,32,32,4,10,50,0,64,0,71,10,0,458,410,410
78,outside,824,71,37,34,9,4,58,0,71,0,80,12,0,510,468,468
78,outside,825,77,42,35,8,9,60,0,77,0,88,14,0,568,528,528
78,outside,826,86,48,38,11,8,67,0,86,0,99,16,0,628,595,595
78,outside,827,98,53,45,14,10,74,0,98,0,113,18,0,700,669,669
78,outside,828,110,59,51,13,13,84,0,110,0,126,19,0,784,753,753
78,outside,829,121,62,59,15,13,93,0,121,0,141,23,0,878,846,846
78,outside,830,128,64,64,9,15,104,0,128,0,150,25,0,976,950,950
78,outside,831,146,77,69,24,8,114,0,146,0,174,31,0,1086,1064,1064
78,outside,832,156,84,72,16,24,116,0,156,0,190,37,0,1208,1180,1180
78,outside,833,174,91,83,23,16,135,0,174,0,213,42,0,1328,1315,1315
78,outside,834,184,97,87,18,22,144,0,184,0,231,50,0,1470,1459,1459
78,outside,835,208,101,107,32,17,159,0,208,0,263,58,0,1624,1618,1618
78,outside,836,229,114,115,24,32,173,0,229,0,287,61,0,1786,1791,1791
78,outside,837,250,124,126,29,22,199,0,250,0,316,69,0,1962,1990,1990
78,outside,838,271,136,135,29,29,213,0,271,0,345,77,0,2152,2203,2203
78,outside,839,297,151,146,32,27,238,0,297,0,377,83,0,2362,2441,2441
78,outside,840,328,167,161,36,32,260,0,328,0,413,88,0,2596,2701,2701
78,outside,841,363,182,181,45,36,282,0,363,0,458,98,0,2852,2983,2983
78,outside,842,405,203,202,48,45,312,0,405,0,506,104,0,3134,3295,3295
78,outside,843,451,222,229,61,48,342,0,451,0,567,119,0,3454,3637,3637
78,outside,844,488,251,237,54,58,376,0,488,0,621,136,0,3802,4013,4013
78,outside,845,551,276,275,70,54,427,0,551,0,691,143,0,4184,4440,4440
78,outside,846,604,299,305,72,67,465,0,604,0,763,162,0,4606,4905,4905
78,outside,847,657,330,327,76,71,510,0,657,0,839,185,0,5082,5415,5415
78,outside,848,714,361,353,82,73,559,0,714,0,921,210,0,5592,5974,5974
78,outside,849,771,390,381,82,80,609,0,771,0,1003,235,0,6148,6583,6583
78,outside,850,864,440,424,109,80,675,0,864,0,1112,251,0,6764,7258,7258
79,farmyard,800,3,2,1,0,0,3,3,0,0,0,0,0,0,0,0
79,farmyard,801,4,3,1,1,0,3,4,0,0,1,0,0,8,3,3
79,farmyard,802,5,3,2,1,1,3,5,0,1,2,0,0,16,6,6
79,farmyard,803,6,3,3,1,1,4,6,0,1,3,0,0,24,10,10
79,farmyard,804,7,4,3,2,1,4,7,0,1,5,1,0,36,14,14
79,farmyard,805,6,3,3,0,2,4,6,0,1,5,2,0,48,18,18
79,farmyard,806,7,4,3,1,0,6,7,0,1,6,2,0,56,24,24
79,farmyard,807,8,5,3,1,1,6,8,0,1,7,2,0,68,30,30
79,farmyard,808,10,6,4,2,1,7,10,0,1,9,2,0,80,37,37
79,farmyard,809,10,6,4,1,1,8,10,0,1,10,3,0,96,45,45
79,farmyard,810,10,7,3,1,1,8,10,0,1,11,4,0,116,53,53
79,farmyard,811,9,5,4,2,1,6,9,0,1,13,7,0,136,59,59
79,farmyard,812,8,4,4,0,2,6,8,0,1,13,8,0,148,65,65
79,farmyard,813,7,4,3,0,0,7,7,0,1,13,9,0,160,72,72
79,farmyard,814,8,4,4,1,0,7,8,0,1,14,9,0,176,79,79
79,farmyard,815,8,4,4,0,1,7,8,0,1,14,9,0,192,86,86
79,farmyard,816,8,4,4,1,0,7,8,0,1,15,10,0,208,93,93
79,farmyard,817,7,4,3,1,1,5,7,0,1,16,12,0,220,98,98
79,farmyard,818,6,3,3,0,1,5,6,0,1,16,13,0,232,103,103
79,farmyard,819,6,3,3,0,0,6,6,0,1,16,13,0,244,109,109
79,farmyard,820,7,3,4,2,0,5,7,0,1,18,14,0,256,114,114
79,farmyard,821,5,2,3,0,1,4,5,0,1,18,16,0,264,118,118
79,farmyard,822,6,2,4,1,0,5,6,0,1,19,16,0,272,123,123
79,farmyard,823,5,1,4,0,1,4,5,0,1,19,17,0,280,127,127
79,farmyard,824,5,1,4,0,0,5,5,0,1,19,17,0,284,132,132
79,farmyard,825,4,1,3,0,0,4,4,0,0,19,18,0,288,136,136
79,farmyard,826,4,1,3,0,0,4,4,0,0,19,18,0,292,140,140
79,farmyard,827,4,1,3,0,0,4,4,0,0,19,18,0,296,144,144
79,farmyard,828,4,1,3,0,0,4,4,0,0,19,18,0,300,148,148
79,farmyard,829,4,1,3,0,0,4,4,0,0,19,18,0,304,152,152
79,farmyard,830,4,1,3,0,0,4,4,0,0,19,18,0,308,156,156
79,farmyard,831,4,1,3,0,0,4,4,0,0,19,18,0,312,160,160
79,farmyard,832,3,0,3,0,0,3,3,0,0,19,19,0,316,163,163
79,farmyard,833,3,0,3,0,0,3,0,3,0,19,19,0,316,166,166
79,farmyard,834,3,0,3,0,0,3,0,3,0,19,19,0,316,169,169
79,farmyard,835,3,0,3,0,0,3,0,3,0,19,19,0,316,172,172
79,farmyard,836,3,0,3,0,0,3,0,3,0,19,19,0,316,175,175
79,farmyard,837,3,0,3,0,0,3,0,3,0,19,19,0,316,178,178
79,farmyard,838,1,0,1,0,0,1,0,1,0,19,21,0,316,179,179
79,farmyard,839,0,0,0,0,0,0,0,0,0,19,22,0,316,179,179
79,farmyard,840,0,0,0,0,0,0,0,0,0,19,22,0,316,179,179
79,farmyard,841,0,0,0,0,0,0,0,0,0,19,22,0,316,179,179
79,farmyard,842,0,0,0,0,0,0,0,0,0,19,22,0,316,179,179
79,farmyard,843,0,0,0,0,0,0,0,0,0,19,22,0,316,179,179
79,farmyard,844,0,0,0,0,0,0,0,0,0,19,22,0,316,179,179
79,farmyard,845,0,0,0,0,0,0,0,0,0,19,22,0,316,179,179
79,farmyard,846,0,0,0,0,0,0,0,0,0,19,22,0,316,179,179
79,farmyard,847,0,0,0,0,0,0,0,0,0,19,22,0,316,179,179
79,farmyard,848,0,0,0,0,0,0,0,0,0,19,22,0,316,179,179
79,farmyard,849,0,0,0,0,0,0,0,0,0,19,22,0,316,179,179
79,farmyard,850,0,0,0,0,0,0,0,0,0,19,22,0,316,179,179
79,outside,800,3,2,1,0,0,3,0,3,0,0,0,0,0,0,0
79,outside,801,4,3,1,1,0,3,0,4,0,1,0,0,4,3,3
79,outside,802,5,3,2,1,1,3,0,5,0,2,0,0,8,6,6
79,outside,803,6,3,3,1,1,4,0,6,0,3,0,0,12,10,10
79,outside,804,8,4,4,2,1,5,0,8,0,5,0,0,18,15,15
79,outside,805,8,4,4,1,2,5,0,8,0,6,1,0,24,20,20
79,outside,806,10,5,5,2,1,7,0,10,0,8,1,0,28,27,27
79,outside,807,9,4,5,0,2,7,0,9,0,8,2,0,34,34,34
79,outside,808,11,5,6,2,0,9,0,11,0,10,2,0,40,43,43
79,outside,809,12,6,6,1,2,9,0,12,0,11,2,0,48,52,52
79,outside,810,13,6,7,1,1,11,0,13,0,12,2,0,56,63,63
79,outside,811,14,6,8,3,1,10,0,14,0,15,4,0,66,73,73
79,outside,812,15,7,8,1,3,11,0,15,0,16,4,0,74,84,84
79,outside,813,18,8,10,3,1,14,0,18,0,19,4,0,82,98,98
79,outside,814,20,9,11,2,3,15,0,20,0,21,4,0,94,113,113
79,outside,815,25,11,14,5,2,18,0,25,0,26,4,0,108,131,131
79,outside,816,27,11,16,2,5,20,0,27,0,28,4,0,124,151,151
79,outside,817,32,13,19,6,2,24,0,32,0,34,5,0,142,175,175
79,outside,818,35,14,21,4,6,25,0,35,0,38,6,0,164,200,200
79,outside,819,37,14,23,4,4,29,0,37,0,42,8,0,184,229,229
79,outside,820,41,19,22,5,4,32,0,41,0,47,9,0,206,261,261
79,outside,821,42,19,23,2,5,35,0,42,0,49,10,0,232,296,296
79,outside,822,47,21,26,6,2,39,0,47,0,55,11,0,260,335,335
79,outside,823,53,24,29,6,6,41,0,53,0,61,11,0,296,376,376
79,outside,824,58,28,30,5,6,47,0,58,0,66,11,0,332,423,423
79,outside,825,64,28,36,9,4,51,0,64,0,75,14,0,374,474,474
79,outside,826,71,30,41,8,9,54,0,71,0,83,15,0,418,528,528
79,outside,827,78,37,41,9,8,61,0,78,0,92,17,0,466,589,589
79,outside,828,80,36,44,6,9,65,0,80,0,98,21,0,520,654,654
79,outside,829,90,42,48,14,6,70,0,90,0,112,25,0,574,724,724
79,outside,830,100,44,56,11,14,75,0,100,0,123,26,0,640,799,799
79,outside,831,111,50,61,13,10,88,0,111,0,136,28,0,710,887,887
79,outside,832,116,52,64,10,12,94,0,116,0,146,33,0,794,981,981
79,outside,833,127,56,71,14,10,103,0,127,0,160,36,0,876,1084,1084
79,outside,834,139,59,80,17,14,108,0,139,0,177,41,0,966,1192,1192
79,outside,835,153,65,88,20,17,116,0,153,0,197,47,0,1062,1308,1308
79,outside,836,162,69,93,12,20,130,0,162,0,209,50,0,1164,1438,1438
79,outside,837,177,77,100,23,11,143,0,177,0,232,58,0,1272,1581,1581
79,outside,838,192,86,106,19,23,150,0,192,0,251,62,0,1394,1731,1731
79,outside,839,215,98,117,28,19,168,0,215,0,279,67,0,1522,1899,1899
79,outside,840,234,109,125,24,28,182,0,234,0,303,72,0,1668,2081,2081
79,outside,841,256,122,134,27,24,205,0,256,0,330,77,0,1834,2286,2286
79,outside,842,278,135,143,29,27,222,0,278,0,359,84,0,2026,2508,2508
79,outside,843,305,151,154,34,29,242,0,305,0,393,91,0,2232,2750,2750
79,outside,844,330,162,168,37,32,261,0,330,0,430,103,0,2462,3011,3011
79,outside,845,356,173,183,38,37,281,0,356,0,468,115,0,2722,3292,3292
79,outside,846,394,196,198,47,37,310,0,394,0,515,124,0,3000,3602,3602
79,outside,847,434,221,213,48,47,339,0,434,0,563,132,0,3306,3941,3941
79,outside,848,481,237,244,59,48,374,0,481,0,622,144,0,3640,4315,4315
79,outside,849,522,255,267,61,56,405,0,522,0,683,164,0,4010,4720,4720
79,outside,850,572,278,294,64,60,448,0,572,0,747,178,0,4418,5168,5168
80,farmyard,800,3,2,1,0,0,3,3,0,0,0,0,0,0,0,0
80,farmyard,801,4,2,2,1,0,3,4,0,0,1,0,0,8,3,3
80,farmyard,802,5,3,2,1,1,3,5,0,1,2,0,0,16,6,6
80,farmyard,803,6,4,2,1,1,4,6,0,1,3,0,0,24,10,10
80,farmyard,804,6,4,2,0,1,5,6,0,1,3,0,0,32,15,15
80,farmyard,805,8,6,2,2,0,6,8,0,1,5,0,0,44,21,21
80,farmyard,806,9,7,2,1,2,6,9,0,1,6,0,0,60,27,27
80,farmyard,807,10,9,1,2,1,7,10,0,1,8,1,0,76,34,34
80,farmyard,808,12,10,2,3,2,7,12,0,1,11,2,0,100,41,41
80,farmyard,809,11,8,3,2,2,7,11,0,1,13,5,0,124,48,48
80,farmyard,810,10,7,3,0,2,8,10,0,1,13,6,0,148,56,56
80,farmyard,811,9,8,1,3,0,6,9,0,1,16,10,0,172,62,62
80,farmyard,812,8,7,1,0,3,5,8,0,1,16,11,0,192,67,67
80,farmyard,813,5,5,0,0,0,5,5,0,1,16,14,0,208,72,72
80,farmyard,814,5,5,0,0,0,5,5,0,1,16,14,0,228,77,77
80,farmyard,815,5,5,0,0,0,5,5,0,1,16,14,0,248,82,82
80,farmyard,816,5,5,0,0,0,5,5,0,1,16,14,0,268,87,87
80,farmyard,817,5,5,0,0,0,5,5,0,1,16,14,0,288,92,92
80,farmyard,818,5,5,0,0,0,5,5,0,1,16,14,0,308,97,97
80,farmyard,819,5,5,0,0,0,5,5,0,1,16,14,0,328,102,102
80,farmyard,820,5,5,0,0,0,5,5,0,1,16,14,0,348,107,107
80,farmyard,821,5,5,0,0,0,5,5,0,1,16,14,0,368,112,112
80,farmyard,822,5,5,0,0,0,5,5,0,1,16,14,0,388,117,117
80,farmyard,823,4,4,0,0,0,4,4,0,0,16,15,0,408,121,121
80,farmyard,824,4,4,0,0,0,4,4,0,0,16,15,0,424,125,125
80,farmyard,825,3,3,0,0,0,3,3,0,0,16,16,0,440,128,128
80,farmyard,826,3,3,0,0,0,3,3,0,0,16,16,0,452,131,131
80,farmyard,827,3,3,0,0,0,3,3,0,0,16,16,0,464,134,134
80,farmyard,828,3,3,0,0,0,3,3,0,0,16,16,0,476,137,137
80,farmyard,829,3,3,0,0,0,3,3,0,0,16,16,0,488,140,140
80,farmyard,830,1,1,0,0,0,1,1,0,0,16,18,0,500,141,141
80,farmyard,831,1,1,0,0,0,1,1,0,0,16,18,0,504,142,142
80,farmyard,832,1,1,0,0,0,1,1,0,0,16,18,0,508,143,143
80,farmyard,833,1,1,0,0,0,1,1,0,0,16,18,0,512,144,144
80,farmyard,834,0,0,0,0,0,0,0,0,0,16,19,0,516,144,144
80,farmyard,835,0,0,0,0,0,0,0,0,0,16,19,0,516,144,144
80,farmyard,836,0,0,0,0,0,0,0,0,0,16,19,0,516,144,144
80,farmyard,837,0,0,0,0,0,0,0,0,0,16,19,0,516,144,144
80,farmyard,838,0,0,0,0,0,0,0,0,0,16,19,0,516,144,144
80,farmyard,839,0,0,0,0,0,0,0,0,0,16,19,0,516,144,144
80,farmyard,840,0,0,0,0,0,0,0,0,0,16,19,0,516,144,144
80,farmyard,841,0,0,0,0,0,0,0,0,0,16,19,0,516,144,144
80,farmyard,842,0,0,0,0,0,0,0,0,0,16,19,0,516,144,144
80,farmyard,843,0,0,0,0,0,0,0,0,0,16,19,0,516,144,144
80,farmyard,844,0,0,0,0,0,0,0,0,0,16,19,0,516,144,144
80,farmyard,845,0,0,0,0,0,0,0,0,0,16,19,0,516,144,144
80,farmyard,846,0,0,0,0,0,0,0,0,0,16,19,0,516,144,144
80,farmyard,847,0,0,0,0,0,0,0,0,0,16,19,0,516,144,144
80,farmyard,848,0,0,0,0,0,0,0,0,0,16,19,0,516,144,144
80,farmyard,849,0,0,0,0,0,0,0,0,0,16,19,0,516,144,144
80,farmyard,850,0,0,0,0,0,0,0,0,0,16,19,0,516,144,144
80,outside,800,3,2,1,0,0,3,0,3,0,0,0,0,0,0,0
80,outside,801,4,2,2,1,0,3,0,4,0,1,0,0,4,3,3
80,outside,802,5,3,2,1,1,3,0,5,0,2,0,0,8,6,6
80,outside,803,6,4,2,1,1,4,0,6,0,3,0,0,12,10,10
80,outside,804,6,4,2,0,1,5,0,6,0,3,0,0,16,15,15
80,outside,805,8,6,2,2,0,6,0,8,0,5,0,0,22,21,21
80,outside,806,9,7,2,1,2,6,0,9,0,6,0,0,30,27,27
80,outside,807,11,9,2,2,1,8,0,11,0,8,0,0,38,35,35
80,outside,808,14,12,2,3,2,9,0,14,0,11,0,0,50,44,44
80,outside,809,16,13,3,2,3,11,0,16,0,13,0,0,64,55,55
80,outside,810,21,17,4,5,2,14,0,21,0,18,0,0,82,69,69
80,outside,811,25,20,5,4,5,16,0,25,0,22,0,0,106,85,85
80,outside,812,30,22,8,6,4,20,0,30,0,28,1,0,132,105,105
80,outside,813,36,27,9,6,6,24,0,36,0,34,1,0,164,129,129
80,outside,814,39,27,12,5,6,28,0,39,0,39,3,0,202,157,157
80,outside,815,49,31,18,11,5,33,0,49,0,50,4,0,242,190,190
80,outside,816,57,36,21,8,11,38,0,57,0,58,4,0,292,228,228
80,outside,817,71,45,26,14,8,49,0,71,0,72,4,0,346,277,277
80,outside,818,79,50,29,9,13,57,0,79,0,81,5,0,408,334,334
80,outside,819,90,54,36,12,9,69,0,90,0,93,6,0,480,403,403
80,outside,820,107,60,47,18,12,77,0,107,0,111,7,0,566,480,480
80,outside,821,121,63,58,16,17,88,0,121,0,127,9,0,662,568,568
80,outside,822,132,66,66,13,16,103,0,132,0,140,11,0,766,671,671
80,outside,823,147,71,76,15,13,119,0,147,0,155,11,0,878,790,790
80,outside,824,164,80,84,19,14,131,0,164,0,174,13,0,1000,921,921
80,outside,825,173,84,89,13,19,141,0,173,0,187,17,0,1130,1062,1062
80,outside,826,186,93,93,19,13,154,0,186,0,206,23,0,1268,1216,1216
80,outside,827,196,96,100,18,18,160,0,196,0,224,31,0,1420,1376,1376
80,outside,828,211,102,109,22,18,171,0,211,0,246,38,0,1572,1547,1547
80,outside,829,226,107,119,21,21,184,0,226,0,267,44,0,1738,1731,1731
80,outside,830,244,114,130,25,21,198,0,244,0,292,51,0,1916,1929,1929
80,outside,831,267,127,140,29,24,214,0,267,0,321,57,0,2104,2143,2143
80,outside,832,291,142,149,31,28,232,0,291,0,352,64,0,2302,2375,2375
80,outside,833,308,155,153,33,30,245,0,308,0,385,80,0,2520,2620,2620
80,outside,834,349,172,177,47,31,271,0,349,0,432,86,0,2756,2891,2891
80,outside,835,376,185,191,37,46,293,0,376,0,469,96,0,3018,3184,3184
80,outside,836,412,206,206,50,36,326,0,412,0,519,110,0,3308,3510,3510
80,outside,837,454,234,220,56,50,348,0,454,0,575,124,0,3632,3858,3858
80,outside,838,492,248,244,53,55,384,0,492,0,628,139,0,3980,4242,4242
80,outside,839,558,274,284,82,52,424,0,558,0,710,155,0,4364,4666,4666
80,outside,840,593,291,302,52,79,462,0,593,0,762,172,0,4796,5128,5128
80,outside,841,673,331,342,92,52,529,0,673,0,854,184,0,5254,5608,5657
80,outside,842,731,364,367,79,89,563,0,731,0,933,205,0,5774,6149,6220
80,outside,843,803,402,401,88,78,637,0,803,0,1021,221,0,6338,6732,6857
80,outside,844,889,433,456,108,86,695,0,889,0,1129,243,0,6968,7384,7552
80,outside,845,975,475,500,114,108,753,0,975,0,1243,271,0,7658,8094,8305
80,outside,846,1066,525,541,118,113,835,0,1066,0,1361,298,0,8418,8877,9140
80,outside,847,1182,577,605,143,115,924,0,1182,0,1504,325,0,9234,9713,10064
80,outside,848,1284,631,653,144,140,1000,0,1284,0,1648,367,0,10134,10634,11064
80,outside,849,1406,688,718,158,143,1105,0,1406,0,1806,403,0,11112,11633,12169
80,outside,850,1544,752,792,185,156,1203,0,1544,0,1991,450,0,12176,12717,13372
81,farmyard,800,3,2,1,0,0,3,3,0,0,0,0,0,0,0,0
81,farmyard,801,5,4,1,2,0,3,5,0,1,2,0,0,8,3,3
81,farmyard,802,5,4,1,0,2,3,5,0,1,2,0,0,16,6,6
81,farmyard,803,7,5,2,2,0,5,7,0,1,4,0,0,24,11,11
81,farmyard,804,9,6,3,2,2,5,9,0,1,6,0,0,40,16,16
81,farmyard,805,11,7,4,2,2,7,11,0,1,8,0,0,56,23,23
81,farmyard,806,13,8,5,2,2,9,13,0,1,10,0,0,76,32,32
81,farmyard,807,14,9,5,3,1,10,14,0,1,13,2,0,100,42,42
81,farmyard,808,11,7,4,0,3,8,11,0,1,13,5,0,124,50,50
81,farmyard,809,14,7,7,5,0,9,14,0,1,18,7,0,140,59,59
81,farmyard,810,13,7,6,0,5,8,13,0,1,18,8,0,164,67,67
81,farmyard,811,17,7,10,4,0,13,17,0,1,22,8,0,188,80,80
81,farmyard,812,14,6,8,1,4,9,14,0,1,23,12,0,216,89,89
81,farmyard,813,14,6,8,2,1,11,14,0,1,25,14,0,236,100,100
81,farmyard,814,14,6,8,2,2,10,14,0,1,27,16,0,256,110,110
81,farmyard,815,13,6,7,1,2,10,13,0,1,28,18,0,276,120,120
81,farmyard,816,10,3,7,0,0,10,10,0,1,28,21,0,292,130,130
81,farmyard,817,9,3,6,1,0,8,9,0,1,29,23,0,304,138,138
81,farmyard,818,10,4,6,1,1,8,10,0,1,30,23,0,312,146,146
81,farmyard,819,8,3,5,1,0,7,8,0,1,31,26,0,320,153,153
81,farmyard,820,8,3,5,1,1,6,8,0,1,32,27,0,332,159,159
81,farmyard,821,6,2,4,0,1,5,6,0,1,32,29,0,340,164,164
81,farmyard,822,5,1,4,1,0,4,5,0,1,33,31,0,344,168,168
81,farmyard,823,5,1,4,0,1,4,5,0,1,33,31,0,348,172,172
81,farmyard,824,5,1,4,1,0,4,5,0,1,34,32,0,352,176,176
81,farmyard,825,5,1,4,0,1,4,5,0,1,34,32,0,356,180,180
81,farmyard,826,4,0,4,0,0,4,4,0,0,34,33,0,360,184,184
81,farmyard,827,4,0,4,0,0,4,4,0,0,34,33,0,360,188,188
81,farmyard,828,4,0,4,0,0,4,4,0,0,34,33,0,360,192,192
81,farmyard,829,4,0,4,0,0,4,4,0,0,34,33,0,360,196,196
81,farmyard,830,4,0,4,0,0,4,4,0,0,34,33,0,360,200,200
81,farmyard,831,4,0,4,0,0,4,4,0,0,34,33,0,360,204,204
81,farmyard,832,4,0,4,0,0,4,4,0,0,34,33,0,360,208,208
81,farmyard,833,4,0,4,0,0,4,4,0,0,34,33,0,360,212,212
81,farmyard,834,4,0,4,0,0,4,4,0,0,34,33,0,360,216,216
81,farmyard,835,3,0,3,0,0,3,3,0,0,34,34,0,360,219,219
81,farmyard,836,2,0,2,0,0,2,2,0,0,34,35,0,360,221,221
81,farmyard,837,2,0,2,0,0,2,2,0,0,34,35,0,360,223,223
81,farmyard,838,0,0,0,0,0,0,0,0,0,34,37,0,360,223,223
81,farmyard,839,0,0,0,0,0,0,0,0,0,34,37,0,360,223,223
81,farmyard,840,0,0,0,0,0,0,0,0,0,34,37,0,360,223,223
81,farmyard,841,0,0,0,0,0,0,0,0,0,34,37,0,360,223,223
81,farmyard,842,0,0,0,0,0,0,0,0,0,34,37,0,360,223,223
81,farmyard,843,0,0,0,0,0,0,0,0,0,34,37,0,360,223,223
81,farmyard,844,0,0,0,0,0,0,0,0,0,34,37,0,360,223,223
81,farmyard,845,0,0,0,0,0,0,0,0,0,34,37,0,360,223,223
81,farmyard,846,0,0,0,0,0,0,0,0,0,34,37,0,360,223,223
81,farmyard,847,0,0,0,0,0,0,0,0,0,34,37,0,360,223,223
81,farmyard,848,0,0,0,0,0,0,0,0,0,34,37,0,360,223,223
81,farmyard,849,0,0,0,0,0,0,0,0,0,34,37,0,360,223,223
81,farmyard,850,0,0,0,0,0,0,0,0,0,34,37,0,360,223,223
81,outside,800,3,2,1,0,0,3,0,3,0,0,0,0,0,0,0
81,outside,801,5,4,1,2,0,3,0,5,0,2,0,0,4,3,3
81,outside,802,5,4,1,0,2,3,0,5,0,2,0,0,8,6,6
81,outside,803,8,6,2,3,0,5,0,8,0,5,0,0,12,11,11
81,outside,804,7,5,2,0,3,4,0,7,0,5,1,0,20,15,15
81,outside,805,9,5,4,2,0,7,0,9,0,7,1,0,26,22,22
81,outside,806,11,7,4,2,2,7,0,11,0,9,1,0,36,29,29
81,outside,807,11,7,4,1,2,8,0,11,0,10,2,0,46,37,37
81,outside,808,14,9,5,3,1,10,0,14,0,13,2,0,56,47,47
81,outside,809,14,9,5,1,3,10,0,14,0,14,3,0,70,57,57
81,outside,810,16,10,6,2,1,13,0,16,0,16,3,0,82,70,70
81,outside,811,21,13,8,5,2,14,0,21,0,21,3,0,98,84,84
81,outside,812,24,15,9,3,5,16,0,24,0,24,3,0,116,100,100
81,outside,813,27,16,11,4,3,20,0,27,0,28,4,0,136,120,120
81,outside,814,33,19,14,6,4,23,0,33,0,34,4,0,162,143,143
81,outside,815,35,20,15,2,6,27,0,35,0,36,4,0,192,170,170
81,outside,816,39,22,17,6,2,31,0,39,0,42,6,0,224,201,201
81,outside,817,46,23,23,7,6,33,0,46,0,49,6,0,260,234,234
81,outside,818,50,26,24,4,7,39,0,50,0,53,6,0,298,273,273
81,outside,819,59,30,29,9,4,46,0,59,0,62,6,0,342,319,319
81,outside,820,59,31,28,4,7,48,0,59,0,66,10,0,388,367,367
81,outside,821,70,37,33,11,4,55,0,70,0,77,10,0,436,422,422
81,outside,822,75,40,35,5,11,59,0,75,0,82,10,0,492,481,481
81,outside,823,88,47,41,14,5,69,0,88,0,96,11,0,554,550,550
81,outside,824,95,54,41,8,13,74,0,95,0,104,12,0,626,624,624
81,outside,825,105,60,45,13,8,84,0,105,0,117,15,0,704,708,708
81,outside,826,120,71,49,17,13,90,0,120,0,134,17,0,794,798,798
81,outside,827,135,83,52,17,17,101,0,135,0,151,19,0,898,899,899
81,outside,828,152,90,62,23,16,113,0,152,0,174,25,0,1014,1012,1012
81,outside,829,168,98,70,23,22,123,0,168,0,197,32,0,1146,1135,1135
81,outside,830,189,105,84,24,22,143,0,189,0,221,35,0,1298,1278,1278
81,outside,831,216,116,100,31,24,161,0,216,0,252,39,0,1470,1439,1439
81,outside,832,247,134,113,35,31,181,0,247,0,287,43,0,1658,1620,1620
81,outside,833,268,140,128,29,33,206,0,268,0,316,51,0,1864,1826,1826
81,outside,834,303,162,141,42,29,232,0,303,0,358,58,0,2088,2058,2058
81,outside,835,323,173,150,29,42,252,0,323,0,387,67,0,2342,2310,2310
81,outside,836,360,191,169,46,28,286,0,360,0,433,76,0,2608,2596,2596
81,outside,837,394,207,187,43,44,307,0,394,0,476,85,0,2912,2903,2903
81,outside,838,444,239,205,59,43,342,0,444,0,535,94,0,3236,3245,3245
81,outside,839,472,250,222,45,57,370,0,472,0,580,111,0,3598,3615,3615
81,outside,840,534,279,255,69,45,420,0,534,0,649,118,0,3982,4035,4035
81,outside,841,584,303,281,64,67,453,0,584,0,713,132,0,4426,4488,4488
81,outside,842,648,333,315,77,64,507,0,648,0,790,145,0,4898,4995,4995
81,outside,843,723,370,353,97,75,551,0,723,0,887,167,0,5422,5546,5546
81,outside,844,797,410,387,93,95,609,0,797,0,980,186,0,5990,6155,6155
81,outside,845,882,455,427,105,91,686,0,882,0,1085,206,0,6608,6841,6841
81,outside,846,970,490,480,116,105,749,0,970,0,1201,234,0,7314,7590,7590
81,outside,847,1066,547,519,127,114,825,0,1066,0,1328,265,0,8092,8415,8415
81,outside,848,1169,601,568,137,122,910,0,1169,0,1465,299,0,8952,9325,9325
81,outside,849,1302,658,644,161,134,1007,0,1302,0,1626,327,0,9888,10300,10332
81,outside,850,1432,721,711,166,158,1108,0,1432,0,1792,363,0,10924,11368,11440
82,farmyard,800,3,2,1,0,0,3,3,0,0,0,0,0,0,0,0
82,farmyard,801,3,1,2,1,0,2,3,0,0,1,1,0,8,2,2
82,farmyard,802,3,1,2,0,1,2,3,0,0,1,1,0,12,4,4
82,farmyard,803,3,1,2,0,0,3,3,0,0,1,1,0,16,7,7
82,farmyard,804,3,1,2,0,0,3,3,0,0,1,1,0,20,10,10
82,farmyard,805,4,1,3,1,0,3,4,0,0,2,1,0,24,13,13
82,farmyard,806,4,1,3,0,1,3,4,0,0,2,1,0,28,16,16
82,farmyard,807,5,1,4,1,0,4,5,0,1,3,1,0,32,20,20
82,farmyard,808,5,1,4,0,1,4,5,0,1,3,1,0,36,24,24
82,farmyard,809,5,1,4,0,0,5,5,0,1,3,1,0,40,29,29
82,farmyard,810,5,1,4,0,0,5,5,0,1,3,1,0,44,34,34
82,farmyard,811,5,1,4,0,0,5,5,0,1,3,1,0,48,39,39
82,farmyard,812,4,1,3,0,0,4,4,0,0,3,2,0,52,43,43
82,farmyard,813,4,1,3,0,0,4,4,0,0,3,2,0,56,47,47
82,farmyard,814,4,1,3,0,0,4,4,0,0,3,2,0,60,51,51
82,farmyard,815,3,1,2,0,0,3,3,0,0,3,3,0,64,54,54
82,farmyard,816,3,1,2,0,0,3,3,0,0,3,3,0,68,57,57
82,farmyard,817,3,1,2,0,0,3,3,0,0,3,3,0,72,60,60
82,farmyard,818,2,0,2,0,0,2,2,0,0,3,4,0,76,62,62
82,farmyard,819,1,0,1,0,0,1,1,0,0,3,5,0,76,63,63
82,farmyard,820,1,0,1,0,0,1,1,0,0,3,5,0,76,64,64
82,farmyard,821,1,0,1,0,0,1,1,0,0,3,5,0,76,65,65
82,farmyard,822,0,0,0,0,0,0,0,0,0,3,6,0,76,65,65
82,farmyard,823,0,0,0,0,0,0,0,0,0,3,6,0,76,65,65
82,farmyard,824,0,0,0,0,0,0,0,0,0,3,6,0,76,65,65
82,farmyard,825,0,0,0,0,0,0,0,0,0,3,6,0,76,65,65
82,farmyard,826,0,0,0,0,0,0,0,0,0,3,6,0,76,65,65
82,farmyard,827,0,0,0,0,0,0,0,0,0,3,6,0,76,65,65
82,farmyard,828,0,0,0,0,0,0,0,0,0,3,6,0,76,65,65
82,farmyard,829,0,0,0,0,0,0,0,0,0,3,6,0,76,65,65
82,farmyard,830,0,0,0,0,0,0,0,0,0,3,6,0,76,65,65
82,farmyard,831,0,0,0,0,0,0,0,0,0,3,6,0,76,65,65
82,farmyard,832,0,0,0,0,0,0,0,0,0,3,6,0,76,65,65
82,farmyard,833,0,0,0,0,0,0,0,0,0,3,6,0,76,65,65
82,farmyard,834,0,0,0,0,0,0,0,0,0,3,6,0,76,65,65
82,farmyard,835,0,0,0,0,0,0,0,0,0,3,6,0,76,65,65
82,farmyard,836,0,0,0,0,0,0,0,0,0,3,6,0,76,65,65
82,farmyard,837,0,0,0,0,0,0,0,0,0,3,6,0,76,65,65
82,farmyard,838,0,0,0,0,0,0,0,0,0,3,6,0,76,65,65
82,farmyard,839,0,0,0,0,0,0,0,0,0,3,6,0,76,65,65
82,farmyard,840,0,0,0,0,0,0,0,0,0,3,6,0,76,65,65
82,farmyard,841,0,0,0,0,0,0,0,0,0,3,6,0,76,65,65
82,farmyard,842,0,0,0,0,0,0,0,0,0,3,6,0,76,65,65
82,farmyard,843,0,0,0,0,0,0,0,0,0,3,6,0,76,65,65
82,farmyard,844,0,0,0,0,0,0,0,0,0,3,6,0,76,65,65
82,farmyard,845,0,0,0,0,0,0,0,0,0,3,6,0,76,65,65
82,farmyard,846,0,0,0,0,0,0,0,0,0,3,6,0,76,65,65
82,farmyard,847,0,0,0,0,0,0,0,0,0,3,6,0,76,65,65
82,farmyard,848,0,0,0,0,0,0,0,0,0,3,6,0,76,65,65
82,farmyard,849,0,0,0,0,0,0,0,0,0,3,6,0,76,65,65
82,farmyard,850,0,0,0,0,0,0,0,0,0,3,6,0,76,65,65
82,outside,800,3,2,1,0,0,3,0,3,0,0,0,0,0,0,0
82,outside,801,3,1,2,1,0,2,0,3,0,1,1,0,4,2,2
82,outside,802,3,1,2,0,1,2,0,3,0,1,1,0,6,4,4
82,outside,803,3,1,2,0,0,3,0,3,0,1,1,0,8,7,7
82,outside,804,3,1,2,0,0,3,0,3,0,1,1,0,10,10,10
82,outside,805,4,1,3,1,0,3,0,4,0,2,1,0,12,13,13
82,outside,806,4,1,3,0,1,3,0,4,0,2,1,0,14,16,16
82,outside,807,5,1,4,1,0,4,0,5,0,3,1,0,16,20,20
82,outside,808,5,1,4,0,1,4,0,5,0,3,1,0,18,24,24
82,outside,809,5,1,4,0,0,5,0,5,0,3,1,0,20,29,29
82,outside,810,5,1,4,0,0,5,0,5,0,3,1,0,22,34,34
82,outside,811,5,1,4,0,0,5,0,5,0,3,1,0,24,39,39
82,outside,812,5,1,4,0,0,5,0,5,0,3,1,0,26,44,44
82,outside,813,5,1,4,0,0,5,0,5,0,3,1,0,28,49,49
82,outside,814,4,0,4,0,0,4,0,4,0,3,2,0,30,53,53
82,outside,815,4,0,4,0,0,4,0,4,0,3,2,0,30,57,57
82,outside,816,4,0,4,0,0,4,0,4,0,3,2,0,30,61,61
82,outside,817,3,0,3,0,0,3,0,3,0,3,3,0,30,64,64
82,outside,818,2,0,2,0,0,2,0,2,0,3,4,0,30,66,66
82,outside,819,2,0,2,0,0,2,0,2,0,3,4,0,30,68,68
82,outside,820,1,0,1,0,0,1,0,1,0,3,5,0,30,69,69
82,outside,821,1,0,1,0,0,1,0,1,0,3,5,0,30,70,70
82,outside,822,1,0,1,0,0,1,0,1,0,3,5,0,30,71,71
82,outside,823,1,0,1,0,0,1,0,1,0,3,5,0,30,72,72
82,outside,824,1,0,1,0,0,1,0,1,0,3,5,0,30,73,73
82,outside,825,1,0,1,0,0,1,0,1,0,3,5,0,30,74,74
82,outside,826,1,0,1,0,0,1,0,1,0,3,5,0,30,75,75
82,outside,827,1,0,1,0,0,1,0,1,0,3,5,0,30,76,76
82,outside,828,0,0,0,0,0,0,0,0,0,3,6,0,30,76,76
82,outside,829,0,0,0,0,0,0,0,0,0,3,6,0,30,76,76
82,outside,830,0,0,0,0,0,0,0,0,0,3,6,0,30,76,76
82,outside,831,0,0,0,0,0,0,0,0,0,3,6,0,30,76,76
82,outside,832,0,0,0,0,0,0,0,0,0,3,6,0,30,76,76
82,outside,833,0,0,0,0,0,0,0,0,0,3,6,0,30,76,76
82,outside,834,0,0,0,0,0,0,0,0,0,3,6,0,30,76,76
82,outside,835,0,0,0,0,0,0,0,0,0,3,6,0,30,76,76
82,outside,836,0,0,0,0,0,0,0,0,0,3,6,0,30,76,76
82,outside,837,0,0,0,0,0,0,0,0,0,3,6,0,30,76,76
82,outside,838,0,0,0,0,0,0,0,0,0,3,6,0,30,76,76
82,outside,839,0,0,0,0,0,0,0,0,0,3,6,0,30,76,76
82,outside,840,0,0,0,0,0,0,0,0,0,3,6,0,30,76,76
82,outside,841,0,0,0,0,0,0,0,0,0,3,6,0,30,76,76
82,outside,842,0,0,0,0,0,0,0,0,0,3,6,0,30,76,76
82,outside,843,0,0,0,0,0,0,0,0,0,3,6,0,30,76,76
82,outside,844,0,0,0,0,0,0,0,0,0,3,6,0,30,76,76
82,outside,845,0,0,0,0,0,0,0,0,0,3,6,0,30,76,76
82,outside,846,0,0,0,0,0,0,0,0,0,3,6,0,30,76,76
82,outside,847,0,0,0,0,0,0,0,0,0,3,6,0,30,76,76
82,outside,848,0,0,0,0,0,0,0,0,0,3,6,0,30,76,76
82,outside,849,0,0,0,0,0,0,0,0,0,3,6,0,30,76,76
82,outside,850,0,0,0,0,0,0,0,0,0,3,6,0,30,76,76
83,farmyard,800,3,2,1,0,0,3,3,0,0,0,0,0,0,0,0
83,farmyard,801,5,3,2,2,0,3,5,0,1,2,0,0,8,3,3
83,farmyard,802,4,2,2,0,2,2,4,0,0,2,1,0,16,5,5
83,farmyard,803,5,2,3,1,0,4,5,0,1,3,1,0,20,9,9
83,farmyard,804,5,2,3,0,1,4,5,0,1,3,1,0,28,13,13
83,farmyard,805,6,2,4,1,0,5,6,0,1,4,1,0,36,18,18
83,farmyard,806,6,2,4,0,1,5,6,0,1,4,1,0,44,23,23
83,farmyard,807,7,3,4,1,0,6,7,0,1,5,1,0,52,29,29
83,farmyard,808,8,4,4,1,1,6,8,0,1,6,1,0,60,35,35
83,farmyard,809,7,4,3,0,1,6,7,0,1,6,2,0,68,41,41
83,farmyard,810,7,4,3,1,0,6,7,0,1,7,3,0,80,47,47
83,farmyard,811,7,4,3,1,0,6,7,0,1,8,4,0,96,53,53
83,farmyard,812,4,2,2,0,1,3,4,0,0,8,7,0,112,56,56
83,farmyard,813,4,2,2,0,0,4,4,0,0,8,7,0,120,60,60
83,farmyard,814,5,3,2,1,0,4,5,0,1,9,7,0,128,64,64
83,farmyard,815,4,3,1,0,1,3,4,0,0,9,8,0,136,67,67
83,farmyard,816,3,3,0,0,0,3,3,0,0,9,9,0,144,70,70
83,farmyard,817,3,3,0,0,0,3,3,0,0,9,9,0,156,73,73
83,farmyard,818,3,3,0,0,0,3,3,0,0,9,9,0,168,76,76
83,farmyard,819,2,2,0,0,0,2,2,0,0,9,10,0,180,78,78
83,farmyard,820,2,2,0,0,0,2,2,0,0,9,10,0,188,80,80
83,farmyard,821,1,1,0,0,0,1,1,0,0,9,11,0,196,81,81
83,farmyard,822,1,1,0,0,0,1,1,0,0,9,11,0,200,82,82
83,farmyard,823,1,1,0,0,0,1,1,0,0,9,11,0,204,83,83
83,farmyard,824,1,1,0,0,0,1,1,0,0,9,11,0,208,84,84
83,farmyard,825,1,1,0,0,0,1,1,0,0,9,11,0,212,85,85
83,farmyard,826,1,1,0,0,0,1,1,0,0,9,11,0,216,86,86
83,farmyard,827,1,1,0,0,0,1,1,0,0,9,11,0,220,87,87
83,farmyard,828,1,1,0,0,0,1,1,0,0,9,11,0,224,88,88
83,farmyard,829,1,1,0,0,0,1,1,0,0,9,11,0,228,89,89
83,farmyard,830,1,1,0,0,0,1,1,0,0,9,11,0,232,90,90
83,farmyard,831,1,1,0,0,0,1,1,0,0,9,11,0,236,91,91
83,farmyard,832,1,1,0,0,0,1,1,0,0,9,11,0,240,92,92
83,farmyard,833,1,1,0,0,0,1,1,0,0,9,11,0,244,93,93
83,farmyard,834,1,1,0,0,0,1,1,0,0,9,11,0,248,94,94
83,farmyard,835,1,1,0,0,0,1,1,0,0,9,11,0,252,95,95
83,farmyard,836,1,1,0,0,0,1,1,0,0,9,11,0,256,96,96
83,farmyard,837,1,1,0,0,0,1,1,0,0,9,11,0,260,97,97
83,farmyard,838,1,1,0,0,0,1,1,0,0,9,11,0,264,98,98
83,farmyard,839,1,1,0,0,0,1,0,1,0,9,11,0,268,99,99
83,farmyard,840,1,1,0,0,0,1,0,1,0,9,11,0,270,100,100
83,farmyard,841,0,0,0,0,0,0,0,0,0,9,12,0,272,100,100
83,farmyard,842,0,0,0,0,0,0,0,0,0,9,12,0,272,100,100
83,farmyard,843,0,0,0,0,0,0,0,0,0,9,12,0,272,100,100
83,farmyard,844,0,0,0,0,0,0,0,0,0,9,12,0,272,100,100
83,farmyard,845,0,0,0,0,0,0,0,0,0,9,12,0,272,100,100
83,farmyard,846,0,0,0,0,0,0,0,0,0,9,12,0,272,100,100
83,farmyard,847,0,0,0,0,0,0,0,0,0,9,12,0,272,100,100
83,farmyard,848,0,0,0,0,0,0,0,0,0,9,12,0,272,100,100
83,farmyard,849,0,0,0,0,0,0,0,0,0,9,12,0,272,100,100
83,farmyard,850,0,0,0,0,0,0,0,0,0,9,12,0,272,100,100
83,outside,800,3,2,1,0,0,3,0,3,0,0,0,0,0,0,0
83,outside,801,5,3,2,2,0,3,0,5,0,2,0,0,4,3,3
83,outside,802,5,3,2,0,2,3,0,5,0,2,0,0,8,6,6
83,outside,803,6,4,2,1,0,5,0,6,0,3,0,0,12,11,11
83,outside,804,7,4,3,1,1,5,0,7,0,4,0,0,18,16,16
83,outside,805,8,5,3,1,1,6,0,8,0,5,0,0,24,22,22
83,outside,806,11,7,4,3,1,7,0,11,0,8,0,0,32,29,29
83,outside,807,11,7,4,1,2,8,0,11,0,9,1,0,40,37,37
83,outside,808,14,9,5,3,1,10,0,14,0,12,1,0,50,47,47
83,outside,809,17,12,5,3,3,11,0,17,0,15,1,0,64,58,58
83,outside,810,19,12,7,2,3,14,0,19,0,17,1,0,78,72,72
83,outside,811,26,17,9,7,2,17,0,26,0,24,1,0,96,89,89
83,outside,812,24,15,9,0,6,18,0,24,0,24,3,0,120,107,107
83,outside,813,32,19,13,9,0,23,0,32,0,33,4,0,142,130,130
83,outside,814,36,23,13,4,9,23,0,36,0,37,4,0,170,153,153
83,outside,815,42,25,17,6,4,32,0,42,0,43,4,0,198,185,185
83,outside,816,48,31,17,7,6,35,0,48,0,50,5,0,236,220,220
83,outside,817,54,34,20,7,7,40,0,54,0,57,6,0,280,260,260
83,outside,818,64,37,27,11,7,46,0,64,0,68,7,0,328,306,306
83,outside,819,72,42,30,9,11,52,0,72,0,77,8,0,390,358,358
83,outside,820,81,48,33,10,9,62,0,81,0,87,9,0,456,420,420
83,outside,821,97,60,37,17,10,70,0,97,0,104,10,0,528,490,490
83,outside,822,107,63,44,13,16,78,0,107,0,117,13,0,612,568,568
83,outside,823,131,76,55,26,13,92,0,131,0,143,15,0,706,660,660
83,outside,824,141,77,64,13,25,103,0,141,0,156,18,0,820,763,763
83,outside,825,168,85,83,30,13,125,0,168,0,186,21,0,938,888,888
83,outside,826,176,83,93,17,29,130,0,176,0,203,30,0,1080,1018,1018
83,outside,827,197,96,101,26,16,155,0,197,0,229,35,0,1214,1173,1173
83,outside,828,212,103,109,23,26,163,0,212,0,252,43,0,1360,1336,1336
83,outside,829,236,115,121,29,23,184,0,236,0,281,48,0,1508,1520,1520
83,outside,830,267,130,137,39,28,200,0,267,0,320,56,0,1688,1720,1720
83,outside,831,296,144,152,33,38,225,0,296,0,353,60,0,1886,1945,1945
83,outside,832,327,156,171,39,32,256,0,327,0,392,68,0,2102,2201,2201
83,outside,833,359,175,184,37,38,284,0,359,0,429,73,0,2350,2485,2485
83,outside,834,389,187,202,43,36,310,0,389,0,472,86,0,2626,2795,2795
83,outside,835,422,206,216,42,43,337,0,422,0,514,95,0,2916,3132,3132
83,outside,836,466,229,237,52,41,373,0,466,0,566,103,0,3242,3484,3505
83,outside,837,518,257,261,57,51,410,0,518,0,623,108,0,3602,3871,3915
83,outside,838,545,269,276,53,54,438,0,545,0,676,134,0,3998,4294,4353
83,outside,839,596,295,301,67,52,477,0,596,0,743,150,0,4422,4745,4830
83,outside,840,657,326,331,76,67,514,0,657,0,819,165,0,4892,5243,5344
83,outside,841,723,356,367,83,74,566,0,723,0,902,182,0,5398,5778,5910
83,outside,842,792,393,399,87,82,623,0,792,0,989,200,0,5958,6365,6533
83,outside,843,865,438,427,98,85,682,0,865,0,1087,225,0,6574,7007,7215
83,outside,844,946,480,466,112,96,738,0,946,0,1199,256,0,7248,7709,7953
83,outside,845,1050,534,516,126,109,815,0,1050,0,1325,278,0,7986,8473,8768
83,outside,846,1147,578,569,131,122,894,0,1147,0,1456,312,0,8812,9325,9662
83,outside,847,1269,635,634,156,128,985,0,1269,0,1612,346,0,9714,10253,10647
83,outside,848,1380,687,693,145,150,1085,0,1380,0,1757,380,0,10720,11284,11732
83,outside,849,1519,733,786,186,142,1191,0,1519,0,1943,427,0,11812,12401,12923
83,outside,850,1650,793,857,181,181,1288,0,1650,0,2124,477,0,12992,13607,14211
84,farmyard,800,3,2,1,0,0,3,3,0,0,0,0,0,0,0,0
84,farmyard,801,4,3,1,1,0,3,4,0,0,1,0,0,8,3,3
84,farmyard,802,4,3,1,0,1,3,4,0,0,1,0,0,16,6,6
84,farmyard,803,6,5,1,2,0,4,6,0,1,3,0,0,24,10,10
84,farmyard,804,6,5,1,0,2,4,6,0,1,3,0,0,36,14,14
84,farmyard,805,9,6,3,3,0,6,9,0,1,6,0,0,48,20,20
84,farmyard,806,11,7,4,2,3,6,11,0,1,8,0,0,68,26,26
84,farmyard,807,11,8,3,1,2,8,11,0,1,9,1,0,88,34,34
84,farmyard,808,12,9,3,3,1,8,12,0,1,12,3,0,112,42,42
84,farmyard,809,13,9,4,2,2,9,13,0,1,14,4,0,140,51,51
84,farmyard,810,13,9,4,1,2,10,13,0,1,15,5,0,172,61,61
84,farmyard,811,14,9,5,4,1,9,14,0,1,19,8,0,204,70,70
84,farmyard,812,13,7,6,2,4,7,13,0,1,21,11,0,232,77,77
84,farmyard,813,10,4,6,1,1,8,10,0,1,22,15,0,252,85,85
84,farmyard,814,7,2,5,0,1,6,7,0,1,22,18,0,264,91,91
84,farmyard,815,9,4,5,2,0,7,9,0,1,24,18,0,272,98,98
84,farmyard,816,9,4,5,0,2,7,9,0,1,24,18,0,280,105,105
84,farmyard,817,9,3,6,1,0,8,9,0,1,25,19,0,288,113,113
84,farmyard,818,8,2,6,0,1,7,8,0,1,25,20,0,300,120,120
84,farmyard,819,7,1,6,0,0,7,7,0,1,25,21,0,308,127,127
84,farmyard,820,7,1,6,0,0,7,7,0,1,25,21,0,312,134,134
84,farmyard,821,8,1,7,1,0,7,8,0,1,26,21,0,316,141,141
84,farmyard,822,7,1,6,0,1,6,7,0,1,26,22,0,320,147,147
84,farmyard,823,6,2,4,1,0,5,6,0,1,27,24,0,324,152,152
84,farmyard,824,5,2,3,0,1,4,5,0,1,27,25,0,328,156,156
84,farmyard,825,5,2,3,0,0,5,5,0,1,27,25,0,332,161,161
84,farmyard,826,6,2,4,1,0,5,6,0,1,28,25,0,340,166,166
84,farmyard,827,6,2,4,0,1,5,6,0,1,28,25,0,348,171,171
84,farmyard,828,4,1,3,0,0,4,4,0,0,28,27,0,356,175,175
84,farmyard,829,3,0,3,0,0,3,3,0,0,28,28,0,360,178,178
84,farmyard,830,3,0,3,0,0,3,3,0,0,28,28,0,360,181,181
84,farmyard,831,3,0,3,0,0,3,3,0,0,28,28,0,360,184,184
84,farmyard,832,3,0,3,0,0,3,3,0,0,28,28,0,360,187,187
84,farmyard,833,3,0,3,0,0,3,3,0,0,28,28,0,360,190,190
84,farmyard,834,2,0,2,0,0,2,2,0,0,28,29,0,360,192,192
84,farmyard,835,2,0,2,0,0,2,2,0,0,28,29,0,360,194,194
84,farmyard,836,1,0,1,0,0,1,1,0,0,28,30,0,360,195,195
84,farmyard,837,1,0,1,0,0,1,1,0,0,28,30,0,360,196,196
84,farmyard,838,1,0,1,0,0,1,1,0,0,28,30,0,360,197,197
84,farmyard,839,1,0,1,0,0,1,1,0,0,28,30,0,360,198,198
84,farmyard,840,1,0,1,0,0,1,1,0,0,28,30,0,360,199,199
84,farmyard,841,1,0,1,0,0,1,1,0,0,28,30,0,360,200,200
84,farmyard,842,1,0,1,0,0,1,1,0,0,28,30,0,360,201,201
84,farmyard,843,0,0,0,0,0,0,0,0,0,28,31,0,360,201,201
84,farmyard,844,0,0,0,0,0,0,0,0,0,28,31,0,360,201,201
84,farmyard,845,0,0,0,0,0,0,0,0,0,28,31,0,360,201,201
84,farmyard,846,0,0,0,0,0,0,0,0,0,28,31,0,360,201,201
84,farmyard,847,0,0,0,0,0,0,0,0,0,28,31,0,360,201,201
84,farmyard,848,0,0,0,0,0,0,0,0,0,28,31,0,360,201,201
84,farmyard,849,0,0,0,0,0,0,0,0,0,28,31,0,360,201,201
84,farmyard,850,0,0,0,0,0,0,0,0,0,28,31,0,360,201,201
84,outside,800,3,2,1,0,0,3,0,3,0,0,0,0,0,0,0
84,outside,801,4,3,1,1,0,3,0,4,0,1,0,0,4,3,3
84,outside,802,4,3,1,0,1,3,0,4,0,1,0,0,8,6,6
84,outside,803,6,5,1,2,0,4,0,6,0,3,0,0,12,10,10
84,outside,804,6,5,1,0,2,4,0,6,0,3,0,0,18,14,14
84,outside,805,9,6,3,3,0,6,0,9,0,6,0,0,24,20,20
84,outside,806,11,7,4,2,3,6,0,11,0,8,0,0,34,26,26
84,outside,807,12,8,4,1,2,9,0,12,0,9,0,0,44,35,35
84,outside,808,14,9,5,2,1,11,0,14,0,11,0,0,56,46,46
84,outside,809,16,9,7,2,2,12,0,16,0,13,0,0,70,58,58
84,outside,810,18,11,7,3,2,13,0,18,0,16,1,0,86,71,71
84,outside,811,17,10,7,1,2,14,0,17,0,17,3,0,104,85,85
84,outside,812,18,12,6,3,1,14,0,18,0,20,5,0,120,99,99
84,outside,813,19,13,6,2,3,14,0,19,0,22,6,0,136,113,113
84,outside,814,22,14,8,3,2,17,0,22,0,25,6,0,152,130,130
84,outside,815,28,16,12,7,3,18,0,28,0,32,7,0,174,148,148
84,outside,816,31,17,14,3,7,21,0,31,0,35,7,0,198,169,169
84,outside,817,34,17,17,3,3,28,0,34,0,38,7,0,224,197,197
84,outside,818,41,22,19,7,3,31,0,41,0,45,7,0,256,228,228
84,outside,819,44,24,20,4,7,33,0,44,0,49,8,0,290,261,261
84,outside,820,47,27,20,3,4,40,0,47,0,52,8,0,324,301,301
84,outside,821,53,26,27,7,3,43,0,53,0,59,9,0,368,344,344
84,outside,822,60,29,31,8,7,45,0,60,0,67,10,0,414,389,389
84,outside,823,64,30,34,5,8,51,0,64,0,72,11,0,466,440,440
84,outside,824,72,36,36,10,4,58,0,72,0,82,13,0,518,498,498
84,outside,825,78,37,41,6,10,62,0,78,0,88,13,0,576,560,560
84,outside,826,88,46,42,11,6,71,0,88,0,99,14,0,636,631,631
84,outside,827,86,45,41,4,10,72,0,86,0,103,20,0,706,703,703
84,outside,828,97,51,46,15,4,78,0,97,0,118,24,0,774,781,781
84,outside,829,102,53,49,8,15,79,0,102,0,126,27,0,854,860,860
84,outside,830,111,56,55,15,8,88,0,111,0,141,33,0,936,948,948
84,outside,831,119,59,60,13,14,92,0,119,0,154,38,0,1028,1040,1040
84,outside,832,130,65,65,15,13,102,0,130,0,169,42,0,1122,1142,1142
84,outside,833,146,77,69,20,15,111,0,146,0,189,46,0,1228,1253,1253
84,outside,834,160,85,75,16,20,124,0,160,0,205,48,0,1338,1377,1377
84,outside,835,174,88,86,22,16,136,0,174,0,227,56,0,1458,1513,1513
84,outside,836,199,99,100,27,22,150,0,199,0,254,58,0,1600,1663,1663
84,outside,837,214,107,107,20,26,168,0,214,0,274,63,0,1758,1831,1831
84,outside,838,236,119,117,27,20,189,0,236,0,301,68,0,1922,2020,2020
84,outside,839,262,133,129,32,27,203,0,262,0,333,74,0,2104,2223,2223
84,outside,840,280,138,142,28,31,221,0,280,0,361,84,0,2304,2444,2444
84,outside,841,311,147,164,36,28,247,0,311,0,397,89,0,2520,2691,2691
84,outside,842,339,165,174,38,34,267,0,339,0,435,99,0,2766,2958,2958
84,outside,843,365,175,190,41,38,286,0,365,0,476,114,0,3026,3244,3244
84,outside,844,405,197,208,47,40,318,0,405,0,523,121,0,3296,3562,3562
84,outside,845,435,216,219,47,44,344,0,435,0,570,138,0,3610,3906,3906
84,outside,846,490,245,245,63,47,380,0,490,0,633,146,0,3948,4286,4286
84,outside,847,529,266,263,49,60,420,0,529,0,682,156,0,4326,4706,4706
84,outside,848,580,287,293,70,47,463,0,580,0,752,175,0,4746,5169,5169
84,outside,849,648,324,324,82,70,496,0,648,0,834,189,0,5208,5665,5665
84,outside,850,701,346,355,73,81,547,0,701,0,907,209,0,5708,6212,6212
85,farmyard,800,3,2,1,0,0,3,3,0,0,0,0,0,0,0,0
85,farmyard,801,3,2,1,0,0,3,3,0,0,0,0,0,8,3,3
85,farmyard,802,4,2,2,1,0,3,4,0,0,1,0,0,16,6,6
85,farmyard,803,5,2,3,1,1,3,5,0,1,2,0,0,24,9,9
85,farmyard,804,3,0,3,0,1,2,3,0,0,2,2,0,32,11,11
85,farmyard,805,3,0,3,0,0,3,3,0,0,2,2,0,32,14,14
85,farmyard,806,3,0,3,0,0,3,3,0,0,2,2,0,32,17,17
85,farmyard,807,3,0,3,0,0,3,3,0,0,2,2,0,32,20,20
85,farmyard,808,3,0,3,0,0,3,3,0,0,2,2,0,32,23,23
85,farmyard,809,3,0,3,0,0,3,3,0,0,2,2,0,32,26,26
85,farmyard,810,3,0,3,0,0,3,3,0,0,2,2,0,32,29,29
85,farmyard,811,2,0,2,0,0,2,2,0,0,2,3,0,32,31,31
85,farmyard,812,2,0,2,0,0,2,2,0,0,2,3,0,32,33,33
85,farmyard,813,2,0,2,0,0,2,2,0,0,2,3,0,32,35,35
85,farmyard,814,2,0,2,0,0,2,2,0,0,2,3,0,32,37,37
85,farmyard,815,1,0,1,0,0,1,1,0,0,2,4,0,32,38,38
85,farmyard,816,1,0,1,0,0,1,1,0,0,2,4,0,32,39,39
85,farmyard,817,1,0,1,0,0,1,1,0,0,2,4,0,32,40,40
85,farmyard,818,0,0,0,0,0,0,0,0,0,2,5,0,32,40,40
85,farmyard,819,0,0,0,0,0,0,0,0,0,2,5,0,32,40,40
85,farmyard,820,0,0,0,0,0,0,0,0,0,2,5,0,32,40,40
85,farmyard,821,0,0,0,0,0,0,0,0,0,2,5,0,32,40,40
85,farmyard,822,0,0,0,0,0,0,0,0,0,2,5,0,32,40,40
85,farmyard,823,0,0,0,0,0,0,0,0,0,2,5,0,32,40,40
85,farmyard,824,0,0,0,0,0,0,0,0,0,2,5,0,32,40,40
85,farmyard,825,0,0,0,0,0,0,0,0,0,2,5,0,32,40,40
85,farmyard,826,0,0,0,0,0,0,0,0,0,2,5,0,32,40,40
85,farmyard,827,0,0,0,0,0,0,0,0,0,2,5,0,32,40,40
85,farmyard,828,0,0,0,0,0,0,0,0,0,2,5,0,32,40,40
85,farmyard,829,0,0,0,0,0,0,0,0,0,2,5,0,32,40,40
85,farmyard,830,0,0,0,0,0,0,0,0,0,2,5,0,32,40,40
85,farmyard,831,0,0,0,0,0,0,0,0,0,2,5,0,32,40,40
85,farmyard,832,0,0,0,0,0,0,0,0,0,2,5,0,32,40,40
85,farmyard,833,0,0,0,0,0,0,0,0,0,2,5,0,32,40,40
85,farmyard,834,0,0,0,0,0,0,0,0,0,2,5,0,32,40,40
85,farmyard,835,0,0,0,0,0,0,0,0,0,2,5,0,32,40,40
85,farmyard,836,0,0,0,0,0,0,0,0,0,2,5,0,32,40,40
85,farmyard,837,0,0,0,0,0,0,0,0,0,2,5,0,32,40,40
85,farmyard,838,0,0,0,0,0,0,0,0,0,2,5,0,32,40,40
85,farmyard,839,0,0,0,0,0,0,0,0,0,2,5,0,32,40,40
85,farmyard,840,0,0,0,0,0,0,0,0,0,2,5,0,32,40,40
85,farmyard,841,0,0,0,0,0,0,0,0,0,2,5,0,32,40,40
85,farmyard,842,0,0,0,0,0,0,0,0,0,2,5,0,32,40,40
85,farmyard,843,0,0,0,0,0,0,0,0,0,2,5,0,32,40,40
85,farmyard,844,0,0,0,0,0,0,0,0,0,2,5,0,32,40,40
85,farmyard,845,0,0,0,0,0,0,0,0,0,2,5,0,32,40,40
85,farmyard,846,0,0,0,0,0,0,0,0,0,2,5,0,32,40,40
85,farmyard,847,0,0,0,0,0,0,0,0,0,2,5,0,32,40,40
85,farmyard,848,0,0,0,0,0,0,0,0,0,2,5,0,32,40,40
85,farmyard,849,0,0,0,0,0,0,0,0,0,2,5,0,32,40,40
85,farmyard,850,0,0,0,0,0,0,0,0,0,2,5,0,32,40,40
85,outside,800,3,2,1,0,0,3,0,3,0,0,0,0,0,0,0
85,outside,801,3,2,1,0,0,3,0,3,0,0,0,0,4,3,3
85,outside,802,4,2,2,1,0,3,0,4,0,1,0,0,8,6,6
85,outside,803,5,2,3,1,1,3,0,5,0,2,0,0,12,9,9
85,outside,804,5,2,3,0,1,4,0,5,0,2,0,0,16,13,13
85,outside,805,7,3,4,2,0,5,0,7,0,4,0,0,20,18,18
85,outside,806,7,3,4,0,2,5,0,7,0,4,0,0,24,23,23
85,outside,807,8,4,4,1,0,7,0,8,0,5,0,0,28,30,30
85,outside,808,8,4,4,0,1,7,0,8,0,5,0,0,34,37,37
85,outside,809,7,3,4,0,0,7,0,7,0,5,1,0,40,44,44
85,outside,810,7,3,4,0,0,7,0,7,0,5,1,0,46,51,51
85,outside,811,7,3,4,0,0,7,0,7,0,5,1,0,52,58,58
85,outside,812,7,3,4,0,0,7,0,7,0,5,1,0,58,65,65
85,outside,813,8,3,5,1,0,7,0,8,0,6,1,0,64,72,72
85,outside,814,9,4,5,1,1,7,0,9,0,7,1,0,70,79,79
85,outside,815,10,4,6,1,1,8,0,10,0,8,1,0,76,87,87
85,outside,816,11,4,7,1,1,9,0,11,0,9,1,0,82,96,96
85,outside,817,12,5,7,1,1,10,0,12,0,10,1,0,90,106,106
85,outside,818,14,5,9,2,1,11,0,14,0,12,1,0,98,117,117
85,outside,819,15,5,10,1,2,12,0,15,0,13,1,0,106,129,129
85,outside,820,13,5,8,0,1,12,0,13,0,13,3,0,116,141,141
85,outside,821,13,5,8,2,0,11,0,13,0,15,5,0,126,152,152
85,outside,822,12,5,7,0,2,10,0,12,0,15,6,0,134,162,162
85,outside,823,13,5,8,1,0,12,0,13,0,16,6,0,142,174,174
85,outside,824,12,5,7,0,1,11,0,12,0,16,7,0,152,185,185
85,outside,825,14,6,8,2,0,12,0,14,0,18,7,0,162,197,197
85,outside,826,13,5,8,0,2,11,0,13,0,18,8,0,172,208,208
85,outside,827,15,6,9,2,0,13,0,15,0,20,8,0,180,221,221
85,outside,828,14,5,9,0,2,12,0,14,0,20,9,0,190,233,233
85,outside,829,14,6,8,1,0,13,0,14,0,21,10,0,198,246,246
85,outside,830,14,6,8,0,1,13,0,14,0,21,10,0,208,259,259
85,outside,831,15,6,9,1,0,14,0,15,0,22,10,0,218,273,273
85,outside,832,16,6,10,1,1,14,0,16,0,23,10,0,230,287,287
85,outside,833,16,7,9,1,1,14,0,16,0,24,11,0,242,301,301
85,outside,834,15,6,9,1,1,13,0,15,0,25,13,0,254,314,314
85,outside,835,16,7,9,2,1,13,0,16,0,27,14,0,264,327,327
85,outside,836,17,7,10,2,2,13,0,17,0,29,15,0,276,340,340
85,outside,837,17,7,10,0,2,15,0,17,0,29,15,0,288,355,355
85,outside,838,18,7,11,1,0,17,0,18,0,30,15,0,302,372,372
85,outside,839,19,7,12,1,1,17,0,19,0,31,15,0,316,389,389
85,outside,840,18,7,11,0,1,17,0,18,0,31,16,0,330,406,406
85,outside,841,18,7,11,2,0,16,0,18,0,33,18,0,344,422,422
85,outside,842,16,6,10,0,2,14,0,16,0,33,20,0,356,436,436
85,outside,843,18,8,10,2,0,16,0,18,0,35,20,0,366,452,452
85,outside,844,18,8,10,1,2,15,0,18,0,36,21,0,378,467,467
85,outside,845,19,9,10,1,1,17,0,19,0,37,21,0,388,484,484
85,outside,846,22,11,11,3,1,18,0,22,0,40,21,0,402,502,502
85,outside,847,25,11,14,3,3,19,0,25,0,43,21,0,418,521,521
85,outside,848,26,12,14,3,3,20,0,26,0,46,23,0,436,541,541
85,outside,849,29,13,16,3,3,23,0,29,0,49,23,0,456,564,564
85,outside,850,32,15,17,4,3,25,0,32,0,53,24,0,476,589,589
86,farmyard,800,3,2,1,0,0,3,3,0,0,0,0,0,0,0,0
86,farmyard,801,5,3,2,2,0,3,5,0,1,2,0,0,8,3,3
86,farmyard,802,4,2,2,0,1,3,4,0,0,2,1,0,16,6,6
86,farmyard,803,4,2,2,0,0,4,4,0,0,2,1,0,24,10,10
86,farmyard,804,5,3,2,1,0,4,5,0,1,3,1,0,32,14,14
86,farmyard,805,6,3,3,1,1,4,6,0,1,4,1,0,40,18,18
86,farmyard,806,5,2,3,0,1,4,5,0,1,4,2,0,48,22,22
86,farmyard,807,6,3,3,1,0,5,6,0,1,5,2,0,56,27,27
86,farmyard,808,6,3,3,0,1,5,6,0,1,5,2,0,64,32,32
86,farmyard,809,7,2,5,2,0,5,7,0,1,7,3,0,72,37,37
86,farmyard,810,7,2,5,0,2,5,7,0,1,7,3,0,80,42,42
86,farmyard,811,7,2,5,1,0,6,7,0,1,8,4,0,88,48,48
86,farmyard,812,7,2,5,0,1,6,7,0,1,8,4,0,96,54,54
86,farmyard,813,7,2,5,0,0,7,7,0,1,8,4,0,104,61,61
86,farmyard,814,7,2,5,0,0,7,7,0,1,8,4,0,112,68,68
86,farmyard,815,7,2,5,0,0,7,7,0,1,8,4,0,120,75,75
86,farmyard,816,7,2,5,0,0,7,7,0,1,8,4,0,128,82,82
86,farmyard,817,7,2,5,0,0,7,7,0,1,8,4,0,136,89,89
86,farmyard,818,6,2,4,0,0,6,6,0,1,8,5,0,144,95,95
86,farmyard,819,4,1,3,0,0,4,4,0,0,8,7,0,152,99,99
86,farmyard,820,4,1,3,0,0,4,4,0,0,8,7,0,156,103,103
86,farmyard,821,4,1,3,0,0,4,4,0,0,8,7,0,160,107,107
86,farmyard,822,4,1,3,0,0,4,4,0,0,8,7,0,164,111,111
86,farmyard,823,4,1,3,0,0,4,4,0,0,8,7,0,168,115,115
86,farmyard,824,3,1,2,0,0,3,3,0,0,8,8,0,172,118,118
86,farmyard,825,2,0,2,0,0,2,2,0,0,8,9,0,176,120,120
86,farmyard,826,2,0,2,0,0,2,2,0,0,8,9,0,176,122,122
86,farmyard,827,1,0,1,0,0,1,1,0,0,8,10,0,176,123,123
86,farmyard,828,1,0,1,0,0,1,1,0,0,8,10,0,176,124,124
86,farmyard,829,1,0,1,0,0,1,1,0,0,8,10,0,176,125,125
86,farmyard,830,1,0,1,0,0,1,1,0,0,8,10,0,176,126,126
86,farmyard,831,1,0,1,0,0,1,1,0,0,8,10,0,176,127,127
86,farmyard,832,0,0,0,0,0,0,0,0,0,8,11,0,176,127,127
86,farmyard,833,0,0,0,0,0,0,0,0,0,8,11,0,176,127,127
86,farmyard,834,0,0,0,0,0,0,0,0,0,8,11,0,176,127,127
86,farmyard,835,0,0,0,0,0,0,0,0,0,8,11,0,176,127,127
86,farmyard,836,0,0,0,0,0,0,0,0,0,8,11,0,176,127,127
86,farmyard,837,0,0,0,0,0,0,0,0,0,8,11,0,176,127,127
86,farmyard,838,0,0,0,0,0,0,0,0,0,8,11,0,176,127,127
86,farmyard,839,0,0,0,0,0,0,0,0,0,8,11,0,176,127,127
86,farmyard,840,0,0,0,0,0,0,0,0,0,8,11,0,176,127,127
86,farmyard,841,0,0,0,0,0,0,0,0,0,8,11,0,176,127,127
86,farmyard,842,0,0,0,0,0,0,0,0,0,8,11,0,176,127,127
86,farmyard,843,0,0,0,0,0,0,0,0,0,8,11,0,176,127,127
86,farmyard,844,0,0,0,0,0,0,0,0,0,8,11,0,176,127,127
86,farmyard,845,0,0,0,0,0,0,0,0,0,8,11,0,176,127,127
86,farmyard,846,0,0,0,0,0,0,0,0,0,8,11,0,176,127,127
86,farmyard,847,0,0,0,0,0,0,0,0,0,8,11,0,176,127,127
86,farmyard,848,0,0,0,0,0,0,0,0,0,8,11,0,176,127,127
86,farmyard,849,0,0,0,0,0,0,0,0,0,8,11,0,176,127,127
86,farmyard,850,0,0,0,0,0,0,0,0,0,8,11,0,176,127,127
86,outside,800,3,2,1,0,0,3,0,3,0,0,0,0,0,0,0
86,outside,801,5,3,2,2,0,3,0,5,0,2,0,0,4,3,3
86,outside,802,5,3,2,0,2,3,0,5,0,2,0,0,8,6,6
86,outside,803,5,3,2,0,0,5,0,5,0,2,0,0,12,11,11
86,outside,804,8,4,4,3,0,5,0,8,0,5,0,0,18,16,16
86,outside,805,8,4,4,0,3,5,0,8,0,5,0,0,24,21,21
86,outside,806,10,4,6,2,0,8,0,10,0,7,0,0,30,29,29
86,outside,807,12,5,7,2,2,8,0,12,0,9,0,0,38,37,37
86,outside,808,14,7,7,2,2,10,0,14,0,11,0,0,46,47,47
86,outside,809,15,7,8,2,2,11,0,15,0,13,1,0,54,58,58
86,outside,810,16,7,9,1,2,13,0,16,0,14,1,0,64,71,71
86,outside,811,18,8,10,3,1,14,0,18,0,17,2,0,78,85,85
86,outside,812,18,8,10,1,3,14,0,18,0,18,3,0,92,99,99
86,outside,813,18,9,9,1,1,16,0,18,0,19,4,0,104,115,115
86,outside,814,21,11,10,3,1,17,0,21,0,22,4,0,118,132,132
86,outside,815,20,10,10,0,3,17,0,20,0,22,5,0,134,149,149
86,outside,816,24,13,11,4,0,20,0,24,0,26,5,0,150,169,169
86,outside,817,26,13,13,2,4,20,0,26,0,28,5,0,170,189,189
86,outside,818,32,16,16,6,2,24,0,32,0,34,5,0,190,213,213
86,outside,819,32,17,15,4,4,24,0,32,0,38,9,0,216,237,237
86,outside,820,34,18,16,4,4,26,0,34,0,42,11,0,240,263,263
86,outside,821,37,21,16,4,4,29,0,37,0,46,12,0,266,292,292
86,outside,822,40,23,17,4,4,32,0,40,0,50,13,0,298,324,324
86,outside,823,49,26,23,9,4,36,0,49,0,59,13,0,334,360,360
86,outside,824,52,26,26,4,9,39,0,52,0,63,14,0,376,399,399
86,outside,825,60,32,28,9,4,47,0,60,0,72,15,0,422,446,446
86,outside,826,66,37,29,7,9,50,0,66,0,79,16,0,472,496,496
86,outside,827,71,42,29,7,7,57,0,71,0,86,18,0,520,553,553
86,outside,828,77,47,30,10,7,60,0,77,0,96,22,0,582,613,613
86,outside,829,94,54,40,17,10,67,0,94,0,113,22,0,650,680,680
86,outside,830,108,60,48,14,17,77,0,108,0,127,22,0,728,757,757
86,outside,831,125,69,56,19,13,93,0,125,0,146,24,0,822,850,850
86,outside,832,133,71,62,13,18,102,0,133,0,159,29,0,930,952,952
86,outside,833,149,77,72,17,13,119,0,149,0,176,30,0,1042,1071,1071
86,outside,834,165,83,82,21,16,128,0,165,0,197,35,0,1172,1199,1199
86,outside,835,183,92,91,21,21,141,0,183,0,218,38,0,1310,1340,1340
86,outside,836,201,102,99,27,21,153,0,201,0,245,47,0,1456,1493,1493
86,outside,837,220,109,111,26,27,167,0,220,0,271,54,0,1610,1655,1660
86,outside,838,242,120,122,29,25,188,0,242,0,300,61,0,1778,1831,1848
86,outside,839,263,134,129,27,29,207,0,263,0,327,67,0,1968,2029,2055
86,outside,840,293,145,148,36,26,231,0,293,0,363,73,0,2172,2241,2286
86,outside,841,324,160,164,37,35,252,0,324,0,400,79,0,2402,2480,2538
86,outside,842,357,177,180,40,37,280,0,357,0,440,86,0,2658,2743,2818
86,outside,843,388,195,193,46,39,303,0,388,0,486,101,0,2932,3025,3121
86,outside,844,429,213,216,48,46,335,0,429,0,534,108,0,3230,3330,3456
86,outside,845,479,237,242,56,47,376,0,479,0,590,114,0,3564,3672,3832
86,outside,846,514,257,257,52,56,406,0,514,0,642,131,0,3942,4058,4238
86,outside,847,566,282,284,68,50,448,0,566,0,710,147,0,4348,4469,4686
86,outside,848,621,305,316,68,67,486,0,621,0,778,160,0,4802,4935,5172
86,outside,849,666,328,338,68,66,532,0,666,0,846,183,0,5298,5442,5704
86,outside,850,723,357,366,72,67,584,0,723,0,918,198,0,5830,5984,6288
87,farmyard,800,3,2,1,0,0,3,3,0,0,0,0,0,0,0,0
87,farmyard,801,5,2,3,2,0,3,5,0,1,2,0,0,8,3,3
87,farmyard,802,5,2,3,0,2,3,5,0,1,2,0,0,16,6,6
87,farmyard,803,5,2,3,0,0,5,5,0,1,2,0,0,24,11,11
87,farmyard,804,6,3,3,2,0,4,6,0,1,4,1,0,32,15,15
87,farmyard,805,6,3,3,0,2,4,6,0,1,4,1,0,40,19,19
87,farmyard,806,6,3,3,0,0,6,6,0,1,4,1,0,48,25,25
87,farmyard,807,6,2,4,1,0,5,6,0,1,5,2,0,60,30,30
87,farmyard,808,7,2,5,1,1,5,7,0,1,6,2,0,68,35,35
87,farmyard,809,8,2,6,1,1,6,8,0,1,7,2,0,76,41,41
87,farmyard,810,8,2,6,0,1,7,8,0,1,7,2,0,84,48,48
87,farmyard,811,7,2,5,0,0,7,7,0,1,7,3,0,92,55,55
87,farmyard,812,7,3,4,1,0,6,7,0,1,8,4,0,100,61,61
87,farmyard,813,6,3,3,0,1,5,6,0,1,8,5,0,108,66,66
87,farmyard,814,7,3,4,1,0,6,7,0,1,9,5,0,116,72,72
87,farmyard,815,5,3,2,0,1,4,5,0,1,9,7,0,128,76,76
87,farmyard,816,5,3,2,1,0,4,5,0,1,10,8,0,140,80,80
87,farmyard,817,4,2,2,0,1,3,4,0,0,10,9,0,152,83,83
87,farmyard,818,4,2,2,1,0,3,4,0,0,11,10,0,160,86,86
87,farmyard,819,4,2,2,0,1,3,4,0,0,11,10,0,168,89,89
87,farmyard,820,5,3,2,1,0,4,5,0,1,12,10,0,176,93,93
87,farmyard,821,5,3,2,0,1,4,5,0,1,12,10,0,184,97,97
87,farmyard,822,5,3,2,1,0,4,5,0,1,13,11,0,192,101,101
87,farmyard,823,5,2,3,1,0,4,5,0,1,14,12,0,200,105,105
87,farmyard,824,5,2,3,0,1,4,5,0,1,14,12,0,208,109,109
87,farmyard,825,5,2,3,0,0,5,5,0,1,14,12,0,216,114,114
87,farmyard,826,5,3,2,1,0,4,5,0,1,15,13,0,224,118,118
87,farmyard,827,5,3,2,0,1,4,5,0,1,15,13,0,232,122,122
87,farmyard,828,7,5,2,2,0,5,7,0,1,17,13,0,240,127,127
87,farmyard,829,6,4,2,0,2,4,6,0,1,17,14,0,252,131,131
87,farmyard,830,7,5,2,1,0,6,7,0,1,18,14,0,260,137,137
87,farmyard,831,6,5,1,0,1,5,6,0,1,18,15,0,276,142,142
87,farmyard,832,6,5,1,0,0,6,6,0,1,18,15,0,292,148,148
87,farmyard,833,5,4,1,0,0,5,5,0,1,18,16,0,312,153,153
87,farmyard,834,5,4,1,0,0,5,5,0,1,18,16,0,328,158,158
87,farmyard,835,4,3,1,0,0,4,4,0,0,18,17,0,344,162,162
87,farmyard,836,4,3,1,0,0,4,4,0,0,18,17,0,356,166,166
87,farmyard,837,3,3,0,0,0,3,3,0,0,18,18,0,368,169,169
87,farmyard,838,3,3,0,0,0,3,3,0,0,18,18,0,380,172,172
87,farmyard,839,3,3,0,0,0,3,3,0,0,18,18,0,392,175,175
87,farmyard,840,3,3,0,0,0,3,3,0,0,18,18,0,404,178,178
87,farmyard,841,2,2,0,0,0,2,2,0,0,18,19,0,416,180,180
87,farmyard,842,2,2,0,0,0,2,2,0,0,18,19,0,424,182,182
87,farmyard,843,2,2,0,0,0,2,2,0,0,18,19,0,432,184,184
87,farmyard,844,2,2,0,0,0,2,2,0,0,18,19,0,440,186,186
87,farmyard,845,2,2,0,0,0,2,2,0,0,18,19,0,448,188,188
87,farmyard,846,2,2,0,0,0,2,2,0,0,18,19,0,456,190,190
87,farmyard,847,2,2,0,0,0,2,2,0,0,18,19,0,464,192,192
87,farmyard,848,2,2,0,0,0,2,2,0,0,18,19,0,472,194,194
87,farmyard,849,2,2,0,0,0,2,2,0,0,18,19,0,480,196,196
87,farmyard,850,2,2,0,0,0,2,2,0,0,18,19,0,488,198,198
87,outside,800,3,2,1,0,0,3,0,3,0,0,0,0,0,0,0
87,outside,801,5,2,3,2,0,3,0,5,0,2,0,0,4,3,3
87,outside,802,5,2,3,0,2,3,0,5,0,2,0,0,8,6,6
87,outside,803,6,2,4,1,0,5,0,6,0,3,0,0,12,11,11
87,outside,804,7,2,5,1,1,5,0,7,0,4,0,0,16,16,16
87,outside,805,8,2,6,1,1,6,0,8,0,5,0,0,20,22,22
87,outside,806,8,1,7,1,1,6,0,8,0,6,1,0,24,28,28
87,outside,807,8,1,7,0,1,7,0,8,0,6,1,0,26,35,35
87,outside,808,9,1,8,1,0,8,0,9,0,7,1,0,28,43,43
87,outside,809,9,1,8,0,1,8,0,9,0,7,1,0,30,51,51
87,outside,810,9,1,8,0,0,9,0,9,0,7,1,0,32,60,60
87,outside,811,9,1,8,0,0,9,0,9,0,7,1,0,34,69,69
87,outside,812,9,1,8,0,0,9,0,9,0,7,1,0,36,78,78
87,outside,813,9,1,8,0,0,9,0,9,0,7,1,0,38,87,87
87,outside,814,9,1,8,0,0,9,0,9,0,7,1,0,40,96,96
87,outside,815,9,1,8,0,0,9,0,9,0,7,1,0,42,105,105
87,outside,816,9,1,8,0,0,9,0,9,0,7,1,0,44,114,114
87,outside,817,9,1,8,0,0,9,0,9,0,7,1,0,46,123,123
87,outside,818,8,1,7,0,0,8,0,8,0,7,2,0,48,131,131
87,outside,819,7,1,6,0,0,7,0,7,0,7,3,0,50,138,138
87,outside,820,6,1,5,0,0,6,0,6,0,7,4,0,52,144,144
87,outside,821,5,1,4,0,0,5,0,5,0,7,5,0,54,149,149
87,outside,822,5,1,4,0,0,5,0,5,0,7,5,0,56,154,154
87,outside,823,5,1,4,0,0,5,0,5,0,7,5,0,58,159,159
87,outside,824,5,1,4,0,0,5,0,5,0,7,5,0,60,164,164
87,outside,825,4,0,4,0,0,4,0,4,0,7,6,0,62,168,168
87,outside,826,2,0,2,0,0,2,0,2,0,7,8,0,62,170,170
87,outside,827,2,0,2,0,0,2,0,2,0,7,8,0,62,172,172
87,outside,828,2,0,2,0,0,2,0,2,0,7,8,0,62,174,174
87,outside,829,2,0,2,0,0,2,0,2,0,7,8,0,62,176,176
87,outside,830,2,0,2,0,0,2,0,2,0,7,8,0,62,178,178
87,outside,831,2,0,2,0,0,2,0,2,0,7,8,0,62,180,180
87,outside,832,2,0,2,0,0,2,0,2,0,7,8,0,62,182,182
87,outside,833,2,0,2,0,0,2,0,2,0,7,8,0,62,184,184
87,outside,834,1,0,1,0,0,1,0,1,0,7,9,0,62,185,185
87,outside,835,1,0,1,0,0,1,0,1,0,7,9,0,62,186,186
87,outside,836,0,0,0,0,0,0,0,0,0,7,10,0,62,186,186
87,outside,837,0,0,0,0,0,0,0,0,0,7,10,0,62,186,186
87,outside,838,0,0,0,0,0,0,0,0,0,7,10,0,62,186,186
87,outside,839,0,0,0,0,0,0,0,0,0,7,10,0,62,186,186
87,outside,840,0,0,0,0,0,0,0,0,0,7,10,0,62,186,186
87,outside,841,0,0,0,0,0,0,0,0,0,7,10,0,62,186,186
87,outside,842,0,0,0,0,0,0,0,0,0,7,10,0,62,186,186
87,outside,843,0,0,0,0,0,0,0,0,0,7,10,0,62,186,186
87,outside,844,0,0,0,0,0,0,0,0,0,7,10,0,62,186,186
87,outside,845,0,0,0,0,0,0,0,0,0,7,10,0,62,186,186
87,outside,846,0,0,0,0,0,0,0,0,0,7,10,0,62,186,186
87,outside,847,0,0,0,0,0,0,0,0,0,7,10,0,62,186,186
87,outside,848,0,0,0,0,0,0,0,0,0,7,10,0,62,186,186
87,outside,849,0,0,0,0,0,0,0,0,0,7,10,0,62,186,186
87,outside,850,0,0,0,0,0,0,0,0,0,7,10,0,62,186,186
88,farmyard,800,3,2,1,0,0,3,3,0,0,0,0,0,0,0,0
88,farmyard,801,3,1,2,1,0,2,3,0,0,1,1,0,8,2,2
88,farmyard,802,3,1,2,0,1,2,3,0,0,1,1,0,12,4,4
88,farmyard,803,3,1,2,0,0,3,3,0,0,1,1,0,16,7,7
88,farmyard,804,3,1,2,0,0,3,3,0,0,1,1,0,20,10,10
88,farmyard,805,4,2,2,1,0,3,4,0,0,2,1,0,24,13,13
88,farmyard,806,4,2,2,0,1,3,4,0,0,2,1,0,28,16,16
88,farmyard,807,4,2,2,0,0,4,4,0,0,2,1,0,32,20,20
88,farmyard,808,4,2,2,0,0,4,4,0,0,2,1,0,40,24,24
88,farmyard,809,6,4,2,2,0,4,6,0,1,4,1,0,48,28,28
88,farmyard,810,5,3,2,0,1,4,5,0,1,4,2,0,56,32,32
88,farmyard,811,6,4,2,1,0,5,6,0,1,5,2,0,64,37,37
88,farmyard,812,7,4,3,1,1,5,7,0,1,6,2,0,76,42,42
88,farmyard,813,6,4,2,1,1,4,6,0,1,7,4,0,88,46,46
88,farmyard,814,7,5,2,1,1,5,7,0,1,8,4,0,100,51,51
88,farmyard,815,8,6,2,2,1,5,8,0,1,10,5,0,112,56,56
88,farmyard,816,8,5,3,1,2,5,8,0,1,11,6,0,128,61,61
88,farmyard,817,8,4,4,2,1,5,8,0,1,13,8,0,144,66,66
88,farmyard,818,7,4,3,0,1,6,7,0,1,13,9,0,160,72,72
88,farmyard,819,9,5,4,2,0,7,9,0,1,15,9,0,176,79,79
88,farmyard,820,10,6,4,2,2,6,10,0,1,17,10,0,192,85,85
88,farmyard,821,10,5,5,1,2,7,10,0,1,18,11,0,204,92,92
88,farmyard,822,12,6,6,2,1,9,12,0,1,20,11,0,216,101,101
88,farmyard,823,12,7,5,1,2,9,12,0,1,21,12,0,236,110,110
88,farmyard,824,12,8,4,3,1,8,12,0,1,24,15,0,256,118,118
88,farmyard,825,10,7,3,1,2,7,10,0,1,25,18,0,272,125,125
88,farmyard,826,14,8,6,4,1,9,14,0,1,29,18,0,288,134,134
88,farmyard,827,12,7,5,1,4,7,12,0,1,30,21,0,312,141,141
88,farmyard,828,16,9,7,4,1,11,16,0,1,34,21,0,332,152,152
88,farmyard,829,16,8,8,2,3,11,16,0,1,36,23,0,356,163,163
88,farmyard,830,14,6,8,1,2,11,14,0,1,37,26,0,380,174,174
88,farmyard,831,13,6,7,1,1,11,13,0,1,38,28,0,400,185,185
88,farmyard,832,12,5,7,1,1,10,12,0,1,39,30,0,420,195,195
88,farmyard,833,12,5,7,1,1,10,12,0,1,40,31,0,436,205,205
88,farmyard,834,10,4,6,0,1,9,10,0,1,40,33,0,456,214,214
88,farmyard,835,7,3,4,0,0,7,7,0,1,40,36,0,472,221,221
88,farmyard,836,6,2,4,0,0,6,6,0,1,40,37,0,484,227,227
88,farmyard,837,6,2,4,0,0,6,6,0,1,40,37,0,492,233,233
88,farmyard,838,4,2,2,0,0,4,4,0,0,40,39,0,500,237,237
88,farmyard,839,3,2,1,0,0,3,3,0,0,40,40,0,508,240,240
88,farmyard,840,2,2,0,0,0,2,2,0,0,40,41,0,516,242,242
88,farmyard,841,2,2,0,0,0,2,2,0,0,40,41,0,524,244,244
88,farmyard,842,2,2,0,0,0,2,2,0,0,40,41,0,532,246,246
88,farmyard,843,2,2,0,0,0,2,2,0,0,40,41,0,540,248,248
88,farmyard,844,2,2,0,0,0,2,2,0,0,40,41,0,548,250,250
88,farmyard,845,2,2,0,0,0,2,2,0,0,40,41,0,556,252,252
88,farmyard,846,2,2,0,0,0,2,2,0,0,40,41,0,564,254,254
88,farmyard,847,1,1,0,0,0,1,1,0,0,40,42,0,572,255,255
88,farmyard,848,1,1,0,0,0,1,1,0,0,40,42,0,576,256,256
88,farmyard,849,1,1,0,0,0,1,1,0,0,40,42,0,580,257,257
88,farmyard,850,1,1,0,0,0,1,1,0,0,40,42,0,584,258,258
88,outside,800,3,2,1,0,0,3,0,3,0,0,0,0,0,0,0
88,outside,801,3,1,2,1,0,2,0,3,0,1,1,0,4,2,2
88,outside,802,3,1,2,0,1,2,0,3,0,1,1,0,6,4,4
88,outside,803,3,1,2,0,0,3,0,3,0,1,1,0,8,7,7
88,outside,804,3,1,2,0,0,3,0,3,0,1,1,0,10,10,10
88,outside,805,4,2,2,1,0,3,0,4,0,2,1,0,12,13,13
88,outside,806,4,2,2,0,1,3,0,4,0,2,1,0,14,16,16
88,outside,807,4,2,2,0,0,4,0,4,0,2,1,0,16,20,20
88,outside,808,4,2,2,0,0,4,0,4,0,2,1,0,20,24,24
88,outside,809,6,4,2,2,0,4,0,6,0,4,1,0,24,28,28
88,outside,810,6,4,2,0,2,4,0,6,0,4,1,0,28,32,32
88,outside,811,8,5,3,2,0,6,0,8,0,6,1,0,32,38,38
88,outside,812,9,6,3,1,2,6,0,9,0,7,1,0,40,44,44
88,outside,813,11,7,4,2,1,8,0,11,0,9,1,0,48,52,52
88,outside,814,13,8,5,3,2,8,0,13,0,12,2,0,58,60,60
88,outside,815,15,8,7,2,3,10,0,15,0,14,2,0,68,70,70
88,outside,816,14,9,5,1,2,11,0,14,0,15,4,0,80,81,81
88,outside,817,17,11,6,3,1,13,0,17,0,18,4,0,96,94,94
88,outside,818,19,10,9,3,3,13,0,19,0,21,5,0,112,107,107
88,outside,819,22,11,11,3,3,16,0,22,0,24,5,0,128,123,123
88,outside,820,26,15,11,4,3,19,0,26,0,28,5,0,148,142,142
88,outside,821,31,19,12,5,4,22,0,31,0,33,5,0,168,164,164
88,outside,822,31,18,13,1,5,25,0,31,0,34,6,0,190,189,189
88,outside,823,33,20,13,2,1,30,0,33,0,36,6,0,218,219,219
88,outside,824,38,22,16,5,2,31,0,38,0,41,6,0,254,250,250
88,outside,825,44,27,17,6,5,33,0,44,0,47,6,0,290,283,283
88,outside,826,46,29,17,2,6,38,0,46,0,49,6,0,330,321,321
88,outside,827,57,34,23,11,2,44,0,57,0,60,6,0,374,365,365
88,outside,828,60,36,24,4,11,45,0,60,0,64,7,0,428,410,410
88,outside,829,68,37,31,12,3,53,0,68,0,76,11,0,486,463,463
88,outside,830,76,38,38,10,12,54,0,76,0,86,13,0,550,517,517
88,outside,831,81,42,39,9,9,63,0,81,0,95,17,0,614,580,580
88,outside,832,89,46,43,10,9,70,0,89,0,105,19,0,682,650,650
88,outside,833,94,50,44,8,10,76,0,94,0,113,22,0,752,726,726
88,outside,834,105,54,51,15,8,82,0,105,0,128,26,0,834,808,808
88,outside,835,106,53,53,7,15,84,0,106,0,135,32,0,920,892,892
88,outside,836,127,64,63,22,7,98,0,127,0,157,33,0,1006,990,990
88,outside,837,132,66,66,12,21,99,0,132,0,169,40,0,1104,1089,1089
88,outside,838,149,78,71,21,12,116,0,149,0,190,44,0,1200,1205,1205
88,outside,839,157,82,75,12,21,124,0,157,0,202,48,0,1314,1329,1329
88,outside,840,184,98,86,32,11,141,0,184,0,234,53,0,1440,1470,1470
88,outside,841,200,106,94,19,32,149,0,200,0,253,56,0,1590,1619,1619
88,outside,842,223,118,105,30,18,175,0,223,0,283,63,0,1748,1794,1794
88,outside,843,239,126,113,23,30,186,0,239,0,306,70,0,1934,1980,1980
88,outside,844,276,145,131,43,23,210,0,276,0,349,76,0,2130,2190,2190
88,outside,845,299,158,141,32,43,224,0,299,0,381,85,0,2352,2414,2414
88,outside,846,336,175,161,47,32,257,0,336,0,428,95,0,2588,2671,2671
88,outside,847,372,202,170,46,47,279,0,372,0,474,105,0,2858,2950,2950
88,outside,848,416,227,189,50,45,321,0,416,0,524,111,0,3160,3271,3271
88,outside,849,469,249,220,62,50,357,0,469,0,586,120,0,3498,3628,3628
88,outside,850,532,276,256,76,60,396,0,532,0,662,133,0,3886,4024,4024
89,farmyard,800,3,2,1,0,0,3,3,0,0,0,0,0,0,0,0
89,farmyard,801,4,3,1,1,0,3,4,0,0,1,0,0,8,3,3
89,farmyard,802,5,4,1,1,1,3,5,0,1,2,0,0,16,6,6
89,farmyard,803,6,4,2,1,1,4,6,0,1,3,0,0,24,10,10
89,farmyard,804,7,4,3,1,1,5,7,0,1,4,0,0,36,15,15
89,farmyard,805,9,6,3,2,1,6,9,0,1,6,0,0,52,21,21
89,farmyard,806,9,6,3,0,2,7,9,0,1,6,0,0,68,28,28
89,farmyard,807,8,4,4,1,0,7,8,0,1,7,2,0,84,35,35
89,farmyard,808,10,5,5,2,1,7,10,0,1,9,2,0,100,42,42
89,farmyard,809,10,6,4,1,2,7,10,0,1,10,3,0,116,49,49
89,farmyard,810,11,6,5,1,1,9,11,0,1,11,3,0,132,58,58
89,farmyard,811,8,3,5,0,1,7,8,0,1,11,6,0,152,65,65
89,farmyard,812,9,4,5,1,0,8,9,0,1,12,6,0,164,73,73
89,farmyard,813,8,4,4,0,1,7,8,0,1,12,7,0,176,80,80
89,farmyard,814,8,4,4,1,0,7,8,0,1,13,8,0,188,87,87
89,farmyard,815,8,3,5,1,1,6,8,0,1,14,9,0,200,93,93
89,farmyard,816,9,3,6,1,1,7,9,0,1,15,9,0,208,100,100
89,farmyard,817,10,3,7,1,1,8,10,0,1,16,9,0,220,108,108
89,farmyard,818,11,3,8,1,1,9,11,0,1,17,9,0,232,117,117
89,farmyard,819,10,2,8,0,1,9,10,0,1,17,10,0,244,126,126
89,farmyard,820,7,0,7,0,0,7,7,0,1,17,13,0,252,133,133
89,farmyard,821,5,0,5,0,0,5,5,0,1,17,15,0,252,138,138
89,farmyard,822,5,0,5,0,0,5,5,0,1,17,15,0,252,143,143
89,farmyard,823,5,0,5,0,0,5,5,0,1,17,15,0,252,148,148
89,farmyard,824,5,0,5,0,0,5,5,0,1,17,15,0,252,153,153
89,farmyard,825,5,0,5,0,0,5,5,0,1,17,15,0,252,158,158
89,farmyard,826,5,0,5,0,0,5,5,0,1,17,15,0,252,163,163
89,farmyard,827,5,0,5,0,0,5,5,0,1,17,15,0,252,168,168
89,farmyard,828,5,0,5,0,0,5,5,0,1,17,15,0,252,173,173
89,farmyard,829,5,0,5,0,0,5,5,0,1,17,15,0,252,178,178
89,farmyard,830,5,0,5,0,0,5,5,0,1,17,15,0,252,183,183
89,farmyard,831,5,0,5,0,0,5,5,0,1,17,15,0,252,188,188
89,farmyard,832,3,0,3,0,0,3,3,0,0,17,17,0,252,191,191
89,farmyard,833,2,0,2,0,0,2,2,0,0,17,18,0,252,193,193
89,farmyard,834,2,0,2,0,0,2,2,0,0,17,18,0,252,195,195
89,farmyard,835,1,0,1,0,0,1,1,0,0,17,19,0,252,196,196
89,farmyard,836,0,0,0,0,0,0,0,0,0,17,20,0,252,196,196
89,farmyard,837,0,0,0,0,0,0,0,0,0,17,20,0,252,196,196
89,farmyard,838,0,0,0,0,0,0,0,0,0,17,20,0,252,196,196
89,farmyard,839,0,0,0,0,0,0,0,0,0,17,20,0,252,196,196
89,farmyard,840,0,0,0,0,0,0,0,0,0,17,20,0,252,196,196
89,farmyard,841,0,0,0,0,0,0,0,0,0,17,20,0,252,196,196
89,farmyard,842,0,0,0,0,0,0,0,0,0,17,20,0,252,196,196
89,farmyard,843,0,0,0,0,0,0,0,0,0,17,20,0,252,196,196
89,farmyard,844,0,0,0,0,0,0,0,0,0,17,20,0,252,196,196
89,farmyard,845,0,0,0,0,0,0,0,0,0,17,20,0,252,196,196
89,farmyard,846,0,0,0,0,0,0,0,0,0,17,20,0,252,196,196
89,farmyard,847,0,0,0,0,0,0,0,0,0,17,20,0,252,196,196
89,farmyard,848,0,0,0,0,0,0,0,0,0,17,20,0,252,196,196
89,farmyard,849,0,0,0,0,0,0,0,0,0,17,20,0,252,196,196
89,farmyard,850,0,0,0,0,0,0,0,0,0,17,20,0,252,196,196
89,outside,800,3,2,1,0,0,3,0,3,0,0,0,0,0,0,0
89,outside,801,4,3,1,1,0,3,0,4,0,1,0,0,4,3,3
89,outside,802,5,4,1,1,1,3,0,5,0,2,0,0,8,6,6
89,outside,803,6,4,2,1,1,4,0,6,0,3,0,0,12,10,10
89,outside,804,7,4,3,1,1,5,0,7,0,4,0,0,18,15,15
89,outside,805,9,6,3,2,1,6,0,9,0,6,0,0,26,21,21
89,outside,806,9,6,3,0,2,7,0,9,0,6,0,0,34,28,28
89,outside,807,11,6,5,2,0,9,0,11,0,8,0,0,42,37,37
89,outside,808,12,6,6,2,2,8,0,12,0,10,1,0,54,45,45
89,outside,809,13,7,6,1,2,10,0,13,0,11,1,0,64,55,55
89,outside,810,15,9,6,2,1,12,0,15,0,13,1,0,74,67,67
89,outside,811,16,9,7,1,2,13,0,16,0,14,1,0,86,80,80
89,outside,812,20,12,8,4,1,15,0,20,0,18,1,0,100,95,95
89,outside,813,20,12,8,1,4,15,0,20,0,19,2,0,118,110,110
89,outside,814,24,14,10,4,1,19,0,24,0,23,2,0,134,129,129
89,outside,815,27,18,9,4,3,20,0,27,0,27,3,0,156,149,149
89,outside,816,31,19,12,5,4,22,0,31,0,32,4,0,180,171,171
89,outside,817,38,22,16,7,5,26,0,38,0,39,4,0,206,197,197
89,outside,818,40,21,19,3,7,30,0,40,0,42,5,0,240,227,227
89,outside,819,48,24,24,8,3,37,0,48,0,50,5,0,276,264,264
89,outside,820,52,26,26,4,8,40,0,52,0,54,5,0,318,304,304
89,outside,821,56,29,27,5,4,47,0,56,0,59,6,0,360,351,351
89,outside,822,62,31,31,9,5,48,0,62,0,68,9,0,408,399,399
89,outside,823,62,30,32,2,9,51,0,62,0,70,11,0,460,450,450
89,outside,824,69,35,34,11,1,57,0,69,0,81,15,0,516,507,507
89,outside,825,71,36,35,4,11,56,0,71,0,85,17,0,574,563,563
89,outside,826,72,37,35,7,4,61,0,72,0,92,23,0,628,624,624
89,outside,827,81,38,43,10,7,64,0,81,0,102,24,0,688,688,688
89,outside,828,86,42,44,6,10,70,0,86,0,108,25,0,752,758,758
89,outside,829,97,47,50,12,6,79,0,97,0,120,26,0,822,837,837
89,outside,830,106,52,54,9,12,85,0,106,0,129,26,0,894,922,922
89,outside,831,118,56,62,13,9,96,0,118,0,142,27,0,976,1018,1018
89,outside,832,130,60,70,14,13,103,0,130,0,156,29,0,1068,1121,1121
89,outside,833,140,63,77,13,14,113,0,140,0,169,32,0,1166,1234,1234
89,outside,834,150,70,80,16,12,122,0,150,0,185,38,0,1272,1356,1356
89,outside,835,160,74,86,15,16,129,0,160,0,200,43,0,1390,1485,1485
89,outside,836,176,82,94,19,14,143,0,176,0,219,46,0,1508,1628,1628
89,outside,837,190,86,104,22,18,150,0,190,0,241,54,0,1640,1778,1778
89,outside,838,203,90,113,19,20,164,0,203,0,260,60,0,1780,1942,1942
89,outside,839,219,100,119,24,19,176,0,219,0,284,68,0,1934,2118,2118
89,outside,840,235,108,127,20,23,192,0,235,0,304,72,0,2092,2310,2310
89,outside,841,243,111,132,21,20,202,0,243,0,325,85,0,2264,2512,2512
89,outside,842,259,115,144,27,21,211,0,259,0,352,96,0,2450,2723,2723
89,outside,843,283,125,158,33,27,223,0,283,0,385,105,0,2634,2946,2946
89,outside,844,297,135,162,23,33,241,0,297,0,408,114,0,2830,3187,3187
89,outside,845,324,146,178,36,22,266,0,324,0,444,123,0,3046,3453,3453
89,outside,846,350,154,196,40,35,275,0,350,0,484,137,0,3282,3728,3728
89,outside,847,377,165,212,36,40,301,0,377,0,520,146,0,3532,4029,4029
89,outside,848,411,176,235,49,36,326,0,411,0,569,161,0,3802,4355,4355
89,outside,849,436,190,246,43,49,344,0,436,0,612,179,0,4084,4699,4699
89,outside,850,469,213,256,45,41,383,0,469,0,657,191,0,4384,5082,5082
90,farmyard,800,3,2,1,0,0,3,3,0,0,0,0,0,0,0,0
90,farmyard,801,5,2,3,2,0,3,5,0,1,2,0,0,8,3,3
90,farmyard,802,5,2,3,0,2,3,5,0,1,2,0,0,16,6,6
90,farmyard,803,6,3,3,1,0,5,6,0,1,3,0,0,24,11,11
90,farmyard,804,6,3,3,0,1,5,6,0,1,3,0,0,32,16,16
90,farmyard,805,8,5,3,2,0,6,8,0,1,5,0,0,40,22,22
90,farmyard,806,9,6,3,1,2,6,9,0,1,6,0,0,52,28,28
90,farmyard,807,11,8,3,4,1,6,11,0,1,10,2,0,64,34,34
90,farmyard,808,10,8,2,0,3,7,10,0,1,10,3,0,84,41,41
90,farmyard,809,14,10,4,5,0,9,14,0,1,15,4,0,108,50,50
90,farmyard,810,15,10,5,1,5,9,15,0,1,16,4,0,136,59,59
90,farmyard,811,17,10,7,3,1,13,17,0,1,19,5,0,164,72,72
90,farmyard,812,14,7,7,2,2,10,14,0,1,21,10,0,200,82,82
90,farmyard,813,14,8,6,3,2,9,14,0,1,24,13,0,224,91,91
90,farmyard,814,11,7,4,1,2,8,11,0,1,25,17,0,248,99,99
90,farmyard,815,7,6,1,2,0,5,7,0,1,27,23,0,272,104,104
90,farmyard,816,6,5,1,0,1,5,6,0,1,27,24,0,288,109,109
90,farmyard,817,7,5,2,2,0,5,7,0,1,29,25,0,304,114,114
90,farmyard,818,6,4,2,0,2,4,6,0,1,29,26,0,320,118,118
90,farmyard,819,9,7,2,3,0,6,9,0,1,32,26,0,332,124,124
90,farmyard,820,8,6,2,0,3,5,8,0,1,32,27,0,348,129,129
90,farmyard,821,10,6,4,2,0,8,10,0,1,34,27,0,360,137,137
90,farmyard,822,12,6,6,2,2,8,12,0,1,36,27,0,384,145,145
90,farmyard,823,10,4,6,0,2,8,10,0,1,36,29,0,408,153,153
90,farmyard,824,10,4,6,1,0,9,10,0,1,37,30,0,424,162,162
90,farmyard,825,9,4,5,0,1,8,9,0,1,37,31,0,440,170,170
90,farmyard,826,8,4,4,0,0,8,0,8,0,37,32,0,456,178,178
90,farmyard,827,10,6,4,2,0,8,0,10,0,39,32,0,464,186,186
90,farmyard,828,11,7,4,1,2,8,0,11,0,40,32,0,472,194,194
90,farmyard,829,13,8,5,2,1,10,0,13,0,42,32,0,480,204,204
90,farmyard,830,13,8,5,0,2,11,0,13,0,42,32,0,492,215,215
90,farmyard,831,16,10,6,4,0,12,0,16,0,46,33,0,506,227,227
90,farmyard,832,16,10,6,0,4,12,0,16,0,46,33,0,520,239,239
90,farmyard,833,19,12,7,4,0,15,0,19,0,50,34,0,534,254,254
90,farmyard,834,18,11,7,0,4,14,0,18,0,50,35,0,554,268,268
90,farmyard,835,24,15,9,6,0,18,0,24,0,56,35,0,572,286,286
90,farmyard,836,25,15,10,1,6,18,0,25,0,57,35,0,594,304,304
90,farmyard,837,30,17,13,6,1,23,0,30,0,63,36,0,616,327,327
90,farmyard,838,32,19,13,3,6,23,0,32,0,66,37,0,644,350,350
90,farmyard,839,38,22,16,7,3,28,0,38,0,73,38,0,672,378,378
90,farmyard,840,39,21,18,4,5,30,0,39,0,77,41,0,704,408,408
90,farmyard,841,44,26,18,6,3,35,0,44,0,83,42,0,740,443,443
90,farmyard,842,49,29,20,6,5,38,0,49,0,89,43,0,780,481,481
90,farmyard,843,56,31,25,8,6,42,0,56,0,97,44,0,822,523,523
90,farmyard,844,59,33,26,4,7,48,0,59,0,101,45,0,872,571,571
90,farmyard,845,68,33,35,10,4,54,0,68,0,111,46,0,930,625,625
90,farmyard,846,74,34,40,7,10,57,0,74,0,118,47,0,990,682,682
90,farmyard,847,80,37,43,7,7,66,0,80,0,125,48,0,1052,748,748
90,farmyard,848,87,41,46,9,6,72,0,87,0,134,50,0,1116,820,820
90,farmyard,849,93,42,51,9,9,75,0,93,0,143,53,0,1184,895,895
90,farmyard,850,100,49,51,10,9,81,0,100,0,153,56,0,1254,976,976
90,outside,800,3,2,1,0,0,3,0,3,0,0,0,0,0,0,0
90,outside,801,5,2,3,2,0,3,0,5,0,2,0,0,4,3,3
90,outside,802,5,2,3,0,2,3,0,5,0,2,0,0,8,6,6
90,outside,803,6,3,3,1,0,5,0,6,0,3,0,0,12,11,11
90,outside,804,6,3,3,0,1,5,0,6,0,3,0,0,16,16,16
90,outside,805,8,5,3,2,0,6,0,8,0,5,0,0,20,22,22
90,outside,806,9,6,3,1,2,6,0,9,0,6,0,0,26,28,28
90,outside,807,13,8,5,4,1,8,0,13,0,10,0,0,32,36,36
90,outside,808,15,9,6,2,4,9,0,15,0,12,0,0,42,45,45
90,outside,809,18,11,7,3,2,13,0,18,0,15,0,0,54,58,58
90,outside,810,22,13,9,4,3,15,0,22,0,19,0,0,70,73,73
90,outside,811,25,15,10,3,4,18,0,25,0,22,0,0,88,91,91
90,outside,812,26,16,10,3,3,20,0,26,0,25,2,0,110,111,111
90,outside,813,30,18,12,4,3,23,0,30,0,29,2,0,134,134,134
90,outside,814,37,23,14,7,4,26,0,37,0,36,2,0,162,160,160
90,outside,815,43,24,19,9,7,27,0,43,0,45,5,0,194,187,187
90,outside,816,46,24,22,4,9,33,0,46,0,49,6,0,226,220,220
90,outside,817,57,27,30,11,4,42,0,57,0,60,6,0,266,262,262
90,outside,818,62,31,31,5,11,46,0,62,0,65,6,0,312,308,308
90,outside,819,73,35,38,11,5,57,0,73,0,76,6,0,360,365,365
90,outside,820,83,41,42,10,11,62,0,83,0,86,6,0,414,427,427
90,outside,821,88,46,42,6,10,72,0,88,0,92,7,0,476,499,499
90,outside,822,99,52,47,12,6,81,0,99,0,104,8,0,546,580,580
90,outside,823,109,59,50,14,12,83,0,109,0,118,12,0,626,663,663
90,outside,824,120,61,59,15,14,91,0,120,0,133,16,0,714,754,754
90,outside,825,129,68,61,14,15,100,0,129,0,147,21,0,810,854,854
90,outside,826,149,80,69,21,14,114,0,149,0,168,22,0,916,968,968
90,outside,827,163,86,77,16,21,126,0,163,0,184,24,0,1032,1094,1094
90,outside,828,188,97,91,28,16,144,0,188,0,212,27,0,1166,1238,1238
90,outside,829,204,104,100,22,28,154,0,204,0,234,33,0,1322,1392,1392
90,outside,830,213,109,104,16,22,175,0,213,0,250,40,0,1488,1567,1567
90,outside,831,246,124,122,37,16,193,0,246,0,287,44,0,1666,1760,1760
90,outside,832,262,133,129,29,36,197,0,262,0,316,57,0,1858,1957,1957
90,outside,833,284,145,139,31,27,226,0,284,0,347,66,0,2058,2183,2183
90,outside,834,322,162,160,42,31,249,0,322,0,389,70,0,2286,2432,2432
90,outside,835,339,168,171,31,42,266,0,339,0,420,84,0,2538,2698,2698
90,outside,836,378,187,191,54,30,294,0,378,0,474,99,0,2810,2992,2992
90,outside,837,411,203,208,41,53,317,0,411,0,515,107,0,3106,3309,3309
90,outside,838,449,221,228,53,39,357,0,449,0,568,122,0,3418,3666,3666
90,outside,839,487,238,249,49,52,386,0,487,0,617,133,0,3774,4052,4052
90,outside,840,549,264,285,71,48,430,0,549,0,688,142,0,4146,4482,4482
90,outside,841,597,299,298,67,70,460,0,597,0,755,161,0,4558,4905,4942
90,outside,842,658,325,333,78,67,513,0,658,0,833,178,0,5018,5374,5455
90,outside,843,716,353,363,75,77,564,0,716,0,908,195,0,5522,5888,6019
90,outside,844,794,393,401,91,74,629,0,794,0,999,208,0,6092,6467,6648
90,outside,845,861,417,444,95,89,677,0,861,0,1094,236,0,6720,7100,7325
90,outside,846,945,448,497,104,94,747,0,945,0,1198,256,0,7390,7774,8072
90,outside,847,1015,484,531,103,103,809,0,1015,0,1301,289,0,8136,8525,8881
90,outside,848,1099,529,570,115,102,882,0,1099,0,1416,320,0,8908,9302,9763
90,outside,849,1199,587,612,135,113,951,0,1199,0,1551,355,0,9734,10130,10714
90,outside,850,1300,648,652,148,134,1018,0,1300,0,1699,402,0,10646,11044,11732
91,farmyard,800,3,2,1,0,0,3,3,0,0,0,0,0,0,0,0
91,farmyard,801,5,2,3,2,0,3,5,0,1,2,0,0,8,3,3
91,farmyard,802,5,2,3,0,2,3,5,0,1,2,0,0,16,6,6
91,farmyard,803,5,2,3,1,0,4,5,0,1,3,1,0,24,10,10
91,farmyard,804,5,2,3,0,1,4,5,0,1,3,1,0,28,14,14
91,farmyard,805,6,3,3,1,0,5,6,0,1,4,1,0,32,19,19
91,farmyard,806,7,4,3,1,1,5,7,0,1,5,1,0,40,24,24
91,farmyard,807,7,4,3,0,1,6,7,0,1,5,1,0,48,30,30
91,farmyard,808,10,4,6,3,0,7,10,0,1,8,1,0,60,37,37
91,farmyard,809,8,3,5,0,3,5,8,0,1,8,3,0,76,42,42
91,farmyard,810,9,4,5,1,0,8,9,0,1,9,3,0,88,50,50
91,farmyard,811,8,3,5,0,1,7,8,0,1,9,4,0,100,57,57
91,farmyard,812,9,4,5,2,0,7,9,0,1,11,5,0,108,64,64
91,farmyard,813,8,4,4,0,2,6,8,0,1,11,6,0,120,70,70
91,farmyard,814,12,5,7,4,0,8,12,0,1,15,6,0,132,78,78
91,farmyard,815,10,3,7,0,4,6,10,0,1,15,8,0,148,84,84
91,farmyard,816,7,1,6,1,0,6,7,0,1,16,12,0,156,90,90
91,farmyard,817,6,1,5,0,1,5,6,0,1,16,13,0,160,95,95
91,farmyard,818,7,2,5,1,0,6,7,0,1,17,13,0,164,101,101
91,farmyard,819,7,2,5,0,1,6,7,0,1,17,13,0,168,107,107
91,farmyard,820,7,1,6,1,0,6,7,0,1,18,14,0,172,113,113
91,farmyard,821,7,1,6,0,1,6,7,0,1,18,14,0,176,119,119
91,farmyard,822,8,1,7,1,0,7,8,0,1,19,14,0,180,126,126
91,farmyard,823,8,1,7,0,1,7,8,0,1,19,14,0,184,133,133
91,farmyard,824,8,2,6,1,0,7,8,0,1,20,15,0,188,140,140
91,farmyard,825,5,1,4,0,1,4,5,0,1,20,18,0,192,144,144
91,farmyard,826,6,1,5,1,0,5,0,6,0,21,18,0,192,149,149
91,farmyard,827,6,1,5,0,1,5,0,6,0,21,18,0,194,154,154
91,farmyard,828,7,1,6,1,0,6,0,7,0,22,18,0,196,160,160
91,farmyard,829,7,1,6,0,1,6,0,7,0,22,18,0,198,166,166
91,farmyard,830,7,1,6,1,0,6,0,7,0,23,19,0,200,172,172
91,farmyard,831,7,1,6,0,1,6,0,7,0,23,19,0,202,178,178
91,farmyard,832,7,1,6,0,0,7,0,7,0,23,19,0,204,185,185
91,farmyard,833,7,2,5,1,0,6,0,7,0,24,20,0,206,191,191
91,farmyard,834,7,2,5,0,1,6,0,7,0,24,20,0,208,197,197
91,farmyard,835,9,3,6,2,0,7,0,9,0,26,20,0,210,204,204
91,farmyard,836,9,3,6,0,2,7,0,9,0,26,20,0,214,211,211
91,farmyard,837,10,4,6,1,0,9,0,10,0,27,20,0,218,220,220
91,farmyard,838,10,4,6,0,1,9,0,10,0,27,20,0,224,229,229
91,farmyard,839,8,3,5,0,0,8,0,8,0,27,22,0,230,237,237
91,farmyard,840,11,4,7,3,0,8,0,11,0,30,22,0,236,245,245
91,farmyard,841,10,4,6,0,2,8,0,10,0,30,23,0,242,253,253
91,farmyard,842,14,6,8,4,0,10,0,14,0,34,23,0,248,263,263
91,farmyard,843,13,6,7,0,4,9,0,13,0,34,24,0,256,272,272
91,farmyard,844,17,9,8,4,0,13,0,17,0,38,24,0,264,285,285
91,farmyard,845,17,10,7,1,4,12,0,17,0,39,25,0,276,297,297
91,farmyard,846,20,13,7,4,1,15,0,20,0,43,26,0,288,312,312
91,farmyard,847,23,13,10,3,4,16,0,23,0,46,26,0,306,328,328
91,farmyard,848,27,14,13,5,3,19,0,27,0,51,27,0,326,347,347
91,farmyard,849,30,15,15,4,4,22,0,30,0,55,28,0,352,369,369
91,farmyard,850,33,16,17,4,4,25,0,33,0,59,29,0,378,394,394
91,outside,800,3,2,1,0,0,3,0,3,0,0,0,0,0,0,0
91,outside,801,5,2,3,2,0,3,0,5,0,2,0,0,4,3,3
91,outside,802,5,2,3,0,2,3,0,5,0,2,0,0,8,6,6
91,outside,803,6,3,3,1,0,5,0,6,0,3,0,0,12,11,11
91,outside,804,7,4,3,1,1,5,0,7,0,4,0,0,16,16,16
91,outside,805,8,4,4,1,1,6,0,8,0,5,0,0,20,22,22
91,outside,806,10,4,6,2,1,7,0,10,0,7,0,0,26,29,29
91,outside,807,12,6,6,2,2,8,0,12,0,9,0,0,34,37,37
91,outside,808,14,6,8,2,2,10,0,14,0,11,0,0,42,47,47
91,outside,809,15,6,9,2,2,11,0,15,0,13,1,0,50,58,58
91,outside,810,17,6,11,2,2,13,0,17,0,15,1,0,60,71,71
91,outside,811,19,6,13,2,2,15,0,19,0,17,1,0,70,86,86
91,outside,812,21,7,14,2,2,17,0,21,0,19,1,0,82,103,103
91,outside,813,22,6,16,2,2,18,0,22,0,21,2,0,94,121,121
91,outside,814,24,8,16,2,2,20,0,24,0,23,2,0,104,141,141
91,outside,815,26,8,18,2,2,22,0,26,0,25,2,0,116,163,163
91,outside,816,28,9,19,3,2,23,0,28,0,28,3,0,128,186,186
91,outside,817,29,10,19,2,3,24,0,29,0,30,4,0,144,210,210
91,outside,818,31,9,22,3,2,26,0,31,0,33,5,0,160,236,236
91,outside,819,33,11,22,4,3,26,0,33,0,37,7,0,176,262,262
91,outside,820,33,11,22,1,4,28,0,33,0,38,8,0,192,290,290
91,outside,821,35,14,21,3,1,31,0,35,0,41,9,0,208,321,321
91,outside,822,37,16,21,3,3,31,0,37,0,44,10,0,230,352,352
91,outside,823,36,17,19,1,3,32,0,36,0,45,12,0,252,384,384
91,outside,824,41,19,22,5,1,35,0,41,0,50,12,0,280,419,419
91,outside,825,42,21,21,2,5,35,0,42,0,52,13,0,312,454,454
91,outside,826,49,26,23,7,2,40,0,49,0,59,13,0,346,494,494
91,outside,827,54,28,26,6,7,41,0,54,0,65,14,0,384,535,535
91,outside,828,58,31,27,7,6,45,0,58,0,72,17,0,426,580,580
91,outside,829,62,37,25,9,7,46,0,62,0,81,22,0,474,626,626
91,outside,830,61,35,26,5,9,47,0,61,0,86,28,0,526,673,673
91,outside,831,69,38,31,12,5,52,0,69,0,98,32,0,580,725,725
91,outside,832,78,44,34,9,12,57,0,78,0,107,32,0,640,782,782
91,outside,833,90,49,41,14,9,67,0,90,0,121,34,0,704,849,849
91,outside,834,97,55,42,9,14,74,0,97,0,130,36,0,778,923,923
91,outside,835,106,61,45,12,9,85,0,106,0,142,39,0,864,1008,1008
91,outside,836,117,63,54,13,11,93,0,117,0,155,41,0,960,1101,1101
91,outside,837,139,74,65,24,13,102,0,139,0,179,43,0,1066,1203,1203
91,outside,838,151,81,70,15,24,112,0,151,0,194,46,0,1180,1315,1315
91,outside,839,169,88,81,21,15,133,0,169,0,215,49,0,1300,1448,1448
91,outside,840,187,98,89,24,21,142,0,187,0,239,55,0,1442,1590,1590
91,outside,841,207,108,99,26,23,158,0,207,0,265,61,0,1592,1748,1748
91,outside,842,225,111,114,26,26,173,0,225,0,291,69,0,1752,1921,1921
91,outside,843,250,122,128,28,26,196,0,250,0,319,72,0,1924,2117,2117
91,outside,844,276,135,141,31,28,217,0,276,0,350,77,0,2124,2334,2334
91,outside,845,300,140,160,33,29,238,0,300,0,383,86,0,2340,2572,2572
91,outside,846,330,155,175,40,32,258,0,330,0,423,96,0,2574,2830,2830
91,outside,847,359,168,191,37,39,283,0,359,0,460,104,0,2822,3113,3113
91,outside,848,393,182,211,44,36,313,0,393,0,504,114,0,3080,3409,3426
91,outside,849,433,202,231,54,44,335,0,433,0,558,128,0,3374,3741,3761
91,outside,850,471,225,246,51,52,368,0,471,0,609,141,0,3684,4088,4129
92,farmyard,800,3,2,1,0,0,3,3,0,0,0,0,0,0,0,0
92,farmyard,801,4,3,1,1,0,3,4,0,0,1,0,0,8,3,3
92,farmyard,802,5,3,2,1,1,3,5,0,1,2,0,0,16,6,6
92,farmyard,803,7,3,4,2,1,4,7,0,1,4,0,0,24,10,10
92,farmyard,804,8,3,5,1,2,5,8,0,1,5,0,0,36,15,15
92,farmyard,805,8,2,6,2,1,5,8,0,1,7,2,0,48,20,20
92,farmyard,806,8,2,6,0,2,6,8,0,1,7,2,0,56,26,26
92,farmyard,807,10,4,6,2,0,8,10,0,1,9,2,0,64,34,34
92,farmyard,808,8,4,4,0,2,6,8,0,1,9,4,0,72,40,40
92,farmyard,809,11,5,6,3,0,8,11,0,1,12,4,0,80,48,48
92,farmyard,810,11,5,6,1,2,8,11,0,1,13,5,0,96,56,56
92,farmyard,811,9,3,6,0,1,8,9,0,1,13,7,0,112,64,64
92,farmyard,812,10,4,6,1,0,9,10,0,1,14,7,0,124,73,73
92,farmyard,813,11,5,6,1,1,9,11,0,1,15,7,0,136,82,82
92,farmyard,814,9,4,5,1,1,7,9,0,1,16,10,0,148,89,89
92,farmyard,815,7,2,5,0,1,6,7,0,1,16,12,0,160,95,95
92,farmyard,816,6,2,4,0,0,6,6,0,1,16,13,0,168,101,101
92,farmyard,817,6,2,4,0,0,6,6,0,1,16,13,0,176,107,107
92,farmyard,818,6,2,4,0,0,6,6,0,1,16,13,0,184,113,113
92,farmyard,819,6,2,4,0,0,6,6,0,1,16,13,0,192,119,119
92,farmyard,820,6,1,5,1,0,5,6,0,1,17,14,0,200,124,124
92,farmyard,821,6,1,5,0,1,5,6,0,1,17,14,0,204,129,129
92,farmyard,822,7,1,6,1,0,6,7,0,1,18,14,0,208,135,135
92,farmyard,823,7,1,6,0,1,6,7,0,1,18,14,0,212,141,141
92,farmyard,824,5,0,5,0,0,5,5,0,1,18,16,0,216,146,146
92,farmyard,825,5,0,5,0,0,5,5,0,1,18,16,0,216,151,151
92,farmyard,826,5,0,5,0,0,5,5,0,1,18,16,0,216,156,156
92,farmyard,827,5,0,5,0,0,5,5,0,1,18,16,0,216,161,161
92,farmyard,828,4,0,4,0,0,4,4,0,0,18,17,0,216,165,165
92,farmyard,829,3,0,3,0,0,3,3,0,0,18,18,0,216,168,168
92,farmyard,830,3,0,3,0,0,3,3,0,0,18,18,0,216,171,171
92,farmyard,831,3,0,3,0,0,3,3,0,0,18,18,0,216,174,174
92,farmyard,832,3,0,3,0,0,3,3,0,0,18,18,0,216,177,177
92,farmyard,833,3,0,3,0,0,3,3,0,0,18,18,0,216,180,180
92,farmyard,834,2,0,2,0,0,2,2,0,0,18,19,0,216,182,182
92,farmyard,835,1,0,1,0,0,1,1,0,0,18,20,0,216,183,183
92,farmyard,836,1,0,1,0,0,1,1,0,0,18,20,0,216,184,184
92,farmyard,837,1,0,1,0,0,1,1,0,0,18,20,0,216,185,185
92,farmyard,838,1,0,1,0,0,1,0,1,0,18,20,0,216,186,186
92,farmyard,839,1,0,1,0,0,1,0,1,0,18,20,0,216,187,187
92,farmyard,840,1,0,1,0,0,1,0,1,0,18,20,0,216,188,188
92,farmyard,841,1,0,1,0,0,1,0,1,0,18,20,0,216,189,189
92,farmyard,842,0,0,0,0,0,0,0,0,0,18,21,0,216,189,189
92,farmyard,843,0,0,0,0,0,0,0,0,0,18,21,0,216,189,189
92,farmyard,844,0,0,0,0,0,0,0,0,0,18,21,0,216,189,189
92,farmyard,845,0,0,0,0,0,0,0,0,0,18,21,0,216,189,189
92,farmyard,846,0,0,0,0,0,0,0,0,0,18,21,0,216,189,189
92,farmyard,847,0,0,0,0,0,0,0,0,0,18,21,0,216,189,189
92,farmyard,848,0,0,0,0,0,0,0,0,0,18,21,0,216,189,189
92,farmyard,849,0,0,0,0,0,0,0,0,0,18,21,0,216,189,189
92,farmyard,850,0,0,0,0,0,0,0,0,0,18,21,0,216,189,189
92,outside,800,3,2,1,0,0,3,0,3,0,0,0,0,0,0,0
92,outside,801,4,3,1,1,0,3,0,4,0,1,0,0,4,3,3
92,outside,802,5,3,2,1,1,3,0,5,0,2,0,0,8,6,6
92,outside,803,7,3,4,2,1,4,0,7,0,4,0,0,12,10,10
92,outside,804,8,3,5,1,2,5,0,8,0,5,0,0,18,15,15
92,outside,805,10,4,6,2,1,7,0,10,0,7,0,0,24,22,22
92,outside,806,10,4,6,0,2,8,0,10,0,7,0,0,30,30,30
92,outside,807,12,6,6,2,0,10,0,12,0,9,0,0,36,40,40
92,outside,808,14,8,6,2,2,10,0,14,0,11,0,0,44,50,50
92,outside,809,16,8,8,2,2,12,0,16,0,13,0,0,52,62,62
92,outside,810,18,9,9,2,2,14,0,18,0,15,0,0,64,76,76
92,outside,811,20,9,11,3,2,15,0,20,0,18,1,0,80,91,91
92,outside,812,22,10,12,2,3,17,0,22,0,20,1,0,94,108,108
92,outside,813,24,11,13,2,2,20,0,24,0,22,1,0,110,128,128
92,outside,814,25,11,14,3,2,20,0,25,0,25,3,0,128,148,148
92,outside,815,29,14,15,4,3,22,0,29,0,29,3,0,144,170,170
92,outside,816,30,14,16,2,4,24,0,30,0,31,4,0,162,194,194
92,outside,817,35,19,16,5,2,28,0,35,0,36,4,0,182,222,222
92,outside,818,40,22,18,5,5,30,0,40,0,41,4,0,208,252,252
92,outside,819,43,25,18,6,5,32,0,43,0,47,7,0,236,284,284
92,outside,820,47,27,20,6,6,35,0,47,0,53,9,0,272,319,319
92,outside,821,50,30,20,5,6,39,0,50,0,58,11,0,312,358,358
92,outside,822,55,32,23,7,5,43,0,55,0,65,13,0,360,401,401
92,outside,823,64,36,28,9,7,48,0,64,0,74,13,0,412,449,449
92,outside,824,68,41,27,8,7,53,0,68,0,82,17,0,470,502,502
92,outside,825,76,45,31,9,8,59,0,76,0,91,18,0,532,561,561
92,outside,826,86,50,36,12,9,65,0,86,0,103,20,0,598,626,626
92,outside,827,98,57,41,14,11,73,0,98,0,117,22,0,678,699,699
92,outside,828,105,61,44,12,14,79,0,105,0,129,27,0,766,778,778
92,outside,829,119,71,48,16,12,91,0,119,0,145,29,0,858,869,869
92,outside,830,138,83,55,22,16,100,0,138,0,167,32,0,968,969,969
92,outside,831,155,90,65,20,21,114,0,155,0,187,35,0,1090,1083,1083
92,outside,832,176,100,76,24,20,132,0,176,0,211,38,0,1230,1215,1215
92,outside,833,192,111,81,21,23,148,0,192,0,232,43,0,1388,1363,1363
92,outside,834,211,123,88,28,21,162,0,211,0,260,52,0,1556,1525,1525
92,outside,835,224,123,101,23,28,173,0,224,0,283,62,0,1738,1698,1698
92,outside,836,250,140,110,30,22,198,0,250,0,313,66,0,1936,1896,1896
92,outside,837,274,149,125,34,30,210,0,274,0,347,76,0,2164,2106,2106
92,outside,838,314,165,149,45,34,235,0,314,0,392,81,0,2392,2341,2341
92,outside,839,350,183,167,44,43,263,0,350,0,436,89,0,2654,2604,2604
92,outside,840,386,201,185,42,44,300,0,386,0,478,95,0,2944,2904,2904
92,outside,841,430,221,209,52,42,336,0,430,0,530,103,0,3258,3240,3240
92,outside,842,476,235,241,53,51,372,0,476,0,583,110,0,3606,3612,3612
92,outside,843,531,263,268,62,53,416,0,531,0,645,117,0,3988,4028,4028
92,outside,844,578,290,288,60,62,456,0,578,0,705,130,0,4408,4484,4484
92,outside,845,637,332,305,72,59,506,0,637,0,777,143,0,4856,4990,4990
92,outside,846,689,366,323,73,70,546,0,689,0,850,164,0,5364,5536,5536
92,outside,847,759,403,356,91,71,597,0,759,0,941,185,0,5916,6133,6133
92,outside,848,845,448,397,102,89,654,0,845,0,1043,201,0,6540,6787,6787
92,outside,849,935,492,443,117,101,717,0,935,0,1160,228,0,7240,7504,7504
92,outside,850,1034,541,493,126,114,794,0,1034,0,1286,255,0,7996,8298,8298
93,farmyard,800,3,2,1,0,0,3,3,0,0,0,0,0,0,0,0
93,farmyard,801,4,3,1,1,0,3,4,0,0,1,0,0,8,3,3
93,farmyard,802,4,3,1,0,1,3,4,0,0,1,0,0,16,6,6
93,farmyard,803,4,3,1,0,0,4,4,0,0,1,0,0,24,10,10
93,farmyard,804,5,4,1,1,0,4,5,0,1,2,0,0,36,14,14
93,farmyard,805,6,5,1,1,1,4,6,0,1,3,0,0,48,18,18
93,farmyard,806,8,6,2,2,1,5,8,0,1,5,0,0,60,23,23
93,farmyard,807,9,6,3,1,2,6,9,0,1,6,0,0,76,29,29
93,farmyard,808,11,8,3,2,1,8,11,0,1,8,0,0,96,37,37
93,farmyard,809,13,10,3,3,1,9,13,0,1,11,1,0,120,46,46
93,farmyard,810,12,8,4,1,3,8,12,0,1,12,3,0,144,54,54
93,farmyard,811,12,7,5,2,1,9,12,0,1,14,5,0,164,63,63
93,farmyard,812,10,5,5,1,2,7,10,0,1,15,8,0,188,70,70
93,farmyard,813,12,8,4,3,1,8,12,0,1,18,9,0,200,78,78
93,farmyard,814,12,8,4,0,3,9,12,0,1,18,9,0,216,87,87
93,farmyard,815,11,7,4,2,0,9,11,0,1,20,12,0,236,96,96
93,farmyard,816,10,6,4,2,2,6,10,0,1,22,15,0,260,102,102
93,farmyard,817,10,6,4,1,2,7,10,0,1,23,16,0,276,109,109
93,farmyard,818,11,6,5,1,1,9,11,0,1,24,16,0,292,118,118
93,farmyard,819,13,8,5,2,1,10,13,0,1,26,16,0,312,128,128
93,farmyard,820,15,10,5,3,2,10,15,0,1,29,17,0,336,138,138
93,farmyard,821,15,10,5,2,3,10,15,0,1,31,19,0,360,148,148
93,farmyard,822,12,9,3,0,2,10,12,0,1,31,22,0,388,158,158
93,farmyard,823,13,10,3,3,0,10,13,0,1,34,24,0,420,168,168
93,farmyard,824,12,10,2,0,3,9,12,0,1,34,25,0,448,177,177
93,farmyard,825,11,10,1,0,0,11,11,0,1,34,26,0,476,188,188
93,farmyard,826,10,9,1,0,0,10,10,0,1,34,27,0,516,198,198
93,farmyard,827,8,8,0,0,0,8,8,0,1,34,29,0,552,206,206
93,farmyard,828,7,7,0,0,0,7,7,0,1,34,30,0,584,213,213
93,farmyard,829,5,5,0,0,0,5,5,0,1,34,32,0,612,218,218
93,farmyard,830,5,5,0,0,0,5,5,0,1,34,32,0,632,223,223
93,farmyard,831,5,5,0,0,0,5,5,0,1,34,32,0,652,228,228
93,farmyard,832,5,5,0,0,0,5,5,0,1,34,32,0,672,233,233
93,farmyard,833,5,5,0,0,0,5,5,0,1,34,32,0,692,238,238
93,farmyard,834,4,4,0,0,0,4,4,0,0,34,33,0,712,242,242
93,farmyard,835,2,2,0,0,0,2,2,0,0,34,35,0,728,244,244
93,farmyard,836,2,2,0,0,0,2,2,0,0,34,35,0,736,246,246
93,farmyard,837,2,2,0,0,0,2,2,0,0,34,35,0,744,248,248
93,farmyard,838,2,2,0,0,0,2,2,0,0,34,35,0,752,250,250
93,farmyard,839,2,2,0,0,0,2,2,0,0,34,35,0,760,252,252
93,farmyard,840,2,2,0,0,0,2,2,0,0,34,35,0,768,254,254
93,farmyard,841,1,1,0,0,0,1,1,0,0,34,36,0,776,255,255
93,farmyard,842,1,1,0,0,0,1,1,0,0,34,36,0,780,256,256
93,farmyard,843,1,1,0,0,0,1,1,0,0,34,36,0,784,257,257
93,farmyard,844,1,1,0,0,0,1,1,0,0,34,36,0,788,258,258
93,farmyard,845,1,1,0,0,0,1,1,0,0,34,36,0,792,259,259
93,farmyard,846,1,1,0,0,0,1,0,1,0,34,36,0,796,260,260
93,farmyard,847,1,1,0,0,0,1,0,1,0,34,36,0,798,261,261
93,farmyard,848,1,1,0,0,0,1,0,1,0,34,36,0,800,262,262
93,farmyard,849,1,1,0,0,0,1,0,1,0,34,36,0,802,263,263
93,farmyard,850,0,0,0,0,0,0,0,0,0,34,37,0,804,263,263
93,outside,800,3,2,1,0,0,3,0,3,0,0,0,0,0,0,0
93,outside,801,4,3,1,1,0,3,0,4,0,1,0,0,4,3,3
93,outside,802,4,3,1,0,1,3,0,4,0,1,0,0,8,6,6
93,outside,803,4,3,1,0,0,4,0,4,0,1,0,0,12,10,10
93,outside,804,5,4,1,1,0,4,0,5,0,2,0,0,18,14,14
93,outside,805,6,5,1,1,1,4,0,6,0,3,0,0,24,18,18
93,outside,806,8,6,2,2,1,5,0,8,0,5,0,0,30,23,23
93,outside,807,9,6,3,1,2,6,0,9,0,6,0,0,38,29,29
93,outside,808,11,8,3,2,1,8,0,11,0,8,0,0,48,37,37
93,outside,809,14,11,3,3,2,9,0,14,0,11,0,0,60,46,46
93,outside,810,17,13,4,3,3,11,0,17,0,14,0,0,72,57,57
93,outside,811,18,13,5,1,3,14,0,18,0,15,0,0,88,71,71
93,outside,812,22,14,8,5,1,16,0,22,0,20,1,0,110,87,87
93,outside,813,25,16,9,4,5,16,0,25,0,24,2,0,136,103,103
93,outside,814,29,17,12,4,4,21,0,29,0,28,2,0,160,124,124
93,outside,815,31,18,13,3,4,24,0,31,0,31,3,0,186,148,148
93,outside,816,34,21,13,3,3,28,0,34,0,34,3,0,216,176,176
93,outside,817,38,23,15,5,3,30,0,38,0,39,4,0,248,206,206
93,outside,818,42,25,17,5,5,32,0,42,0,44,5,0,282,238,238
93,outside,819,47,27,20,5,5,37,0,47,0,49,5,0,320,275,275
93,outside,820,52,29,23,7,5,40,0,52,0,56,7,0,364,315,315
93,outside,821,60,34,26,10,7,43,0,60,0,66,9,0,410,358,358
93,outside,822,69,38,31,9,10,50,0,69,0,75,9,0,456,408,408
93,outside,823,80,45,35,11,9,60,0,80,0,86,9,0,510,468,468
93,outside,824,87,49,38,10,11,66,0,87,0,96,12,0,578,534,534
93,outside,825,94,51,43,11,10,73,0,94,0,107,16,0,652,607,607
93,outside,826,109,54,55,18,11,80,0,109,0,125,19,0,736,687,687
93,outside,827,117,59,58,10,18,89,0,117,0,135,21,0,824,776,776
93,outside,828,134,67,67,20,10,104,0,134,0,155,24,0,920,880,880
93,outside,829,148,76,72,18,19,111,0,148,0,173,28,0,1024,991,991
93,outside,830,161,84,77,18,17,126,0,161,0,191,33,0,1136,1117,1117
93,outside,831,175,91,84,18,18,139,0,175,0,209,37,0,1264,1256,1256
93,outside,832,190,97,93,21,18,151,0,190,0,230,43,0,1406,1407,1407
93,outside,833,205,103,102,20,21,164,0,205,0,250,48,0,1562,1571,1571
93,outside,834,232,120,112,34,20,178,0,232,0,284,55,0,1730,1749,1749
93,outside,835,247,126,121,21,33,193,0,247,0,305,61,0,1906,1942,1942
93,outside,836,278,145,133,37,21,220,0,278,0,342,67,0,2096,2162,2162
93,outside,837,302,152,150,32,36,234,0,302,0,374,75,0,2326,2396,2396
93,outside,838,334,169,165,42,31,261,0,334,0,416,85,0,2562,2657,2657
93,outside,839,369,188,181,42,42,285,0,369,0,458,92,0,2826,2942,2942
93,outside,840,404,211,193,47,40,317,0,404,0,505,104,0,3110,3259,3259
93,outside,841,446,229,217,60,46,340,0,446,0,565,122,0,3434,3599,3599
93,outside,842,485,252,233,55,59,371,0,485,0,620,138,0,3788,3970,3970
93,outside,843,526,274,252,51,54,421,0,526,0,671,148,0,4176,4391,4391
93,outside,844,570,298,272,68,50,452,0,570,0,739,172,0,4608,4843,4843
93,outside,845,641,328,313,81,66,494,0,641,0,820,182,0,5076,5337,5337
93,outside,846,705,360,345,80,79,546,0,705,0,900,198,0,5600,5883,5883
93,outside,847,788,399,389,93,80,615,0,788,0,993,208,0,6180,6498,6498
93,outside,848,862,415,447,97,91,674,0,862,0,1090,231,0,6810,7172,7172
93,outside,849,932,449,483,100,93,739,0,932,0,1190,261,0,7488,7911,7911
93,outside,850,1004,478,526,105,100,799,0,1004,0,1295,294,0,8236,8710,8710
94,farmyard,800,3,2,1,0,0,3,3,0,0,0,0,0,0,0,0
94,farmyard,801,4,2,2,1,0,3,4,0,0,1,0,0,8,3,3
94,farmyard,802,4,2,2,0,1,3,4,0,0,1,0,0,16,6,6
94,farmyard,803,4,2,2,0,0,4,4,0,0,1,0,0,24,10,10
94,farmyard,804,5,3,2,1,0,4,5,0,1,2,0,0,32,14,14
94,farmyard,805,5,3,2,0,1,4,5,0,1,2,0,0,40,18,18
94,farmyard,806,7,4,3,2,0,5,7,0,1,4,0,0,48,23,23
94,farmyard,807,8,4,4,1,2,5,8,0,1,5,0,0,60,28,28
94,farmyard,808,10,4,6,2,1,7,10,0,1,7,0,0,72,35,35
94,farmyard,809,10,5,5,1,2,7,10,0,1,8,1,0,88,42,42
94,farmyard,810,9,3,6,1,1,7,9,0,1,9,3,0,104,49,49
94,farmyard,811,9,3,6,1,1,7,9,0,1,10,4,0,112,56,56
94,farmyard,812,9,2,7,1,1,7,9,0,1,11,5,0,124,63,63
94,farmyard,813,8,1,7,1,1,6,8,0,1,12,7,0,132,69,69
94,farmyard,814,8,1,7,0,1,7,8,0,1,12,7,0,136,76,76
94,farmyard,815,7,0,7,0,0,7,7,0,1,12,8,0,140,83,83
94,farmyard,816,6,0,6,0,0,6,6,0,1,12,9,0,140,89,89
94,farmyard,817,6,0,6,0,0,6,6,0,1,12,9,0,140,95,95
94,farmyard,818,6,0,6,0,0,6,6,0,1,12,9,0,140,101,101
94,farmyard,819,6,0,6,0,0,6,6,0,1,12,9,0,140,107,107
94,farmyard,820,6,0,6,0,0,6,6,0,1,12,9,0,140,113,113
94,farmyard,821,6,0,6,0,0,6,6,0,1,12,9,0,140,119,119
94,farmyard,822,5,0,5,0,0,5,5,0,1,12,10,0,140,124,124
94,farmyard,823,4,0,4,0,0,4,4,0,0,12,11,0,140,128,128
94,farmyard,824,4,0,4,0,0,4,4,0,0,12,11,0,140,132,132
94,farmyard,825,4,0,4,0,0,4,4,0,0,12,11,0,140,136,136
94,farmyard,826,4,0,4,0,0,4,4,0,0,12,11,0,140,140,140
94,farmyard,827,3,0,3,0,0,3,3,0,0,12,12,0,140,143,143
94,farmyard,828,2,0,2,0,0,2,2,0,0,12,13,0,140,145,145
94,farmyard,829,2,0,2,0,0,2,2,0,0,12,13,0,140,147,147
94,farmyard,830,2,0,2,0,0,2,2,0,0,12,13,0,140,149,149
94,farmyard,831,2,0,2,0,0,2,2,0,0,12,13,0,140,151,151
94,farmyard,832,2,0,2,0,0,2,2,0,0,12,13,0,140,153,153
94,farmyard,833,2,0,2,0,0,2,2,0,0,12,13,0,140,155,155
94,farmyard,834,2,0,2,0,0,2,2,0,0,12,13,0,140,157,157
94,farmyard,835,2,0,2,0,0,2,2,0,0,12,13,0,140,159,159
94,farmyard,836,2,0,2,0,0,2,2,0,0,12,13,0,140,161,161
94,farmyard,837,1,0,1,0,0,1,1,0,0,12,14,0,140,162,162
94,farmyard,838,1,0,1,0,0,1,1,0,0,12,14,0,140,163,163
94,farmyard,839,1,0,1,0,0,1,1,0,0,12,14,0,140,164,164
94,farmyard,840,1,0,1,0,0,1,1,0,0,12,14,0,140,165,165
94,farmyard,841,1,0,1,0,0,1,1,0,0,12,14,0,140,166,166
94,farmyard,842,1,0,1,0,0,1,1,0,0,12,14,0,140,167,167
94,farmyard,843,1,0,1,0,0,1,1,0,0,12,14,0,140,168,168
94,farmyard,844,1,0,1,0,0,1,1,0,0,12,14,0,140,169,169
94,farmyard,845,1,0,1,0,0,1,1,0,0,12,14,0,140,170,170
94,farmyard,846,1,0,1,0,0,1,1,0,0,12,14,0,140,171,171
94,farmyard,847,1,0,1,0,0,1,1,0,0,12,14,0,140,172,172
94,farmyard,848,1,0,1,0,0,1,1,0,0,12,14,0,140,173,173
94,farmyard,849,1,0,1,0,0,1,1,0,0,12,14,0,140,174,174
94,farmyard,850,0,0,0,0,0,0,0,0,0,12,15,0,140,174,174
94,outside,800,3,2,1,0,0,3,0,3,0,0,0,0,0,0,0
94,outside,801,4,2,2,1,0,3,0,4,0,1,0,0,4,3,3
94,outside,802,4,2,2,0,1,3,0,4,0,1,0,0,8,6,6
94,outside,803,4,2,2,0,0,4,0,4,0,1,0,0,12,10,10
94,outside,804,5,3,2,1,0,4,0,5,0,2,0,0,16,14,14
94,outside,805,5,3,2,0,1,4,0,5,0,2,0,0,20,18,18
94,outside,806,7,4,3,2,0,5,0,7,0,4,0,0,24,23,23
94,outside,807,8,4,4,1,2,5,0,8,0,5,0,0,30,28,28
94,outside,808,10,4,6,2,1,7,0,10,0,7,0,0,36,35,35
94,outside,809,11,5,6,1,2,8,0,11,0,8,0,0,44,43,43
94,outside,810,13,6,7,2,1,10,0,13,0,10,0,0,52,53,53
94,outside,811,14,7,7,1,2,11,0,14,0,11,0,0,60,64,64
94,outside,812,14,6,8,1,1,12,0,14,0,12,1,0,70,76,76
94,outside,813,18,7,11,4,1,13,0,18,0,16,1,0,80,89,89
94,outside,814,19,7,12,1,4,14,0,19,0,17,1,0,92,103,103
94,outside,815,21,8,13,2,1,18,0,21,0,19,1,0,104,121,121
94,outside,816,23,8,15,2,2,19,0,23,0,21,1,0,118,140,140
94,outside,817,23,9,14,2,2,19,0,23,0,23,3,0,132,159,159
94,outside,818,24,10,14,2,2,20,0,24,0,25,4,0,146,179,179
94,outside,819,26,12,14,3,2,21,0,26,0,28,5,0,160,200,200
94,outside,820,29,13,16,3,3,23,0,29,0,31,5,0,176,223,223
94,outside,821,33,14,19,5,3,25,0,33,0,36,6,0,194,248,248
94,outside,822,36,15,21,3,5,28,0,36,0,39,6,0,216,276,276
94,outside,823,41,17,24,5,3,33,0,41,0,44,6,0,240,309,309
94,outside,824,42,19,23,3,5,34,0,42,0,47,8,0,268,343,343
94,outside,825,49,21,28,7,3,39,0,49,0,54,8,0,298,382,382
94,outside,826,49,20,29,2,7,40,0,49,0,56,10,0,332,422,422
94,outside,827,52,21,31,5,1,46,0,52,0,61,12,0,366,468,468
94,outside,828,53,22,31,4,5,44,0,53,0,65,15,0,404,512,512
94,outside,829,59,23,36,8,4,47,0,59,0,73,17,0,442,559,559
94,outside,830,62,24,38,5,8,49,0,62,0,78,19,0,480,608,608
94,outside,831,67,29,38,6,5,56,0,67,0,84,20,0,520,664,664
94,outside,832,72,31,41,5,6,61,0,72,0,89,20,0,564,725,725
94,outside,833,76,33,43,7,5,64,0,76,0,96,23,0,612,789,789
94,outside,834,75,31,44,4,6,65,0,75,0,100,28,0,668,854,854
94,outside,835,78,33,45,7,3,68,0,78,0,107,32,0,724,922,922
94,outside,836,81,37,44,7,7,67,0,81,0,114,36,0,782,989,989
94,outside,837,83,37,46,5,7,71,0,83,0,119,39,0,838,1060,1060
94,outside,838,84,37,47,3,5,76,0,84,0,122,41,0,900,1136,1136
94,outside,839,91,40,51,12,3,76,0,91,0,134,46,0,970,1212,1212
94,outside,840,94,40,54,7,12,75,0,94,0,141,50,0,1036,1287,1287
94,outside,841,106,49,57,14,7,85,0,106,0,155,52,0,1100,1372,1372
94,outside,842,108,51,57,7,14,87,0,108,0,162,57,0,1176,1459,1459
94,outside,843,123,59,64,16,7,100,0,123,0,178,58,0,1250,1556,1559
94,outside,844,118,60,58,6,15,97,0,118,0,184,69,0,1342,1653,1656
94,outside,845,122,62,60,11,6,105,0,122,0,195,76,0,1438,1758,1761
94,outside,846,135,69,66,18,11,106,0,135,0,213,81,0,1540,1864,1867
94,outside,847,147,75,72,17,18,112,0,147,0,230,86,0,1648,1976,1979
94,outside,848,161,83,78,21,17,123,0,161,0,251,93,0,1766,2099,2102
94,outside,849,172,87,85,14,21,137,0,172,0,265,96,0,1896,2236,2239
94,outside,850,193,99,94,23,14,156,0,193,0,288,98,0,2034,2389,2395
95,farmyard,800,3,2,1,0,0,3,3,0,0,0,0,0,0,0,0
95,farmyard,801,4,3,1,1,0,3,4,0,0,1,0,0,8,3,3
95,farmyard,802,5,3,2,1,1,3,5,0,1,2,0,0,16,6,6
95,farmyard,803,4,2,2,0,1,3,4,0,0,2,1,0,24,9,9
95,farmyard,804,5,2,3,1,0,4,5,0,1,3,1,0,32,13,13
95,farmyard,805,5,2,3,0,1,4,5,0,1,3,1,0,40,17,17
95,farmyard,806,6,2,4,1,0,5,6,0,1,4,1,0,48,22,22
95,farmyard,807,6,2,4,0,1,5,6,0,1,4,1,0,56,27,27
95,farmyard,808,8,2,6,2,0,6,8,0,1,6,1,0,64,33,33
95,farmyard,809,8,2,6,0,2,6,8,0,1,6,1,0,72,39,39
95,farmyard,810,8,3,5,1,0,7,8,0,1,7,2,0,80,46,46
95,farmyard,811,8,3,5,0,1,7,8,0,1,7,2,0,88,53,53
95,farmyard,812,7,3,4,0,0,7,7,0,1,7,3,0,96,60,60
95,farmyard,813,5,2,3,0,0,5,5,0,1,7,5,0,108,65,65
95,farmyard,814,5,2,3,0,0,5,5,0,1,7,5,0,116,70,70
95,farmyard,815,6,2,4,1,0,5,6,0,1,8,5,0,124,75,75
95,farmyard,816,6,2,4,0,1,5,6,0,1,8,5,0,132,80,80
95,farmyard,817,7,2,5,1,0,6,7,0,1,9,5,0,140,86,86
95,farmyard,818,6,2,4,0,1,5,6,0,1,9,6,0,148,91,91
95,farmyard,819,5,1,4,0,0,5,5,0,1,9,7,0,156,96,96
95,farmyard,820,6,1,5,1,0,5,6,0,1,10,7,0,160,101,101
95,farmyard,821,6,1,5,0,1,5,6,0,1,10,7,0,164,106,106
95,farmyard,822,5,1,4,0,0,5,5,0,1,10,8,0,168,111,111
95,farmyard,823,4,1,3,0,0,4,4,0,0,10,9,0,172,115,115
95,farmyard,824,4,1,3,0,0,4,4,0,0,10,9,0,176,119,119
95,farmyard,825,4,1,3,0,0,4,4,0,0,10,9,0,180,123,123
95,farmyard,826,4,1,3,0,0,4,4,0,0,10,9,0,184,127,127
95,farmyard,827,4,1,3,0,0,4,4,0,0,10,9,0,188,131,131
95,farmyard,828,4,1,3,0,0,4,4,0,0,10,9,0,192,135,135
95,farmyard,829,4,1,3,0,0,4,4,0,0,10,9,0,196,139,139
95,farmyard,830,4,1,3,0,0,4,4,0,0,10,9,0,200,143,143
95,farmyard,831,4,1,3,0,0,4,4,0,0,10,9,0,204,147,147
95,farmyard,832,4,1,3,0,0,4,4,0,0,10,9,0,208,151,151
95,farmyard,833,4,1,3,0,0,4,4,0,0,10,9,0,212,155,155
95,farmyard,834,3,1,2,0,0,3,3,0,0,10,10,0,216,158,158
95,farmyard,835,2,1,1,0,0,2,2,0,0,10,11,0,220,160,160
95,farmyard,836,2,1,1,0,0,2,2,0,0,10,11,0,224,162,162
95,farmyard,837,2,1,1,0,0,2,2,0,0,10,11,0,228,164,164
95,farmyard,838,0,0,0,0,0,0,0,0,0,10,13,0,232,164,164
95,farmyard,839,0,0,0,0,0,0,0,0,0,10,13,0,232,164,164
95,farmyard,840,0,0,0,0,0,0,0,0,0,10,13,0,232,164,164
95,farmyard,841,0,0,0,0,0,0,0,0,0,10,13,0,232,164,164
95,farmyard,842,0,0,0,0,0,0,0,0,0,10,13,0,232,164,164
95,farmyard,843,0,0,0,0,0,0,0,0,0,10,13,0,232,164,164
95,farmyard,844,0,0,0,0,0,0,0,0,0,10,13,0,232,164,164
95,farmyard,845,0,0,0,0,0,0,0,0,0,10,13,0,232,164,164
95,farmyard,846,0,0,0,0,0,0,0,0,0,10,13,0,232,164,164
95,farmyard,847,0,0,0,0,0,0,0,0,0,10,13,0,232,164,164
95,farmyard,848,0,0,0,0,0,0,0,0,0,10,13,0,232,164,164
95,farmyard,849,0,0,0,0,0,0,0,0,0,10,13,0,232,164,164
95,farmyard,850,0,0,0,0,0,0,0,0,0,10,13,0,232,164,164
95,outside,800,3,2,1,0,0,3,0,3,0,0,0,0,0,0,0
95,outside,801,4,3,1,1,0,3,0,4,0,1,0,0,4,3,3
95,outside,802,5,3,2,1,1,3,0,5,0,2,0,0,8,6,6
95,outside,803,4,2,2,0,1,3,0,4,0,2,1,0,12,9,9
95,outside,804,5,2,3,1,0,4,0,5,0,3,1,0,16,13,13
95,outside,805,5,2,3,0,1,4,0,5,0,3,1,0,20,17,17
95,outside,806,6,2,4,1,0,5,0,6,0,4,1,0,24,22,22
95,outside,807,6,2,4,0,1,5,0,6,0,4,1,0,28,27,27
95,outside,808,8,2,6,2,0,6,0,8,0,6,1,0,32,33,33
95,outside,809,8,2,6,0,2,6,0,8,0,6,1,0,36,39,39
95,outside,810,9,3,6,1,0,8,0,9,0,7,1,0,40,47,47
95,outside,811,9,3,6,0,1,8,0,9,0,7,1,0,44,55,55
95,outside,812,10,4,6,1,0,9,0,10,0,8,1,0,48,64,64
95,outside,813,11,5,6,1,1,9,0,11,0,9,1,0,54,73,73
95,outside,814,11,6,5,1,1,9,0,11,0,10,2,0,60,82,82
95,outside,815,12,6,6,1,1,10,0,12,0,11,2,0,68,92,92
95,outside,816,13,6,7,2,1,10,0,13,0,13,3,0,78,102,102
95,outside,817,14,6,8,1,2,11,0,14,0,14,3,0,88,113,113
95,outside,818,15,7,8,1,1,13,0,15,0,15,3,0,98,126,126
95,outside,819,17,7,10,2,1,14,0,17,0,17,3,0,110,140,140
95,outside,820,15,6,9,0,2,13,0,15,0,17,5,0,122,153,153
95,outside,821,18,9,9,4,0,14,0,18,0,21,6,0,134,167,167
95,outside,822,19,9,10,1,4,14,0,19,0,22,6,0,146,181,181
95,outside,823,23,10,13,4,1,18,0,23,0,26,6,0,158,199,199
95,outside,824,21,10,11,1,4,16,0,21,0,27,9,0,176,215,215
95,outside,825,23,10,13,3,1,19,0,23,0,30,10,0,192,234,234
95,outside,826,26,11,15,3,3,20,0,26,0,33,10,0,210,254,254
95,outside,827,27,12,15,1,3,23,0,27,0,34,10,0,230,277,277
95,outside,828,30,14,16,4,1,25,0,30,0,38,11,0,250,302,302
95,outside,829,30,14,16,1,4,25,0,30,0,39,12,0,272,327,327
95,outside,830,34,15,19,5,1,28,0,34,0,44,13,0,294,355,355
95,outside,831,32,13,19,0,5,27,0,32,0,44,15,0,318,382,382
95,outside,832,37,16,21,6,0,31,0,37,0,50,16,0,340,413,413
95,outside,833,39,15,24,3,6,30,0,39,0,53,17,0,366,443,443
95,outside,834,43,16,27,5,3,35,0,43,0,58,18,0,390,478,478
95,outside,835,42,17,25,1,4,37,0,42,0,59,20,0,420,515,515
95,outside,836,44,17,27,6,1,37,0,44,0,65,24,0,450,552,552
95,outside,837,44,18,26,2,6,36,0,44,0,67,26,0,480,588,588
95,outside,838,48,20,28,5,2,41,0,48,0,72,27,0,512,629,629
95,outside,839,50,23,27,4,4,42,0,50,0,76,29,0,544,671,671
95,outside,840,52,26,26,5,4,43,0,52,0,81,32,0,578,714,714
95,outside,841,57,31,26,6,5,46,0,57,0,87,33,0,614,760,760
95,outside,842,63,34,29,8,6,49,0,63,0,95,35,0,658,809,809
95,outside,843,68,36,32,5,8,55,0,68,0,100,35,0,708,864,864
95,outside,844,77,40,37,10,5,62,0,77,0,110,36,0,768,926,926
95,outside,845,79,42,37,6,9,64,0,79,0,116,40,0,834,990,990
95,outside,846,81,44,37,7,6,68,0,81,0,123,45,0,900,1058,1058
95,outside,847,92,48,44,16,7,69,0,92,0,139,50,0,972,1127,1127
95,outside,848,99,50,49,11,16,72,0,99,0,150,54,0,1050,1199,1199
95,outside,849,115,57,58,18,10,87,0,115,0,168,56,0,1134,1286,1286
95,outside,850,117,57,60,6,18,93,0,117,0,174,60,0,1228,1379,1379
96,farmyard,800,3,2,1,0,0,3,3,0,0,0,0,0,0,0,0
96,farmyard,801,4,3,1,1,0,3,4,0,0,1,0,0,8,3,3
96,farmyard,802,4,3,1,0,1,3,4,0,0,1,0,0,16,6,6
96,farmyard,803,7,4,3,3,0,4,7,0,1,4,0,0,24,10,10
96,farmyard,804,5,3,2,0,1,4,5,0,1,4,2,0,36,14,14
96,farmyard,805,6,3,3,1,0,5,6,0,1,5,2,0,48,19,19
96,farmyard,806,5,2,3,0,1,4,5,0,1,5,3,0,60,23,23
96,farmyard,807,6,2,4,1,0,5,6,0,1,6,3,0,68,28,28
96,farmyard,808,5,1,4,0,1,4,5,0,1,6,4,0,76,32,32
96,farmyard,809,5,1,4,0,0,5,5,0,1,6,4,0,80,37,37
96,farmyard,810,5,1,4,0,0,5,5,0,1,6,4,0,84,42,42
96,farmyard,811,5,1,4,0,0,5,5,0,1,6,4,0,88,47,47
96,farmyard,812,5,1,4,0,0,5,5,0,1,6,4,0,92,52,52
96,farmyard,813,5,1,4,0,0,5,5,0,1,6,4,0,96,57,57
96,farmyard,814,4,1,3,0,0,4,4,0,0,6,5,0,100,61,61
96,farmyard,815,4,1,3,0,0,4,4,0,0,6,5,0,104,65,65
96,farmyard,816,4,1,3,0,0,4,4,0,0,6,5,0,108,69,69
96,farmyard,817,4,1,3,0,0,4,4,0,0,6,5,0,112,73,73
96,farmyard,818,4,1,3,0,0,4,4,0,0,6,5,0,116,77,77
96,farmyard,819,2,0,2,0,0,2,2,0,0,6,7,0,120,79,79
96,farmyard,820,2,0,2,0,0,2,2,0,0,6,7,0,120,81,81
96,farmyard,821,2,0,2,0,0,2,2,0,0,6,7,0,120,83,83
96,farmyard,822,2,0,2,0,0,2,2,0,0,6,7,0,120,85,85
96,farmyard,823,2,0,2,0,0,2,2,0,0,6,7,0,120,87,87
96,farmyard,824,2,0,2,0,0,2,2,0,0,6,7,0,120,89,89
96,farmyard,825,2,0,2,0,0,2,2,0,0,6,7,0,120,91,91
96,farmyard,826,1,0,1,0,0,1,1,0,0,6,8,0,120,92,92
96,farmyard,827,1,0,1,0,0,1,1,0,0,6,8,0,120,93,93
96,farmyard,828,1,0,1,0,0,1,1,0,0,6,8,0,120,94,94
96,farmyard,829,1,0,1,0,0,1,1,0,0,6,8,0,120,95,95
96,farmyard,830,1,0,1,0,0,1,1,0,0,6,8,0,120,96,96
96,farmyard,831,1,0,1,0,0,1,1,0,0,6,8,0,120,97,97
96,farmyard,832,1,0,1,0,0,1,1,0,0,6,8,0,120,98,98
96,farmyard,833,1,0,1,0,0,1,1,0,0,6,8,0,120,99,99
96,farmyard,834,1,0,1,0,0,1,1,0,0,6,8,0,120,100,100
96,farmyard,835,1,0,1,0,0,1,1,0,0,6,8,0,120,101,101
96,farmyard,836,1,0,1,0,0,1,1,0,0,6,8,0,120,102,102
96,farmyard,837,1,0,1,0,0,1,1,0,0,6,8,0,120,103,103
96,farmyard,838,1,0,1,0,0,1,1,0,0,6,8,0,120,104,104
96,farmyard,839,1,0,1,0,0,1,1,0,0,6,8,0,120,105,105
96,farmyard,840,1,0,1,0,0,1,1,0,0,6,8,0,120,106,106
96,farmyard,841,1,0,1,0,0,1,1,0,0,6,8,0,120,107,107
96,farmyard,842,1,0,1,0,0,1,1,0,0,6,8,0,120,108,108
96,farmyard,843,1,0,1,0,0,1,1,0,0,6,8,0,120,109,109
96,farmyard,844,1,0,1,0,0,1,1,0,0,6,8,0,120,110,110
96,farmyard,845,1,0,1,0,0,1,0,1,0,6,8,0,120,111,111
96,farmyard,846,1,0,1,0,0,1,0,1,0,6,8,0,120,112,112
96,farmyard,847,1,0,1,0,0,1,0,1,0,6,8,0,120,113,113
96,farmyard,848,1,0,1,0,0,1,0,1,0,6,8,0,120,114,114
96,farmyard,849,0,0,0,0,0,0,0,0,0,6,9,0,120,114,114
96,farmyard,850,0,0,0,0,0,0,0,0,0,6,9,0,120,114,114
96,outside,800,3,2,1,0,0,3,0,3,0,0,0,0,0,0,0
96,outside,801,4,3,1,1,0,3,0,4,0,1,0,0,4,3,3
96,outside,802,4,3,1,0,1,3,0,4,0,1,0,0,8,6,6
96,outside,803,7,4,3,3,0,4,0,7,0,4,0,0,12,10,10
96,outside,804,5,3,2,0,1,4,0,5,0,4,2,0,18,14,14
96,outside,805,6,3,3,1,0,5,0,6,0,5,2,0,24,19,19
96,outside,806,6,3,3,0,1,5,0,6,0,5,2,0,30,24,24
96,outside,807,7,3,4,1,0,6,0,7,0,6,2,0,36,30,30
96,outside,808,7,3,4,0,1,6,0,7,0,6,2,0,42,36,36
96,outside,809,7,3,4,1,0,6,0,7,0,7,3,0,48,42,42
96,outside,810,8,3,5,1,1,6,0,8,0,8,3,0,52,48,48
96,outside,811,8,3,5,0,1,7,0,8,0,8,3,0,56,55,55
96,outside,812,10,4,6,2,0,8,0,10,0,10,3,0,62,63,63
96,outside,813,10,4,6,0,2,8,0,10,0,10,3,0,68,71,71
96,outside,814,10,3,7,1,0,9,0,10,0,11,4,0,74,80,80
96,outside,815,10,3,7,0,1,9,0,10,0,11,4,0,80,89,89
96,outside,816,11,3,8,1,0,10,0,11,0,12,4,0,86,99,99
96,outside,817,12,4,8,1,1,10,0,12,0,13,4,0,92,109,109
96,outside,818,12,4,8,1,1,10,0,12,0,14,5,0,98,119,119
96,outside,819,14,6,8,2,1,11,0,14,0,16,5,0,104,130,130
96,outside,820,15,7,8,1,2,12,0,15,0,17,5,0,112,142,142
96,outside,821,17,8,9,2,1,14,0,17,0,19,5,0,120,156,156
96,outside,822,17,8,9,1,2,14,0,17,0,20,6,0,132,170,170
96,outside,823,18,9,9,3,1,14,0,18,0,23,8,0,146,184,184
96,outside,824,18,9,9,0,3,15,0,18,0,23,8,0,160,199,199
96,outside,825,21,10,11,3,0,18,0,21,0,26,8,0,174,217,217
96,outside,826,20,9,11,1,3,16,0,20,0,27,10,0,192,233,233
96,outside,827,22,9,13,3,1,18,0,22,0,30,11,0,208,251,251
96,outside,828,24,11,13,2,3,19,0,24,0,32,11,0,226,270,270
96,outside,829,27,12,15,4,2,21,0,27,0,36,12,0,244,291,291
96,outside,830,27,12,15,1,4,22,0,27,0,37,13,0,260,313,313
96,outside,831,36,17,19,9,1,26,0,36,0,46,13,0,280,339,339
96,outside,832,35,15,20,1,8,26,0,35,0,47,15,0,304,365,365
96,outside,833,42,18,24,8,1,33,0,42,0,55,16,0,326,398,398
96,outside,834,43,19,24,2,8,33,0,43,0,57,17,0,354,431,431
96,outside,835,50,22,28,8,2,40,0,50,0,65,18,0,382,471,471
96,outside,836,50,23,27,2,8,40,0,50,0,67,20,0,416,511,511
96,outside,837,56,27,29,7,2,47,0,56,0,74,21,0,450,558,558
96,outside,838,61,30,31,6,7,48,0,61,0,80,22,0,492,606,606
96,outside,839,67,34,33,8,6,53,0,67,0,88,24,0,538,659,659
96,outside,840,73,36,37,8,8,57,0,73,0,96,26,0,590,716,716
96,outside,841,84,42,42,12,8,64,0,84,0,108,27,0,646,780,780
96,outside,842,92,45,47,10,12,70,0,92,0,118,29,0,712,850,850
96,outside,843,106,50,56,17,10,79,0,106,0,135,32,0,784,929,929
96,outside,844,110,54,56,8,17,85,0,110,0,143,36,0,866,1014,1014
96,outside,845,121,60,61,16,8,97,0,121,0,159,41,0,952,1111,1111
96,outside,846,134,68,66,16,16,102,0,134,0,175,44,0,1048,1213,1213
96,outside,847,153,76,77,21,16,116,0,153,0,196,46,0,1152,1329,1329
96,outside,848,169,84,85,18,21,130,0,169,0,214,48,0,1266,1459,1459
96,outside,849,183,88,95,21,17,145,0,183,0,235,55,0,1394,1604,1604
96,outside,850,202,97,105,22,21,159,0,202,0,257,58,0,1532,1763,1763
97,farmyard,800,3,2,1,0,0,3,3,0,0,0,0,0,0,0,0
97,farmyard,801,4,3,1,1,0,3,4,0,0,1,0,0,8,3,3
97,farmyard,802,4,3,1,0,1,3,4,0,0,1,0,0,16,6,6
97,farmyard,803,6,4,2,2,0,4,6,0,1,3,0,0,24,10,10
97,farmyard,804,6,4,2,0,2,4,6,0,1,3,0,0,36,14,14
97,farmyard,805,7,4,3,1,0,6,7,0,1,4,0,0,48,20,20
97,farmyard,806,7,3,4,1,1,5,7,0,1,5,1,0,64,25,25
97,farmyard,807,8,2,6,2,1,5,8,0,1,7,2,0,76,30,30
97,farmyard,808,8,2,6,0,2,6,8,0,1,7,2,0,84,36,36
97,farmyard,809,9,2,7,1,0,8,9,0,1,8,2,0,92,44,44
97,farmyard,810,10,2,8,1,1,8,10,0,1,9,2,0,100,52,52
97,farmyard,811,11,2,9,1,1,9,11,0,1,10,2,0,108,61,61
97,farmyard,812,9,2,7,1,0,8,9,0,1,11,5,0,116,69,69
97,farmyard,813,7,1,6,0,1,6,7,0,1,11,7,0,124,75,75
97,farmyard,814,7,1,6,0,0,7,7,0,1,11,7,0,128,82,82
97,farmyard,815,7,1,6,0,0,7,7,0,1,11,7,0,132,89,89
97,farmyard,816,6,0,6,0,0,6,6,0,1,11,8,0,136,95,95
97,farmyard,817,5,0,5,0,0,5,5,0,1,11,9,0,136,100,100
97,farmyard,818,4,0,4,0,0,4,4,0,0,11,10,0,136,104,104
97,farmyard,819,4,0,4,0,0,4,4,0,0,11,10,0,136,108,108
97,farmyard,820,4,0,4,0,0,4,4,0,0,11,10,0,136,112,112
97,farmyard,821,4,0,4,0,0,4,4,0,0,11,10,0,136,116,116
97,farmyard,822,4,0,4,0,0,4,4,0,0,11,10,0,136,120,120
97,farmyard,823,4,0,4,0,0,4,4,0,0,11,10,0,136,124,124
97,farmyard,824,2,0,2,0,0,2,2,0,0,11,12,0,136,126,126
97,farmyard,825,2,0,2,0,0,2,2,0,0,11,12,0,136,128,128
97,farmyard,826,1,0,1,0,0,1,0,1,0,11,13,0,136,129,129
97,farmyard,827,1,0,1,0,0,1,0,1,0,11,13,0,136,130,130
97,farmyard,828,0,0,0,0,0,0,0,0,0,11,14,0,136,130,130
97,farmyard,829,0,0,0,0,0,0,0,0,0,11,14,0,136,130,130
97,farmyard,830,0,0,0,0,0,0,0,0,0,11,14,0,136,130,130
97,farmyard,831,0,0,0,0,0,0,0,0,0,11,14,0,136,130,130
97,farmyard,832,0,0,0,0,0,0,0,0,0,11,14,0,136,130,130
97,farmyard,833,0,0,0,0,0,0,0,0,0,11,14,0,136,130,130
97,farmyard,834,0,0,0,0,0,0,0,0,0,11,14,0,136,130,130
97,farmyard,835,0,0,0,0,0,0,0,0,0,11,14,0,136,130,130
97,farmyard,836,0,0,0,0,0,0,0,0,0,11,14,0,136,130,130
97,farmyard,837,0,0,0,0,0,0,0,0,0,11,14,0,136,130,130
97,farmyard,838,0,0,0,0,0,0,0,0,0,11,14,0,136,130,130
97,farmyard,839,0,0,0,0,0,0,0,0,0,11,14,0,136,130,130
97,farmyard,840,0,0,0,0,0,0,0,0,0,11,14,0,136,130,130
97,farmyard,841,0,0,0,0,0,0,0,0,0,11,14,0,136,130,130
97,farmyard,842,0,0,0,0,0,0,0,0,0,11,14,0,136,130,130
97,farmyard,843,0,0,0,0,0,0,0,0,0,11,14,0,136,130,130
97,farmyard,844,0,0,0,0,0,0,0,0,0,11,14,0,136,130,130
97,farmyard,845,0,0,0,0,0,0,0,0,0,11,14,0,136,130,130
97,farmyard,846,0,0,0,0,0,0,0,0,0,11,14,0,136,130,130
97,farmyard,847,0,0,0,0,0,0,0,0,0,11,14,0,136,130,130
97,farmyard,848,0,0,0,0,0,0,0,0,0,11,14,0,136,130,130
97,farmyard,849,0,0,0,0,0,0,0,0,0,11,14,0,136,130,130
97,farmyard,850,0,0,0,0,0,0,0,0,0,11,14,0,136,130,130
97,outside,800,3,2,1,0,0,3,0,3,0,0,0,0,0,0,0
97,outside,801,4,3,1,1,0,3,0,4,0,1,0,0,4,3,3
97,outside,802,4,3,1,0,1,3,0,4,0,1,0,0,8,6,6
97,outside,803,6,4,2,2,0,4,0,6,0,3,0,0,12,10,10
97,outside,804,6,4,2,0,2,4,0,6,0,3,0,0,18,14,14
97,outside,805,7,4,3,1,0,6,0,7,0,4,0,0,24,20,20
97,outside,806,8,4,4,1,1,6,0,8,0,5,0,0,32,26,26
97,outside,807,9,3,6,2,1,6,0,9,0,7,1,0,40,32,32
97,outside,808,9,3,6,0,2,7,0,9,0,7,1,0,46,39,39
97,outside,809,8,2,6,0,0,8,0,8,0,7,2,0,52,47,47
97,outside,810,9,2,7,1,0,8,0,9,0,8,2,0,56,55,55
97,outside,811,9,2,7,0,1,8,0,9,0,8,2,0,60,63,63
97,outside,812,9,2,7,0,0,9,0,9,0,8,2,0,64,72,72
97,outside,813,10,2,8,1,0,9,0,10,0,9,2,0,68,81,81
97,outside,814,9,2,7,0,1,8,0,9,0,9,3,0,72,89,89
97,outside,815,9,2,7,0,0,9,0,9,0,9,3,0,76,98,98
97,outside,816,9,2,7,0,0,9,0,9,0,9,3,0,80,107,107
97,outside,817,9,2,7,0,0,9,0,9,0,9,3,0,84,116,116
97,outside,818,8,2,6,0,0,8,0,8,0,9,4,0,88,124,124
97,outside,819,8,2,6,0,0,8,0,8,0,9,4,0,92,132,132
97,outside,820,8,2,6,0,0,8,0,8,0,9,4,0,96,140,140
97,outside,821,7,1,6,0,0,7,0,7,0,9,5,0,100,147,147
97,outside,822,6,1,5,0,0,6,0,6,0,9,6,0,102,153,153
97,outside,823,5,1,4,0,0,5,0,5,0,9,7,0,104,158,158
97,outside,824,2,0,2,0,0,2,0,2,0,9,10,0,106,160,160
97,outside,825,2,0,2,0,0,2,0,2,0,9,10,0,106,162,162
97,outside,826,0,0,0,0,0,0,0,0,0,9,12,0,106,162,162
97,outside,827,0,0,0,0,0,0,0,0,0,9,12,0,106,162,162
97,outside,828,0,0,0,0,0,0,0,0,0,9,12,0,106,162,162
97,outside,829,0,0,0,0,0,0,0,0,0,9,12,0,106,162,162
97,outside,830,0,0,0,0,0,0,0,0,0,9,12,0,106,162,162
97,outside,831,0,0,0,0,0,0,0,0,0,9,12,0,106,162,162
97,outside,832,0,0,0,0,0,0,0,0,0,9,12,0,106,162,162
97,outside,833,0,0,0,0,0,0,0,0,0,9,12,0,106,162,162
97,outside,834,0,0,0,0,0,0,0,0,0,9,12,0,106,162,162
97,outside,835,0,0,0,0,0,0,0,0,0,9,12,0,106,162,162
97,outside,836,0,0,0,0,0,0,0,0,0,9,12,0,106,162,162
97,outside,837,0,0,0,0,0,0,0,0,0,9,12,0,106,162,162
97,outside,838,0,0,0,0,0,0,0,0,0,9,12,0,106,162,162
97,outside,839,0,0,0,0,0,0,0,0,0,9,12,0,106,162,162
97,outside,840,0,0,0,0,0,0,0,0,0,9,12,0,106,162,162
97,outside,841,0,0,0,0,0,0,0,0,0,9,12,0,106,162,162
97,outside,842,0,0,0,0,0,0,0,0,0,9,12,0,106,162,162
97,outside,843,0,0,0,0,0,0,0,0,0,9,12,0,106,162,162
97,outside,844,0,0,0,0,0,0,0,0,0,9,12,0,106,162,162
97,outside,845,0,0,0,0,0,0,0,0,0,9,12,0,106,162,162
97,outside,846,0,0,0,0,0,0,0,0,0,9,12,0,106,162,162
97,outside,847,0,0,0,0,0,0,0,0,0,9,12,0,106,162,162
97,outside,848,0,0,0,0,0,0,0,0,0,9,12,0,106,162,162
97,outside,849,0,0,0,0,0,0,0,0,0,9,12,0,106,162,162
97,outside,850,0,0,0,0,0,0,0,0,0,9,12,0,106,162,162
98,farmyard,800,3,2,1,0,0,3,3,0,0,0,0,0,0,0,0
98,farmyard,801,3,2,1,0,0,3,3,0,0,0,0,0,8,3,3
98,farmyard,802,4,3,1,1,0,3,4,0,0,1,0,0,16,6,6
98,farmyard,803,4,3,1,0,1,3,4,0,0,1,0,0,24,9,9
98,farmyard,804,4,3,1,0,0,4,4,0,0,1,0,0,32,13,13
98,farmyard,805,5,4,1,1,0,4,5,0,1,2,0,0,44,17,17
98,farmyard,806,5,4,1,0,1,4,5,0,1,2,0,0,56,21,21
98,farmyard,807,6,5,1,1,0,5,6,0,1,3,0,0,68,26,26
98,farmyard,808,6,5,1,1,1,4,6,0,1,4,1,0,84,30,30
98,farmyard,809,7,6,1,1,1,5,7,0,1,5,1,0,96,35,35
98,farmyard,810,6,5,1,0,0,6,6,0,1,5,2,0,112,41,41
98,farmyard,811,6,5,1,0,0,6,6,0,1,5,2,0,132,47,47
98,farmyard,812,6,5,1,0,0,6,6,0,1,5,2,0,152,53,53
98,farmyard,813,4,3,1,0,0,4,4,0,0,5,4,0,172,57,57
98,farmyard,814,4,3,1,0,0,4,4,0,0,5,4,0,184,61,61
98,farmyard,815,4,3,1,0,0,4,4,0,0,5,4,0,196,65,65
98,farmyard,816,4,3,1,0,0,4,4,0,0,5,4,0,208,69,69
98,farmyard,817,4,3,1,0,0,4,4,0,0,5,4,0,220,73,73
98,farmyard,818,3,3,0,0,0,3,3,0,0,5,5,0,232,76,76
98,farmyard,819,3,3,0,0,0,3,3,0,0,5,5,0,244,79,79
98,farmyard,820,3,3,0,0,0,3,3,0,0,5,5,0,256,82,82
98,farmyard,821,3,3,0,0,0,3,3,0,0,5,5,0,268,85,85
98,farmyard,822,2,2,0,0,0,2,2,0,0,5,6,0,280,87,87
98,farmyard,823,2,2,0,0,0,2,2,0,0,5,6,0,288,89,89
98,farmyard,824,2,2,0,0,0,2,2,0,0,5,6,0,296,91,91
98,farmyard,825,2,2,0,0,0,2,2,0,0,5,6,0,304,93,93
98,farmyard,826,2,2,0,0,0,2,2,0,0,5,6,0,312,95,95
98,farmyard,827,2,2,0,0,0,2,2,0,0,5,6,0,320,97,97
98,farmyard,828,2,2,0,0,0,2,2,0,0,5,6,0,328,99,99
98,farmyard,829,1,1,0,0,0,1,1,0,0,5,7,0,336,100,100
98,farmyard,830,1,1,0,0,0,1,1,0,0,5,7,0,340,101,101
98,farmyard,831,1,1,0,0,0,1,1,0,0,5,7,0,344,102,102
98,farmyard,832,1,1,0,0,0,1,1,0,0,5,7,0,348,103,103
98,farmyard,833,0,0,0,0,0,0,0,0,0,5,8,0,352,103,103
98,farmyard,834,0,0,0,0,0,0,0,0,0,5,8,0,352,103,103
98,farmyard,835,0,0,0,0,0,0,0,0,0,5,8,0,352,103,103
98,farmyard,836,0,0,0,0,0,0,0,0,0,5,8,0,352,103,103
98,farmyard,837,0,0,0,0,0,0,0,0,0,5,8,0,352,103,103
98,farmyard,838,0,0,0,0,0,0,0,0,0,5,8,0,352,103,103
98,farmyard,839,0,0,0,0,0,0,0,0,0,5,8,0,352,103,103
98,farmyard,840,0,0,0,0,0,0,0,0,0,5,8,0,352,103,103
98,farmyard,841,0,0,0,0,0,0,0,0,0,5,8,0,352,103,103
98,farmyard,842,0,0,0,0,0,0,0,0,0,5,8,0,352,103,103
98,farmyard,843,0,0,0,0,0,0,0,0,0,5,8,0,352,103,103
98,farmyard,844,0,0,0,0,0,0,0,0,0,5,8,0,352,103,103
98,farmyard,845,0,0,0,0,0,0,0,0,0,5,8,0,352,103,103
98,farmyard,846,0,0,0,0,0,0,0,0,0,5,8,0,352,103,103
98,farmyard,847,0,0,0,0,0,0,0,0,0,5,8,0,352,103,103
98,farmyard,848,0,0,0,0,0,0,0,0,0,5,8,0,352,103,103
98,farmyard,849,0,0,0,0,0,0,0,0,0,5,8,0,352,103,103
98,farmyard,850,0,0,0,0,0,0,0,0,0,5,8,0,352,103,103
98,outside,800,3,2,1,0,0,3,0,3,0,0,0,0,0,0,0
98,outside,801,3,2,1,0,0,3,0,3,0,0,0,0,4,3,3
98,outside,802,4,3,1,1,0,3,0,4,0,1,0,0,8,6,6
98,outside,803,4,3,1,0,1,3,0,4,0,1,0,0,12,9,9
98,outside,804,4,3,1,0,0,4,0,4,0,1,0,0,16,13,13
98,outside,805,6,4,2,2,0,4,0,6,0,3,0,0,22,17,17
98,outside,806,6,4,2,0,2,4,0,6,0,3,0,0,28,21,21
98,outside,807,8,5,3,2,0,6,0,8,0,5,0,0,34,27,27
98,outside,808,10,7,3,2,2,6,0,10,0,7,0,0,42,33,33
98,outside,809,11,7,4,1,2,8,0,11,0,8,0,0,50,41,41
98,outside,810,11,7,4,0,1,10,0,11,0,8,0,0,60,51,51
98,outside,811,12,8,4,1,0,11,0,12,0,9,0,0,74,62,62
98,outside,812,14,8,6,2,1,11,0,14,0,11,0,0,88,73,73
98,outside,813,15,8,7,2,2,11,0,15,0,13,1,0,102,84,84
98,outside,814,16,9,7,1,2,13,0,16,0,14,1,0,116,97,97
98,outside,815,17,11,6,2,1,14,0,17,0,16,2,0,130,111,111
98,outside,816,17,12,5,1,2,14,0,17,0,17,3,0,146,125,125
98,outside,817,20,15,5,4,0,16,0,20,0,21,4,0,164,141,141
98,outside,818,21,16,5,1,4,16,0,21,0,22,4,0,186,157,157
98,outside,819,26,21,5,5,1,20,0,26,0,27,4,0,208,177,177
98,outside,820,30,21,9,4,5,21,0,30,0,31,4,0,238,198,198
98,outside,821,34,22,12,5,4,25,0,34,0,36,5,0,270,223,223
98,outside,822,36,22,14,5,5,26,0,36,0,41,8,0,312,249,249
98,outside,823,41,25,16,6,5,30,0,41,0,47,9,0,352,279,279
98,outside,824,45,25,20,5,6,34,0,45,0,52,10,0,392,313,313
98,outside,825,56,33,23,11,5,40,0,56,0,63,10,0,432,353,353
98,outside,826,58,35,23,3,11,44,0,58,0,66,11,0,480,397,397
98,outside,827,73,41,32,16,2,55,0,73,0,82,12,0,530,452,452
98,outside,828,76,41,35,5,16,55,0,76,0,87,14,0,596,507,507
98,outside,829,88,49,39,13,5,70,0,88,0,100,15,0,660,577,577
98,outside,830,96,54,42,9,13,74,0,96,0,109,16,0,736,651,651
98,outside,831,107,61,46,15,9,83,0,107,0,124,20,0,816,734,734
98,outside,832,120,66,54,15,15,90,0,120,0,139,22,0,910,824,824
98,outside,833,131,69,62,14,15,102,0,131,0,153,25,0,1012,926,926
98,outside,834,142,70,72,14,13,115,0,142,0,167,28,0,1126,1041,1041
98,outside,835,165,82,83,24,14,127,0,165,0,191,29,0,1250,1168,1168
98,outside,836,173,89,84,14,22,137,0,173,0,205,35,0,1382,1305,1305
98,outside,837,195,99,96,27,14,154,0,195,0,232,40,0,1518,1459,1459
98,outside,838,213,105,108,23,27,163,0,213,0,255,45,0,1674,1622,1622
98,outside,839,236,119,117,27,23,186,0,236,0,282,49,0,1840,1808,1808
98,outside,840,253,124,129,28,27,198,0,253,0,310,60,0,2026,2006,2006
98,outside,841,276,137,139,28,28,220,0,276,0,338,65,0,2218,2226,2226
98,outside,842,301,149,152,39,28,234,0,301,0,377,79,0,2440,2460,2460
98,outside,843,330,163,167,35,39,256,0,330,0,412,85,0,2670,2716,2716
98,outside,844,358,180,178,38,34,286,0,358,0,450,95,0,2922,3002,3002
98,outside,845,393,198,195,41,38,314,0,393,0,491,101,0,3204,3316,3316
98,outside,846,440,224,216,58,40,342,0,440,0,549,112,0,3514,3658,3658
98,outside,847,474,240,234,47,55,372,0,474,0,596,125,0,3858,4025,4030
98,outside,848,535,274,261,73,46,416,0,535,0,669,137,0,4230,4420,4446
98,outside,849,580,298,282,66,71,443,0,580,0,735,158,0,4654,4863,4889
98,outside,850,638,327,311,82,63,493,0,638,0,817,182,0,5106,5336,5382
99,farmyard,800,3,2,1,0,0,3,3,0,0,0,0,0,0,0,0
99,farmyard,801,5,2,3,2,0,3,5,0,1,2,0,0,8,3,3
99,farmyard,802,5,2,3,0,2,3,5,0,1,2,0,0,16,6,6
99,farmyard,803,6,3,3,1,0,5,6,0,1,3,0,0,24,11,11
99,farmyard,804,7,4,3,1,1,5,7,0,1,4,0,0,32,16,16
99,farmyard,805,8,4,4,1,1,6,8,0,1,5,0,0,40,22,22
99,farmyard,806,10,4,6,2,1,7,10,0,1,7,0,0,52,29,29
99,farmyard,807,7,3,4,0,1,6,7,0,1,7,3,0,68,35,35
99,farmyard,808,10,6,4,3,0,7,10,0,1,10,3,0,80,42,42
99,farmyard,809,9,5,4,0,3,6,9,0,1,10,4,0,92,48,48
99,farmyard,810,11,7,4,3,0,8,11,0,1,13,5,0,100,56,56
99,farmyard,811,8,5,3,0,3,5,8,0,1,13,8,0,120,61,61
99,farmyard,812,10,6,4,2,0,8,10,0,1,15,8,0,132,69,69
99,farmyard,813,9,6,3,1,2,6,9,0,1,16,10,0,152,75,75
99,farmyard,814,10,6,4,2,1,7,10,0,1,18,11,0,168,82,82
99,farmyard,815,13,8,5,3,2,8,13,0,1,21,11,0,184,90,90
99,farmyard,816,13,7,6,1,3,9,13,0,1,22,12,0,204,99,99
99,farmyard,817,16,10,6,5,1,10,16,0,1,27,14,0,224,109,109
99,farmyard,818,10,7,3,1,2,7,10,0,1,28,21,0,248,116,116
99,farmyard,819,10,6,4,2,1,7,10,0,1,30,23,0,264,123,123
99,farmyard,820,11,6,5,2,2,7,11,0,1,32,24,0,280,130,130
99,farmyard,821,12,7,5,2,2,8,12,0,1,34,25,0,296,138,138
99,farmyard,822,13,7,6,3,2,8,13,0,1,37,27,0,316,146,146
99,farmyard,823,10,4,6,1,2,7,10,0,1,38,31,0,332,153,153
99,farmyard,824,10,5,5,2,1,7,10,0,1,40,33,0,344,160,160
99,farmyard,825,10,5,5,1,2,7,10,0,1,41,34,0,356,167,167
99,farmyard,826,8,3,5,0,1,7,8,0,1,41,36,0,368,174,174
99,farmyard,827,9,3,6,2,0,7,9,0,1,43,37,0,380,181,181
99,farmyard,828,7,2,5,0,0,7,7,0,1,43,39,0,388,188,188
99,farmyard,829,7,3,4,1,0,6,7,0,1,44,40,0,396,194,194
99,farmyard,830,7,3,4,1,1,5,7,0,1,45,41,0,404,199,199
99,farmyard,831,8,3,5,1,1,6,8,0,1,46,41,0,412,205,205
99,farmyard,832,9,3,6,1,1,7,9,0,1,47,41,0,424,212,212
99,farmyard,833,9,4,5,1,0,8,9,0,1,48,42,0,436,220,220
99,farmyard,834,9,4,5,0,1,8,9,0,1,48,42,0,448,228,228
99,farmyard,835,9,3,6,1,0,8,9,0,1,49,43,0,460,236,236
99,farmyard,836,10,3,7,1,1,8,10,0,1,50,43,0,472,244,244
99,farmyard,837,9,2,7,1,1,7,9,0,1,51,45,0,484,251,251
99,farmyard,838,6,1,5,0,1,5,6,0,1,51,48,0,492,256,256
99,farmyard,839,6,2,4,1,0,5,6,0,1,52,49,0,496,261,261
99,farmyard,840,6,2,4,0,1,5,6,0,1,52,49,0,500,266,266
99,farmyard,841,6,3,3,1,0,5,6,0,1,53,50,0,504,271,271
99,farmyard,842,5,2,3,0,0,5,5,0,1,53,51,0,512,276,276
99,farmyard,843,6,3,3,1,0,5,6,0,1,54,51,0,520,281,281
99,farmyard,844,6,3,3,1,1,4,6,0,1,55,52,0,528,285,285
99,farmyard,845,5,2,3,0,1,4,5,0,1,55,53,0,536,289,289
99,farmyard,846,5,2,3,0,0,5,5,0,1,55,53,0,544,294,294
99,farmyard,847,6,2,4,1,0,5,6,0,1,56,53,0,552,299,299
99,farmyard,848,6,2,4,0,1,5,6,0,1,56,53,0,560,304,304
99,farmyard,849,7,2,5,1,0,6,7,0,1,57,53,0,568,310,310
99,farmyard,850,5,1,4,0,1,4,5,0,1,57,55,0,576,314,314
99,outside,800,3,2,1,0,0,3,0,3,0,0,0,0,0,0,0
99,outside,801,5,2,3,2,0,3,0,5,0,2,0,0,4,3,3
99,outside,802,5,2,3,0,2,3,0,5,0,2,0,0,8,6,6
99,outside,803,6,3,3,1,0,5,0,6,0,3,0,0,12,11,11
99,outside,804,7,4,3,1,1,5,0,7,0,4,0,0,16,16,16
99,outside,805,8,4,4,1,1,6,0,8,0,5,0,0,20,22,22
99,outside,806,10,4,6,2,1,7,0,10,0,7,0,0,26,29,29
99,outside,807,10,4,6,1,2,7,0,10,0,8,1,0,34,36,36
99,outside,808,11,4,7,1,1,9,0,11,0,9,1,0,42,45,45
99,outside,809,13,5,8,2,1,10,0,13,0,11,1,0,50,55,55
99,outside,810,13,5,8,1,1,11,0,13,0,12,2,0,58,66,66
99,outside,811,14,5,9,1,1,12,0,14,0,13,2,0,66,78,78
99,outside,812,15,6,9,2,1,12,0,15,0,15,3,0,74,90,90
99,outside,813,16,6,10,1,2,13,0,16,0,16,3,0,82,103,103
99,outside,814,17,5,12,2,1,14,0,17,0,18,4,0,90,117,117
99,outside,815,19,6,13,3,2,14,0,19,0,21,5,0,100,131,131
99,outside,816,21,7,14,2,3,16,0,21,0,23,5,0,110,147,147
99,outside,817,19,8,11,1,1,17,0,19,0,24,8,0,120,164,164
99,outside,818,22,8,14,3,1,18,0,22,0,27,8,0,132,182,182
99,outside,819,24,10,14,2,3,19,0,24,0,29,8,0,146,201,201
99,outside,820,25,10,15,2,2,21,0,25,0,31,9,0,162,222,222
99,outside,821,29,12,17,6,2,21,0,29,0,37,11,0,178,243,243
99,outside,822,28,12,16,1,6,21,0,28,0,38,13,0,196,264,264
99,outside,823,31,14,17,4,1,26,0,31,0,42,14,0,214,290,290
99,outside,824,31,14,17,2,3,26,0,31,0,44,16,0,236,316,316
99,outside,825,27,12,15,2,2,23,0,27,0,46,22,0,258,339,339
99,outside,826,32,15,17,5,2,25,0,32,0,51,22,0,280,364,364
99,outside,827,35,16,19,3,5,27,0,35,0,54,22,0,304,391,391
99,outside,828,40,18,22,6,2,32,0,40,0,60,23,0,328,423,423
99,outside,829,41,18,23,3,6,32,0,41,0,63,25,0,358,455,455
99,outside,830,44,18,26,5,3,36,0,44,0,68,27,0,388,491,491
99,outside,831,46,18,28,4,5,37,0,46,0,72,29,0,422,528,528
99,outside,832,50,17,33,5,4,41,0,50,0,77,30,0,454,569,569
99,outside,833,50,18,32,2,5,43,0,50,0,79,32,0,486,612,612
99,outside,834,54,20,34,4,2,48,0,54,0,83,32,0,518,660,660
99,outside,835,57,22,35,5,4,48,0,57,0,88,34,0,550,708,708
99,outside,836,60,25,35,5,5,50,0,60,0,93,36,0,584,758,758
99,outside,837,63,27,36,5,5,53,0,63,0,98,38,0,622,811,811
99,outside,838,65,28,37,6,5,54,0,65,0,104,42,0,664,865,865
99,outside,839,69,29,40,5,6,58,0,69,0,109,43,0,710,923,923
99,outside,840,74,31,43,6,5,63,0,74,0,115,44,0,760,986,986
99,outside,841,77,34,43,6,6,65,0,77,0,121,47,0,812,1051,1051
99,outside,842,82,36,46,9,5,68,0,82,0,130,51,0,866,1119,1119
99,outside,843,87,37,50,7,9,71,0,87,0,137,53,0,926,1190,1190
99,outside,844,92,37,55,10,7,75,0,92,0,147,58,0,990,1265,1265
99,outside,845,94,39,55,6,9,79,0,94,0,153,62,0,1054,1344,1344
99,outside,846,98,40,58,10,6,82,0,98,0,163,68,0,1124,1426,1426
99,outside,847,106,44,62,12,10,84,0,106,0,175,72,0,1190,1510,1510
99,outside,848,105,46,59,7,12,86,0,105,0,182,80,0,1256,1596,1596
99,outside,849,114,49,65,11,6,97,0,114,0,193,82,0,1330,1693,1693
99,outside,850,122,51,71,11,11,100,0,122,0,204,85,0,1414,1793,1793
