seed,winter,population,children,livingFounders,births,deaths,food,materials,houses
0,800,10,0,10,0,0,30,5,0
0,801,10,0,10,0,0,41,6,0
0,802,11,1,10,1,0,56,8,0
0,803,11,1,10,1,0,66,10,0
0,804,11,1,10,1,0,78,2,1
0,805,11,1,10,1,0,95,3,1
0,806,11,1,10,1,0,112,4,1
0,807,12,2,10,2,0,128,5,1
0,808,12,2,10,2,0,146,6,1
0,809,12,2,10,2,0,161,7,1
0,810,12,2,10,2,0,179,8,1
0,811,12,2,10,2,0,195,9,1
0,812,12,2,10,2,0,209,10,1
0,813,12,2,10,2,0,226,11,1
0,814,13,3,10,3,0,245,12,1
0,815,13,3,10,3,0,259,12,1
0,816,14,4,10,4,0,270,13,1
0,817,14,4,10,4,0,279,14,1
0,818,14,3,10,4,0,286,15,1
0,819,14,3,10,4,0,289,15,1
0,820,15,4,10,5,0,300,16,1
0,821,15,4,10,5,0,303,18,1
0,822,15,4,10,5,0,312,20,1
0,823,14,3,9,5,1,320,23,1
0,824,14,3,9,5,1,324,24,1
0,825,14,3,9,5,1,327,27,1
0,826,14,3,9,5,1,336,30,1
0,827,14,3,9,5,1,344,35,1
0,828,14,3,9,5,1,352,38,1
0,829,14,3,9,5,1,357,41,1
0,830,14,2,9,5,1,360,46,1
0,831,14,2,9,5,1,365,50,1
0,832,14,1,9,5,1,367,55,1
0,833,14,1,9,5,1,369,61,1
0,834,15,2,9,6,1,369,57,2
0,835,15,2,9,6,1,371,60,2
0,836,15,1,9,6,1,373,65,2
0,837,15,1,9,6,1,373,70,2
0,838,15,1,9,6,1,373,73,2
0,839,15,1,9,6,1,371,67,3
0,840,15,1,9,6,1,374,71,3
0,841,15,1,9,6,1,374,81,3
0,842,16,2,9,7,1,373,90,3
0,843,15,2,8,7,2,373,98,3
0,844,14,2,7,7,3,374,106,3
0,845,13,2,6,7,4,370,112,3
0,846,11,2,4,7,6,366,120,3
0,847,12,3,4,8,6,360,123,4
0,848,12,3,4,8,6,353,136,4
0,849,11,3,3,8,7,347,148,4
0,850,11,2,3,8,7,342,159,4
1,800,10,0,10,0,0,30,5,0
1,801,12,2,10,2,0,45,5,0
1,802,12,2,10,2,0,53,5,0
1,803,12,2,10,2,0,63,5,0
1,804,12,2,10,2,0,72,5,0
1,805,12,2,10,2,0,82,5,0
1,806,12,2,10,2,0,92,5,0
1,807,13,3,10,3,0,109,5,0
1,808,15,5,10,5,0,121,5,0
1,809,15,5,10,5,0,123,5,0
1,810,16,6,10,6,0,124,5,0
1,811,16,6,10,6,0,125,5,0
1,812,17,7,10,7,0,127,5,0
1,813,17,7,10,7,0,126,5,0
1,814,17,7,10,7,0,129,5,0
1,815,17,7,10,7,0,132,5,0
1,816,17,7,10,7,0,139,5,0
1,817,17,5,10,7,0,143,5,0
1,818,17,5,10,7,0,155,5,0
1,819,17,5,10,7,0,163,5,0
1,820,17,5,10,7,0,170,5,0
1,821,17,5,10,7,0,181,7,0
1,822,17,5,10,7,0,187,11,0
1,823,17,4,10,7,0,194,15,0
1,824,17,2,10,7,0,198,19,0
1,825,17,2,10,7,0,200,13,1
1,826,17,1,10,7,0,200,24,1
1,827,17,1,10,7,0,206,16,3
1,828,17,0,10,7,0,208,34,3
1,829,18,1,10,8,0,208,50,3
1,830,18,1,10,8,0,209,67,3
1,831,19,2,10,9,0,206,85,3
1,832,19,2,10,9,0,203,90,4
1,833,18,2,9,9,1,203,106,4
1,834,18,2,9,9,1,197,121,4
1,835,19,3,9,10,1,192,140,4
1,836,19,3,9,10,1,183,160,4
1,837,20,4,9,11,1,174,171,5
1,838,19,4,8,11,2,173,185,5
1,839,19,4,8,11,2,169,200,5
1,840,19,4,8,11,2,162,214,5
1,841,19,4,8,11,2,157,232,5
1,842,19,4,8,11,2,149,251,5
1,843,21,6,8,13,2,141,270,5
1,844,21,6,8,13,2,130,285,5
1,845,21,6,7,14,3,122,300,5
1,846,21,6,7,14,3,108,310,5
1,847,20,5,6,14,4,96,321,5
1,848,21,6,6,15,4,78,331,5
1,849,21,6,6,15,4,61,346,5
1,850,20,6,5,15,5,46,361,5
2,800,10,0,10,0,0,30,5,0
2,801,10,0,10,0,0,31,1,1
2,802,10,0,10,0,0,38,10,1
2,803,10,0,10,0,0,46,8,2
2,804,11,1,10,1,0,54,10,3
2,805,11,1,10,1,0,63,18,3
2,806,12,2,10,2,0,73,26,3
2,807,12,2,10,2,0,81,31,3
2,808,12,2,10,2,0,91,36,3
2,809,13,3,10,3,0,100,40,3
2,810,13,3,10,3,0,107,45,3
2,811,13,3,10,3,0,116,50,3
2,812,13,3,10,3,0,124,58,3
2,813,13,3,10,3,0,129,66,3
2,814,13,3,10,3,0,137,74,3
2,815,13,3,10,3,0,146,87,3
2,816,14,4,10,4,0,152,100,3
2,817,14,4,10,4,0,160,107,3
2,818,14,4,10,4,0,164,116,3
2,819,14,4,10,4,0,170,124,3
2,820,14,3,10,4,0,173,131,3
2,821,15,4,10,5,0,177,139,3
2,822,15,3,10,5,0,177,147,3
2,823,15,3,10,5,0,178,158,3
2,824,15,3,10,5,0,179,170,3
2,825,14,2,9,5,1,179,170,4
2,826,14,2,9,5,1,175,180,4
2,827,14,2,9,5,1,174,180,5
2,828,14,2,9,5,1,174,188,5
2,829,14,2,9,5,1,174,197,5
2,830,14,2,9,5,1,174,206,5
2,831,13,2,8,5,2,176,214,5
2,832,13,1,8,5,2,172,221,5
2,833,12,1,7,5,3,171,228,5
2,834,12,1,7,5,3,168,232,5
2,835,12,1,7,5,3,166,237,5
2,836,12,1,7,5,3,163,240,5
2,837,14,2,7,7,3,159,245,5
2,838,14,2,7,7,3,152,248,5
2,839,13,2,6,7,4,147,252,5
2,840,13,2,6,7,4,141,252,5
2,841,13,3,5,8,5,137,253,5
2,842,12,3,4,8,6,131,254,5
2,843,12,3,4,8,6,121,254,5
2,844,13,4,4,9,6,110,254,5
2,845,13,4,4,9,6,99,255,5
2,846,13,4,4,9,6,87,255,5
2,847,14,5,4,10,6,75,255,5
2,848,14,5,4,10,6,61,255,5
2,849,14,5,4,10,6,47,255,5
2,850,14,5,4,10,6,33,254,5
3,800,10,0,10,0,0,30,5,0
3,801,10,0,10,0,0,36,9,0
3,802,11,1,10,1,0,44,13,0
3,803,11,1,10,1,0,46,19,0
3,804,11,1,10,1,0,50,23,0
3,805,11,1,10,1,0,53,28,0
3,806,12,2,10,2,0,55,23,1
3,807,12,2,10,2,0,61,27,1
3,808,12,2,10,2,0,69,31,1
3,809,12,2,10,2,0,79,35,1
3,810,13,3,10,3,0,87,38,1
3,811,13,3,10,3,0,89,43,1
3,812,13,3,10,3,0,92,46,1
3,813,14,4,10,4,0,99,41,2
3,814,14,4,10,4,0,99,46,2
3,815,15,5,10,5,0,98,51,2
3,816,16,6,10,6,0,100,58,2
3,817,16,6,10,6,0,93,64,2
3,818,16,5,10,6,0,86,70,2
3,819,19,8,10,9,0,82,74,2
3,820,19,8,10,9,0,75,77,2
3,821,19,8,10,9,0,68,71,3
3,822,19,7,10,9,0,63,77,3
3,823,19,7,10,9,0,59,82,3
3,824,19,7,10,9,0,54,87,3
3,825,19,7,10,9,0,61,96,3
3,826,19,6,10,9,0,65,104,3
3,827,19,6,10,9,0,69,102,4
3,828,19,6,10,9,0,77,107,4
3,829,19,5,10,9,0,85,115,4
3,830,19,5,10,9,0,92,122,4
3,831,19,4,10,9,0,96,128,4
3,832,18,3,9,9,1,100,133,4
3,833,18,3,9,9,1,105,138,4
3,834,18,3,9,9,1,109,141,4
3,835,17,0,8,9,2,111,145,4
3,836,17,0,8,9,2,109,149,4
3,837,16,0,7,9,3,110,153,4
3,838,16,0,7,9,3,109,135,6
3,839,15,0,6,9,4,115,135,6
3,840,14,0,5,9,5,117,136,6
3,841,14,0,5,9,5,114,136,6
3,842,14,0,5,9,5,108,136,6
3,843,14,0,5,9,5,103,136,6
3,844,14,0,5,9,5,97,137,6
3,845,14,0,5,9,5,91,137,6
3,846,13,0,4,9,6,86,137,6
3,847,13,0,4,9,6,75,137,6
3,848,13,0,4,9,6,63,138,6
3,849,14,1,4,10,6,52,137,6
3,850,13,1,3,10,7,40,137,6
4,800,10,0,10,0,0,30,5,0
4,801,11,1,10,1,0,28,2,1
4,802,11,1,10,1,0,27,10,1
4,803,11,1,10,1,0,26,18,1
4,804,12,2,10,2,0,25,16,2
4,805,12,2,10,2,0,27,25,2
4,806,13,3,10,3,0,29,34,2
4,807,14,4,10,4,0,30,28,3
4,808,14,4,10,4,0,29,33,3
4,809,14,4,10,4,0,29,37,3
4,810,14,4,10,4,0,27,45,3
4,811,15,5,10,5,0,28,54,3
4,812,15,5,10,5,0,22,66,3
4,813,15,5,10,5,0,17,82,3
4,814,15,5,10,5,0,10,98,3
4,815,15,5,10,5,0,4,114,3
4,816,15,5,10,5,0,0,130,3
4,817,15,4,10,5,0,0,146,3
4,818,15,4,10,5,0,0,163,3
4,819,15,4,10,5,0,0,168,4
4,820,15,3,10,5,0,0,183,4
4,821,15,3,10,5,0,13,197,4
4,822,15,2,10,5,0,24,212,4
4,823,15,1,10,5,0,35,225,4
4,824,15,1,10,5,0,44,240,4
4,825,15,1,10,5,0,53,254,4
4,826,15,1,10,5,0,62,268,4
4,827,15,0,10,5,0,69,281,4
4,828,15,0,10,5,0,76,295,4
4,829,15,0,10,5,0,82,297,5
4,830,15,0,10,5,0,88,309,5
4,831,15,0,10,5,0,92,320,5
4,832,15,0,10,5,0,96,331,5
4,833,15,0,10,5,0,101,340,5
4,834,16,1,10,6,0,105,351,5
4,835,16,1,10,6,0,107,360,5
4,836,16,1,10,6,0,108,370,5
4,837,17,2,10,7,0,109,379,5
4,838,17,2,10,7,0,109,388,5
4,839,17,2,10,7,0,108,396,5
4,840,17,2,10,7,0,107,404,5
4,841,17,2,10,7,0,104,412,5
4,842,17,2,10,7,0,105,418,5
4,843,15,2,8,7,2,106,425,5
4,844,15,2,8,7,2,103,429,5
4,845,15,2,8,7,2,105,434,5
4,846,15,2,8,7,2,105,436,5
4,847,14,2,7,7,3,108,440,5
4,848,14,2,7,7,3,108,441,5
4,849,14,2,7,7,3,110,442,5
4,850,13,1,6,7,4,113,443,5
5,800,10,0,10,0,0,30,5,0
5,801,10,0,10,0,0,37,7,0
5,802,12,2,10,2,0,49,11,0
5,803,12,2,10,2,0,51,4,1
5,804,12,2,10,2,0,58,9,1
5,805,14,4,10,4,0,64,13,1
5,806,14,4,10,4,0,69,17,1
5,807,15,5,10,5,0,74,21,1
5,808,15,5,10,5,0,72,26,1
5,809,15,5,10,5,0,72,30,1
5,810,15,5,10,5,0,71,33,1
5,811,15,5,10,5,0,79,37,1
5,812,14,5,9,5,1,88,41,1
5,813,14,5,9,5,1,99,42,1
5,814,14,5,9,5,1,113,43,1
5,815,14,5,9,5,1,124,44,1
5,816,14,5,9,5,1,137,45,1
5,817,14,5,9,5,1,150,46,1
5,818,14,3,9,5,1,159,47,1
5,819,14,3,9,5,1,169,47,1
5,820,14,3,9,5,1,177,48,1
5,821,14,1,9,5,1,183,51,1
5,822,14,1,9,5,1,189,56,1
5,823,14,0,9,5,1,194,63,1
5,824,13,0,8,5,2,200,59,2
5,825,14,1,8,6,2,201,66,2
5,826,14,1,8,6,2,204,75,2
5,827,14,1,8,6,2,205,86,2
5,828,14,1,8,6,2,203,99,2
5,829,14,1,8,6,2,203,110,2
5,830,15,2,8,7,2,203,121,2
5,831,16,3,8,8,2,199,122,3
5,832,16,3,8,8,2,193,134,3
5,833,16,3,8,8,2,191,144,3
5,834,17,4,8,9,2,184,156,3
5,835,17,4,8,9,2,176,165,3
5,836,17,4,8,9,2,169,181,3
5,837,19,6,8,11,2,159,194,3
5,838,18,6,7,11,3,149,204,3
5,839,17,6,6,11,4,139,215,3
5,840,17,6,6,11,4,126,226,3
5,841,17,5,6,11,4,113,236,3
5,842,18,6,6,12,4,98,247,3
5,843,18,6,6,12,4,84,262,3
5,844,19,7,6,13,4,68,279,3
5,845,19,7,6,13,4,51,283,4
5,846,18,6,5,13,5,39,296,4
5,847,18,5,5,13,5,22,308,4
5,848,18,5,5,13,5,5,326,4
5,849,18,5,5,13,5,0,341,4
5,850,18,4,5,13,5,0,359,4
6,800,10,0,10,0,0,30,5,0
6,801,10,0,10,0,0,30,11,0
6,802,11,1,10,1,0,32,9,1
6,803,11,1,10,1,0,30,10,2
6,804,11,1,10,1,0,36,20,2
6,805,12,2,10,2,0,42,30,2
6,806,12,2,10,2,0,40,41,2
6,807,12,2,10,2,0,39,29,4
6,808,12,2,10,2,0,50,41,4
6,809,14,4,10,4,0,62,51,4
6,810,14,4,10,4,0,69,62,4
6,811,14,4,10,4,0,76,70,4
6,812,15,5,10,5,0,84,81,4
6,813,15,5,10,5,0,89,91,4
6,814,15,5,10,5,0,94,100,4
6,815,15,5,10,5,0,107,111,4
6,816,15,5,10,5,0,120,122,4
6,817,16,6,10,6,0,133,131,4
6,818,16,5,10,6,0,141,141,4
6,819,16,5,10,6,0,151,150,4
6,820,15,4,10,6,1,162,160,4
6,821,15,3,10,6,1,174,168,4
6,822,15,3,10,6,1,186,178,4
6,823,15,3,10,6,1,199,186,4
6,824,15,3,10,6,1,208,196,4
6,825,15,1,10,6,1,217,203,4
6,826,15,1,10,6,1,224,210,4
6,827,15,1,10,6,1,232,219,4
6,828,16,1,10,7,1,236,216,5
6,829,16,1,10,7,1,240,222,5
6,830,17,2,10,8,1,244,217,6
6,831,18,3,10,9,1,244,221,6
6,832,18,3,10,9,1,244,225,6
6,833,18,3,10,9,1,245,229,6
6,834,18,3,10,9,1,242,233,6
6,835,18,3,10,9,1,239,237,6
6,836,19,4,10,10,1,235,239,6
6,837,19,4,10,10,1,230,241,6
6,838,19,4,10,10,1,225,245,6
6,839,19,5,9,11,2,219,246,6
6,840,19,5,9,11,2,207,249,6
6,841,19,5,9,11,2,194,251,6
6,842,20,6,9,12,2,182,253,6
6,843,19,6,8,12,3,169,254,6
6,844,18,5,7,12,4,157,253,6
6,845,18,5,7,12,4,145,250,6
6,846,18,4,7,12,4,132,248,6
6,847,18,3,7,12,4,118,246,6
6,848,17,3,6,12,5,106,245,6
6,849,17,3,6,12,5,91,241,6
6,850,17,3,6,12,5,79,237,6
7,800,10,0,10,0,0,30,5,0
7,801,10,0,10,0,0,33,9,0
7,802,10,0,10,0,0,36,5,1
7,803,10,0,10,0,0,48,10,1
7,804,10,0,10,0,0,59,15,1
7,805,10,0,10,0,0,73,20,1
7,806,10,0,10,0,0,81,25,1
7,807,10,0,10,0,0,91,22,2
7,808,10,0,10,0,0,107,27,2
7,809,11,1,10,1,0,121,33,2
7,810,12,2,10,2,0,128,39,2
7,811,12,2,10,2,0,135,42,2
7,812,13,3,10,3,0,141,46,2
7,813,13,3,10,3,0,146,48,2
7,814,12,2,10,3,1,154,50,2
7,815,12,2,10,3,1,167,51,2
7,816,13,3,10,4,1,180,54,2
7,817,13,3,10,4,1,185,58,2
7,818,13,3,10,4,1,188,65,2
7,819,13,3,10,4,1,193,71,2
7,820,13,3,10,4,1,195,77,2
7,821,13,3,10,4,1,201,72,3
7,822,13,3,10,4,1,214,78,3
7,823,13,3,10,4,1,226,85,3
7,824,13,3,10,4,1,239,92,3
7,825,13,3,10,4,1,252,99,3
7,826,13,2,10,4,1,262,104,3
7,827,13,2,10,4,1,272,111,3
7,828,13,1,10,4,1,282,118,3
7,829,13,1,10,4,1,291,124,3
7,830,13,1,10,4,1,298,130,3
7,831,13,1,10,4,1,305,134,3
7,832,13,0,10,4,1,311,141,3
7,833,13,0,10,4,1,318,146,3
7,834,13,0,10,4,1,321,151,3
7,835,12,0,9,4,2,328,157,3
7,836,11,0,8,4,3,329,161,3
7,837,11,0,8,4,3,325,166,3
7,838,10,0,7,4,4,323,170,3
7,839,10,0,7,4,4,322,172,3
7,840,10,0,7,4,4,318,173,3
7,841,10,0,7,4,4,316,174,3
7,842,10,0,7,4,4,311,175,3
7,843,10,0,7,4,4,308,176,3
7,844,9,0,6,4,5,306,177,3
7,845,9,0,6,4,5,303,176,3
7,846,8,0,5,4,6,301,175,3
7,847,8,0,5,4,6,300,173,3
7,848,7,0,4,4,7,302,171,3
7,849,7,0,4,4,7,298,169,3
7,850,7,0,4,4,7,293,169,3
8,800,10,0,10,0,0,30,5,0
8,801,11,1,10,1,0,35,7,0
8,802,12,2,10,2,0,40,1,1
8,803,12,2,10,2,0,44,5,1
8,804,14,4,10,4,0,47,9,1
8,805,15,5,10,5,0,45,3,2
8,806,15,5,10,5,0,49,2,2
8,807,17,7,10,7,0,55,2,2
8,808,18,8,10,8,0,53,2,2
8,809,18,8,10,8,0,50,2,2
8,810,19,9,10,9,0,49,2,2
8,811,20,10,10,10,0,45,4,2
8,812,21,11,10,11,0,41,7,2
8,813,22,12,10,12,0,37,10,2
8,814,22,12,10,12,0,30,13,2
8,815,21,12,9,12,1,24,16,2
8,816,21,12,9,12,1,20,18,2
8,817,21,11,9,12,1,17,21,2
8,818,21,10,9,12,1,14,24,2
8,819,21,10,9,12,1,16,27,2
8,820,21,8,9,12,1,10,30,2
8,821,21,7,9,12,1,21,32,2
8,822,21,7,9,12,1,34,36,2
8,823,22,6,9,13,1,40,28,3
8,824,22,5,9,13,1,57,30,3
8,825,22,5,9,13,1,73,32,3
8,826,23,5,9,14,1,85,39,3
8,827,23,4,9,14,1,97,49,3
8,828,23,3,9,14,1,104,58,3
8,829,23,2,9,14,1,112,69,3
8,830,23,2,9,14,1,118,78,3
8,831,23,2,9,14,1,127,86,4
8,832,24,3,9,15,1,133,88,6
8,833,25,4,9,16,1,138,114,6
8,834,25,4,9,16,1,130,138,6
8,835,26,5,9,17,1,124,161,6
8,836,25,6,7,18,3,120,182,6
8,837,25,6,7,18,3,110,198,6
8,838,26,7,7,19,3,99,216,6
8,839,26,6,7,19,3,95,237,6
8,840,28,8,7,21,3,91,255,6
8,841,28,8,7,21,3,75,272,6
8,842,29,8,7,22,3,58,282,7
8,843,29,8,7,22,3,44,299,7
8,844,28,8,6,22,4,33,321,7
8,845,28,8,6,22,4,17,342,7
8,846,27,8,5,22,5,30,367,7
8,847,27,8,5,22,5,43,388,7
8,848,28,8,5,23,5,55,411,7
8,849,28,7,5,23,5,64,434,7
8,850,29,8,5,24,5,74,455,7
9,800,10,0,10,0,0,30,5,0
9,801,11,1,10,1,0,30,11,0
9,802,12,2,10,2,0,28,19,0
9,803,12,2,10,2,0,21,27,0
9,804,12,2,10,2,0,14,35,0
9,805,12,2,10,2,0,8,34,1
9,806,12,2,10,2,0,4,42,1
9,807,12,2,10,2,0,5,50,1
9,808,12,2,10,2,0,11,59,1
9,809,12,2,10,2,0,15,68,1
9,810,11,2,9,2,1,22,77,1
9,811,12,3,9,3,1,29,82,1
9,812,13,4,9,4,1,34,85,1
9,813,13,4,9,4,1,35,88,1
9,814,13,4,9,4,1,36,90,1
9,815,14,5,9,5,1,35,93,1
9,816,15,6,9,6,1,34,96,1
9,817,15,5,9,6,1,30,99,1
9,818,15,4,9,6,1,25,102,1
9,819,15,4,9,6,1,21,105,1
9,820,15,4,9,6,1,20,107,1
9,821,15,4,9,6,1,22,112,1
9,822,15,4,9,6,1,24,118,1
9,823,15,4,9,6,1,31,123,1
9,824,15,4,9,6,1,37,127,1
9,825,15,4,9,6,1,44,132,1
9,826,15,4,9,6,1,49,138,1
9,827,15,3,9,6,1,54,142,1
9,828,15,2,9,6,1,57,147,1
9,829,15,2,9,6,1,58,150,1
9,830,16,3,9,7,1,61,146,2
9,831,16,2,9,7,1,60,149,2
9,832,16,1,9,7,1,58,151,2
9,833,16,1,9,7,1,55,155,2
9,834,16,1,9,7,1,52,148,3
9,835,17,2,9,8,1,50,149,3
9,836,17,2,9,8,1,50,151,3
9,837,17,2,9,8,1,46,153,3
9,838,17,2,9,8,1,45,155,3
9,839,18,3,9,9,1,42,155,3
9,840,18,3,9,9,1,36,156,3
9,841,18,3,9,9,1,32,158,3
9,842,17,3,8,9,2,30,159,3
9,843,17,3,8,9,2,24,159,3
9,844,17,3,8,9,2,20,160,3
9,845,17,3,8,9,2,13,160,3
9,846,17,2,8,9,2,38,161,3
9,847,17,2,8,9,2,64,161,3
9,848,17,2,8,9,2,93,162,3
9,849,17,2,8,9,2,117,162,3
9,850,17,2,8,9,2,144,162,3
10,800,10,0,10,0,0,30,5,0
10,801,10,0,10,0,0,36,8,0
10,802,11,1,10,1,0,46,2,1
10,803,12,2,10,2,0,55,8,1
10,804,12,2,10,2,0,60,3,2
10,805,13,3,10,3,0,71,8,2
10,806,14,4,10,4,0,76,12,2
10,807,14,4,10,4,0,78,17,2
10,808,15,5,10,5,0,85,21,2
10,809,15,5,10,5,0,89,26,2
10,810,16,6,10,6,0,94,30,2
10,811,17,7,10,7,0,99,35,2
10,812,17,7,10,7,0,98,39,2
10,813,17,7,10,7,0,98,44,2
10,814,19,9,10,9,0,104,48,2
10,815,19,9,10,9,0,101,53,2
10,816,19,9,10,9,0,102,56,2
10,817,20,10,10,10,0,102,61,2
10,818,20,9,10,10,0,100,65,2
10,819,20,8,10,10,0,98,70,2
10,820,19,7,10,10,1,98,74,2
10,821,19,6,10,10,1,98,82,2
10,822,19,5,10,10,1,96,90,2
10,823,19,5,10,10,1,101,98,2
10,824,19,5,10,10,1,104,86,4
10,825,19,5,10,10,1,114,96,4
10,826,19,4,10,10,1,122,107,4
10,827,19,3,10,10,1,128,117,4
10,828,19,3,10,10,1,134,126,4
10,829,19,3,10,10,1,139,137,4
10,830,18,1,9,10,2,143,146,4
10,831,18,1,9,10,2,141,155,4
10,832,18,1,9,10,2,137,164,4
10,833,18,0,9,10,2,134,174,4
10,834,18,0,9,10,2,127,182,4
10,835,18,0,9,10,2,122,171,6
10,836,17,0,8,10,3,115,178,6
10,837,19,2,8,12,3,108,185,6
10,838,19,2,8,12,3,96,191,6
10,839,19,2,8,12,3,85,197,6
10,840,21,4,8,14,3,72,204,6
10,841,20,4,7,14,4,59,210,6
10,842,19,4,6,14,5,48,216,6
10,843,19,4,6,14,5,31,222,6
10,844,19,4,6,14,5,15,227,6
10,845,18,4,5,14,6,0,233,6
10,846,18,4,5,14,6,36,238,6
10,847,18,4,5,14,6,77,244,6
10,848,17,4,4,14,7,118,249,6
10,849,19,6,4,16,7,156,255,6
10,850,19,6,4,16,7,175,261,6
11,800,10,0,10,0,0,30,5,0
11,801,10,0,10,0,0,39,7,0
11,802,10,0,10,0,0,50,1,1
11,803,11,1,10,1,0,65,6,1
11,804,13,3,10,3,0,76,10,1
11,805,13,3,10,3,0,80,11,1
11,806,13,3,10,3,0,85,12,1
11,807,13,3,10,3,0,88,12,1
11,808,13,3,10,3,0,93,13,1
11,809,13,3,10,3,0,102,14,1
11,810,14,4,10,4,0,114,17,1
11,811,15,5,10,5,0,122,22,1
11,812,15,5,10,5,0,125,27,1
11,813,15,5,10,5,0,130,30,1
11,814,15,5,10,5,0,134,35,1
11,815,15,5,10,5,0,136,40,1
11,816,15,5,10,5,0,143,45,1
11,817,15,5,10,5,0,154,48,1
11,818,15,5,10,5,0,163,53,1
11,819,15,4,10,5,0,172,57,1
11,820,15,2,10,5,0,179,61,1
11,821,15,2,10,5,0,186,73,1
11,822,15,2,10,5,0,190,85,1
11,823,15,2,10,5,0,196,96,1
11,824,16,3,10,6,0,201,99,2
11,825,16,3,10,6,0,207,108,2
11,826,16,2,10,6,0,214,117,2
11,827,16,1,10,6,0,219,125,2
11,828,16,1,10,6,0,222,125,3
11,829,16,1,10,6,0,225,137,3
11,830,16,1,10,6,0,230,149,3
11,831,16,2,9,7,1,233,160,3
11,832,16,2,9,7,1,227,173,3
11,833,16,2,9,7,1,222,184,3
11,834,17,3,9,8,1,217,196,3
11,835,17,3,9,8,1,210,202,3
11,836,17,3,9,8,1,202,210,3
11,837,17,3,9,8,1,193,220,3
11,838,17,3,9,8,1,184,233,3
11,839,18,4,9,9,1,174,243,3
11,840,18,3,9,9,1,161,254,3
11,841,18,3,9,9,1,150,264,3
11,842,18,3,9,9,1,136,275,3
11,843,18,3,9,9,1,124,287,3
11,844,17,3,8,9,2,110,298,3
11,845,17,3,8,9,2,96,309,3
11,846,17,3,8,9,2,80,318,3
11,847,16,2,7,9,3,67,328,3
11,848,15,2,6,9,4,52,340,3
11,849,13,2,4,9,6,40,350,3
11,850,13,1,4,9,6,23,361,3
12,800,10,0,10,0,0,30,5,0
12,801,10,0,10,0,0,34,10,0
12,802,11,1,10,1,0,42,6,1
12,803,12,2,10,2,0,50,3,2
12,804,13,3,10,3,0,55,11,2
12,805,13,3,10,3,0,53,20,2
12,806,14,4,10,4,0,50,28,2
12,807,14,4,10,4,0,47,36,2
12,808,15,5,10,5,0,44,44,2
12,809,17,7,10,7,0,44,53,2
12,810,17,7,10,7,0,37,57,2
12,811,17,7,10,7,0,31,61,2
12,812,16,6,10,7,1,28,66,2
12,813,15,6,9,7,2,30,71,2
12,814,17,8,9,9,2,33,75,2
12,815,17,8,9,9,2,35,79,2
12,816,17,8,9,9,2,37,84,2
12,817,18,9,9,10,2,40,89,2
12,818,18,8,9,10,2,37,93,2
12,819,18,7,9,10,2,31,97,2
12,820,18,7,9,10,2,30,105,2
12,821,18,7,9,10,2,38,115,2
12,822,18,6,9,10,2,47,123,2
12,823,18,6,9,10,2,57,120,3
12,824,19,6,9,11,2,73,129,3
12,825,19,4,9,11,2,77,139,3
12,826,19,4,9,11,2,80,149,3
12,827,20,5,9,12,2,82,149,4
12,828,21,6,9,13,2,78,156,4
12,829,21,6,9,13,2,74,165,4
12,830,21,4,9,13,2,68,173,4
12,831,21,4,9,13,2,60,180,4
12,832,21,4,9,13,2,53,188,4
12,833,21,3,9,13,2,53,195,4
12,834,21,3,9,13,2,62,202,4
12,835,22,4,9,14,2,70,209,4
12,836,23,5,9,15,2,67,215,4
12,837,23,5,9,15,2,52,221,4
12,838,23,5,9,15,2,39,228,4
12,839,23,5,9,15,2,23,234,4
12,840,23,4,9,15,2,6,239,4
12,841,24,5,9,16,2,55,245,4
12,842,24,6,8,17,3,108,239,5
12,843,24,5,8,17,3,154,240,5
12,844,24,4,8,17,3,197,242,5
12,845,24,4,8,17,3,238,243,5
12,846,24,4,8,17,3,282,243,5
12,847,23,4,7,17,4,332,243,5
12,848,23,4,7,17,4,391,244,5
12,849,23,4,7,17,4,446,243,5
12,850,23,4,7,17,4,505,243,5
13,800,10,0,10,0,0,30,5,0
13,801,10,0,10,0,0,38,6,0
13,802,11,1,10,1,0,50,8,0
13,803,11,1,10,1,0,58,10,0
13,804,11,1,10,1,0,67,12,0
13,805,12,2,10,2,0,74,3,1
13,806,13,3,10,3,0,81,6,1
13,807,13,3,10,3,0,85,8,1
13,808,13,3,10,3,0,92,11,1
13,809,14,4,10,4,0,98,14,1
13,810,15,5,10,5,0,103,16,1
13,811,15,5,10,5,0,107,19,1
13,812,16,6,10,6,0,111,21,1
13,813,16,6,10,6,0,112,24,1
13,814,16,6,10,6,0,115,26,1
13,815,16,6,10,6,0,119,29,1
13,816,16,6,10,6,0,125,31,1
13,817,17,7,10,7,0,130,34,1
13,818,17,6,10,7,0,133,36,1
13,819,17,6,10,7,0,136,39,1
13,820,18,7,10,8,0,138,31,2
13,821,18,6,10,8,0,141,32,2
13,822,18,5,10,8,0,142,34,2
13,823,18,5,10,8,0,145,35,2
13,824,18,5,10,8,0,147,39,2
13,825,18,4,10,8,0,149,34,3
13,826,19,4,10,9,0,150,45,3
13,827,19,4,10,9,0,146,54,3
13,828,18,4,8,10,2,149,65,3
13,829,18,4,8,10,2,142,69,3
13,830,19,5,8,11,2,134,78,2
13,831,19,5,8,11,2,125,75,3
13,832,20,6,8,12,2,119,86,3
13,833,20,5,8,12,2,106,92,3
13,834,20,5,8,12,2,95,103,3
13,835,20,5,8,12,2,81,104,4
13,836,20,4,8,12,2,68,122,4
13,837,19,4,7,12,3,57,139,4
13,838,21,6,7,14,3,43,156,4
13,839,21,6,7,14,3,24,170,4
13,840,21,6,7,14,3,9,184,4
13,841,21,6,7,14,3,0,197,4
13,842,21,5,7,14,3,0,211,4
13,843,21,5,7,14,3,0,225,4
13,844,21,4,7,14,3,0,242,4
13,845,21,4,7,14,3,0,259,4
13,846,21,3,7,14,3,8,276,4
13,847,21,3,7,14,3,21,294,4
13,848,20,2,6,14,4,34,311,4
13,849,20,2,6,14,4,42,328,4
13,850,19,2,5,14,5,52,346,4
14,800,10,0,10,0,0,30,5,0
14,801,10,0,10,0,0,31,2,1
14,802,10,0,10,0,0,42,9,1
14,803,12,2,10,2,0,54,15,1
14,804,13,3,10,3,0,57,20,1
14,805,13,3,10,3,0,54,24,1
14,806,13,3,10,3,0,49,21,2
14,807,14,4,10,4,0,52,26,2
14,808,15,5,10,5,0,53,32,2
14,809,15,5,10,5,0,54,39,2
14,810,16,6,10,6,0,55,47,2
14,811,16,6,10,6,0,55,57,2
14,812,16,6,10,6,0,55,64,2
14,813,17,7,10,7,0,54,71,2
14,814,17,7,10,7,0,57,79,2
14,815,17,7,10,7,0,59,87,2
14,816,19,9,10,9,0,63,96,2
14,817,19,9,10,9,0,51,103,2
14,818,19,9,10,9,0,39,109,2
14,819,19,7,10,9,0,31,117,2
14,820,19,6,10,9,0,24,124,2
14,821,19,6,10,9,0,30,121,3
14,822,18,6,9,9,1,53,120,4
14,823,19,6,9,10,1,79,130,4
14,824,19,5,9,10,1,94,139,4
14,825,19,5,9,10,1,109,149,4
14,826,20,5,9,11,1,122,158,4
14,827,18,4,8,11,3,144,168,4
14,828,18,4,8,11,3,162,178,4
14,829,18,3,8,11,3,177,186,4
14,830,18,3,8,11,3,192,185,5
14,831,18,3,8,11,3,203,193,5
14,832,19,2,8,12,3,217,200,5
14,833,19,2,8,12,3,227,206,5
14,834,20,3,8,13,3,235,203,6
14,835,20,4,7,14,4,245,209,6
14,836,20,4,7,14,4,249,212,6
14,837,20,4,7,14,4,251,218,6
14,838,20,4,7,14,4,254,223,6
14,839,20,4,7,14,4,255,226,6
14,840,22,6,7,16,4,258,230,6
14,841,22,6,7,16,4,258,233,6
14,842,22,5,7,16,4,255,238,6
14,843,22,6,6,17,5,254,240,6
14,844,21,6,5,17,6,251,245,6
14,845,21,6,5,17,6,239,249,6
14,846,21,6,5,17,6,228,257,5
14,847,21,6,5,17,6,218,261,5
14,848,21,5,5,17,6,205,264,5
14,849,21,5,5,17,6,193,267,5
14,850,22,5,5,18,6,180,270,5
15,800,10,0,10,0,0,30,5,0
15,801,10,0,10,0,0,28,9,0
15,802,10,0,10,0,0,32,17,0
15,803,12,2,10,2,0,32,15,1
15,804,12,2,10,2,0,34,20,1
15,805,12,2,10,2,0,34,24,1
15,806,13,3,10,3,0,33,29,1
15,807,13,3,10,3,0,33,33,1
15,808,13,3,10,3,0,33,38,1
15,809,13,3,10,3,0,36,42,1
15,810,14,4,10,4,0,39,47,1
15,811,14,4,10,4,0,40,52,1
15,812,14,4,10,4,0,43,57,1
15,813,14,4,10,4,0,45,61,1
15,814,14,4,10,4,0,45,65,1
15,815,14,4,10,4,0,46,70,1
15,816,14,4,10,4,0,48,78,1
15,817,14,4,10,4,0,47,86,1
15,818,14,4,10,4,0,50,93,1
15,819,14,2,10,4,0,47,101,1
15,820,14,2,10,4,0,45,109,1
15,821,14,2,10,4,0,44,119,1
15,822,14,1,10,4,0,41,132,1
15,823,14,1,10,4,0,37,145,1
15,824,14,1,10,4,0,33,156,1
15,825,14,1,10,4,0,31,167,1
15,826,14,0,10,4,0,24,179,1
15,827,14,0,10,4,0,17,191,1
15,828,14,0,10,4,0,11,203,1
15,829,14,0,10,4,0,4,214,1
15,830,14,0,10,4,0,0,223,1
15,831,14,0,10,4,0,9,235,1
15,832,14,0,10,4,0,18,245,1
15,833,14,0,10,4,0,28,256,1
15,834,14,0,10,4,0,37,267,1
15,835,13,0,9,4,1,47,275,1
15,836,12,0,8,4,2,58,264,3
15,837,12,0,8,4,2,70,274,3
15,838,12,0,8,4,2,82,282,3
15,839,11,0,7,4,3,96,292,3
15,840,11,1,6,5,4,109,301,3
15,841,12,2,6,6,4,111,307,3
15,842,12,2,6,6,4,112,312,3
15,843,12,2,6,6,4,114,316,3
15,844,12,2,6,6,4,115,321,3
15,845,13,3,6,7,4,113,324,3
15,846,12,3,5,7,5,114,328,3
15,847,12,3,5,7,5,113,334,3
15,848,12,3,5,7,5,114,339,3
15,849,12,3,5,7,5,115,346,3
15,850,12,3,5,7,5,112,352,3
16,800,10,0,10,0,0,30,5,0
16,801,10,0,10,0,0,33,8,0
16,802,10,0,10,0,0,40,4,1
16,803,12,2,10,2,0,52,11,1
16,804,12,2,10,2,0,57,3,2
16,805,12,2,10,2,0,64,7,2
16,806,12,2,10,2,0,73,1,3
16,807,12,2,10,2,0,87,5,3
16,808,12,2,10,2,0,99,9,3
16,809,12,2,10,2,0,114,18,3
16,810,12,2,10,2,0,131,26,3
16,811,12,2,10,2,0,147,35,3
16,812,12,2,10,2,0,164,42,3
16,813,12,2,10,2,0,179,50,3
16,814,12,2,10,2,0,196,59,3
16,815,12,2,10,2,0,213,67,3
16,816,12,2,10,2,0,228,76,3
16,817,12,2,10,2,0,243,84,3
16,818,12,2,10,2,0,258,92,3
16,819,12,0,10,2,0,272,101,3
16,820,12,0,10,2,0,286,109,3
16,821,12,0,10,2,0,297,123,3
16,822,12,0,10,2,0,310,135,3
16,823,12,0,10,2,0,321,150,3
16,824,12,0,10,2,0,332,165,3
16,825,12,0,10,2,0,343,169,4
16,826,12,0,10,2,0,355,182,4
16,827,12,0,10,2,0,366,196,4
16,828,12,0,10,2,0,377,208,4
16,829,13,1,10,3,0,386,222,4
16,830,12,1,9,3,1,397,230,4
16,831,11,1,8,3,2,405,239,4
16,832,11,1,8,3,2,414,243,4
16,833,12,2,8,4,2,420,247,4
16,834,12,2,8,4,2,424,252,4
16,835,11,2,7,4,3,431,257,4
16,836,11,2,7,4,3,433,260,4
16,837,11,2,7,4,3,434,265,4
16,838,11,2,7,4,3,434,268,4
16,839,12,3,7,5,3,434,279,4
16,840,11,3,6,5,4,435,284,4
16,841,11,3,6,5,4,432,289,4
16,842,11,3,6,5,4,429,294,4
16,843,11,3,6,5,4,426,299,4
16,844,11,3,6,5,4,423,304,4
16,845,11,2,6,5,4,418,314,4
16,846,11,2,6,5,4,414,323,4
16,847,11,2,6,5,4,407,333,4
16,848,11,2,6,5,4,401,341,4
16,849,11,1,6,5,4,396,351,4
16,850,10,1,5,5,5,390,359,4
17,800,10,0,10,0,0,30,5,0
17,801,10,0,10,0,0,31,1,1
17,802,10,0,10,0,0,42,8,1
17,803,10,0,10,0,0,53,4,2
17,804,11,1,10,1,0,73,10,2
17,805,11,1,10,1,0,90,13,2
17,806,12,2,10,2,0,108,16,2
17,807,12,2,10,2,0,121,20,2
17,808,13,3,10,3,0,135,24,2
17,809,13,3,10,3,0,147,27,2
17,810,13,3,10,3,0,160,20,3
17,811,14,4,10,4,0,171,26,3
17,812,15,5,10,5,0,186,28,3
17,813,15,5,10,5,0,199,31,3
17,814,15,5,10,5,0,213,34,3
17,815,15,5,10,5,0,226,36,3
17,816,15,5,10,5,0,239,39,3
17,817,15,5,10,5,0,249,45,3
17,818,15,5,10,5,0,263,52,3
17,819,15,5,10,5,0,273,59,3
17,820,15,4,10,5,0,284,68,3
17,821,15,4,10,5,0,293,77,3
17,822,15,3,10,5,0,301,86,3
17,823,15,3,10,5,0,310,95,3
17,824,15,2,10,5,0,314,104,3
17,825,14,2,9,5,1,321,114,3
17,826,14,2,9,5,1,323,123,3
17,827,14,1,9,5,1,321,131,3
17,828,15,1,9,6,1,320,140,3
17,829,15,1,9,6,1,316,140,4
17,830,15,1,9,6,1,312,148,4
17,831,15,1,9,6,1,307,157,4
17,832,15,1,9,6,1,301,167,4
17,833,15,1,9,6,1,296,175,4
17,834,16,2,9,7,1,288,183,4
17,835,16,2,9,7,1,281,192,4
17,836,16,2,9,7,1,273,199,4
17,837,16,2,9,7,1,263,208,4
17,838,17,3,9,8,1,253,215,4
17,839,17,3,9,8,1,242,223,4
17,840,17,3,9,8,1,229,230,4
17,841,17,3,9,8,1,218,236,4
17,842,17,3,9,8,1,206,244,4
17,843,17,4,8,9,2,195,251,4
17,844,17,3,8,9,2,177,257,4
17,845,16,3,7,9,3,160,263,4
17,846,17,4,7,10,3,143,268,4
17,847,17,4,7,10,3,125,274,4
17,848,17,4,7,10,3,110,279,4
17,849,17,4,7,10,3,91,283,4
17,850,17,3,7,10,3,72,288,4
18,800,10,0,10,0,0,30,5,0
18,801,10,0,10,0,0,31,0,1
18,802,12,2,10,2,0,39,7,1
18,803,12,2,10,2,0,33,15,1
18,804,12,2,10,2,0,28,14,2
18,805,12,2,10,2,0,24,22,2
18,806,12,2,10,2,0,21,31,2
18,807,12,2,10,2,0,20,39,2
18,808,14,4,10,4,0,30,48,2
18,809,16,6,10,6,0,33,53,2
18,810,16,6,10,6,0,22,58,2
18,811,16,6,10,6,0,12,62,2
18,812,16,6,10,6,0,1,68,2
18,813,16,6,10,6,0,0,73,2
18,814,16,6,10,6,0,0,81,2
18,815,16,6,10,6,0,5,91,2
18,816,16,6,10,6,0,11,98,2
18,817,16,6,10,6,0,16,106,2
18,818,16,4,10,6,0,20,115,2
18,819,16,4,10,6,0,22,124,2
18,820,16,4,10,6,0,23,131,2
18,821,16,4,10,6,0,40,128,3
18,822,16,4,10,6,0,60,137,3
18,823,15,4,9,6,1,83,146,3
18,824,15,2,9,6,1,104,151,3
18,825,15,0,9,6,1,120,157,3
18,826,15,0,9,6,1,139,163,3
18,827,15,0,9,6,1,154,169,3
18,828,15,0,9,6,1,170,167,4
18,829,16,1,9,7,1,186,173,4
18,830,15,1,8,7,2,202,169,5
18,831,15,1,8,7,2,215,169,5
18,832,16,2,8,8,2,230,171,5
18,833,16,2,8,8,2,244,171,5
18,834,16,2,8,8,2,256,173,5
18,835,16,3,7,9,3,269,173,5
18,836,15,3,6,9,4,284,171,5
18,837,15,3,6,9,4,295,169,5
18,838,16,4,6,10,4,304,168,5
18,839,16,4,6,10,4,314,167,5
18,840,16,4,6,10,4,322,171,4
18,841,15,4,5,10,5,331,170,4
18,842,15,4,5,10,5,340,168,4
18,843,15,4,5,10,5,346,167,4
18,844,15,4,5,10,5,350,165,4
18,845,15,3,5,10,5,355,164,4
18,846,15,3,5,10,5,360,162,4
18,847,15,3,5,10,5,362,161,4
18,848,15,2,5,10,5,363,159,4
18,849,16,3,5,11,5,366,157,4
18,850,16,3,5,11,5,367,155,4
19,800,10,0,10,0,0,30,5,0
19,801,10,0,10,0,0,34,9,0
19,802,10,0,10,0,0,41,15,0
19,803,11,1,10,1,0,48,20,0
19,804,11,1,10,1,0,52,16,1
19,805,10,1,9,1,1,65,20,1
19,806,11,2,9,2,1,74,25,1
19,807,11,2,9,2,1,82,28,1
19,808,12,3,9,3,1,90,30,1
19,809,12,3,9,3,1,96,33,1
19,810,12,3,9,3,1,104,35,1
19,811,12,3,9,3,1,111,38,1
19,812,13,4,9,4,1,118,42,1
19,813,13,4,9,4,1,124,47,1
19,814,13,4,9,4,1,129,52,1
19,815,13,4,9,4,1,136,56,1
19,816,13,4,9,4,1,141,61,1
19,817,13,4,9,4,1,146,65,1
19,818,13,4,9,4,1,154,70,1
19,819,13,3,9,4,1,161,75,1
19,820,13,3,9,4,1,168,79,1
19,821,13,3,9,4,1,175,84,1
19,822,13,2,9,4,1,181,78,2
19,823,13,2,9,4,1,189,82,2
19,824,13,1,9,4,1,195,84,2
19,825,13,1,9,4,1,200,87,2
19,826,12,1,8,4,2,210,91,2
19,827,12,1,8,4,2,218,92,2
19,828,13,1,8,5,2,224,92,2
19,829,13,1,8,5,2,227,94,2
19,830,13,1,8,5,2,232,95,2
19,831,14,2,8,6,2,233,96,2
19,832,14,2,8,6,2,235,97,2
19,833,14,2,8,6,2,237,87,3
19,834,14,2,8,6,2,238,88,3
19,835,14,2,8,6,2,241,87,3
19,836,14,2,8,6,2,242,87,3
19,837,13,2,7,6,3,245,86,3
19,838,14,3,7,7,3,246,85,3
19,839,13,3,6,7,4,245,85,3
19,840,13,3,6,7,4,241,84,3
19,841,13,3,6,7,4,237,84,3
19,842,14,4,6,8,4,232,83,3
19,843,14,4,6,8,4,226,82,3
19,844,14,3,6,8,4,217,80,3
19,845,14,3,6,8,4,209,79,3
19,846,15,4,6,9,4,200,78,3
19,847,15,3,6,9,4,188,77,3
19,848,15,3,6,9,4,177,76,3
19,849,15,3,6,9,4,165,75,3
19,850,15,3,6,9,4,152,64,4
20,800,10,0,10,0,0,30,5,0
20,801,10,0,10,0,0,37,7,0
20,802,10,0,10,0,0,47,1,1
20,803,11,1,10,1,0,67,4,1
20,804,11,1,10,1,0,86,5,1
20,805,11,1,10,1,0,105,6,1
20,806,13,3,10,3,0,123,7,1
20,807,13,3,10,3,0,131,8,1
20,808,13,3,10,3,0,142,8,1
20,809,13,3,10,3,0,151,11,1
20,810,13,3,10,3,0,160,13,1
20,811,13,3,10,3,0,169,16,1
20,812,13,3,10,3,0,186,19,1
20,813,13,3,10,3,0,201,22,1
20,814,14,4,10,4,0,218,25,1
20,815,14,4,10,4,0,233,25,1
20,816,14,4,10,4,0,246,26,1
20,817,14,4,10,4,0,261,27,1
20,818,14,4,10,4,0,274,27,1
20,819,14,3,10,4,0,287,28,1
20,820,14,3,10,4,0,300,29,1
20,821,14,3,10,4,0,312,34,1
20,822,14,1,10,4,0,321,38,1
20,823,14,1,10,4,0,329,43,1
20,824,14,1,10,4,0,336,47,1
20,825,14,1,10,4,0,343,51,1
20,826,14,1,10,4,0,350,58,1
20,827,14,1,10,4,0,355,66,1
20,828,14,1,10,4,0,360,74,1
20,829,14,1,10,4,0,365,83,1
20,830,14,0,10,4,0,367,90,1
20,831,14,0,10,4,0,369,89,2
20,832,14,0,10,4,0,370,101,2
20,833,15,1,10,5,0,370,114,2
20,834,15,1,10,5,0,368,122,2
20,835,15,1,10,5,0,365,132,2
20,836,15,1,10,5,0,363,140,2
20,837,14,1,9,5,1,361,151,2
20,838,14,1,9,5,1,356,160,2
20,839,14,1,9,5,1,352,172,2
20,840,15,2,9,6,1,344,175,3
20,841,15,2,9,6,1,339,187,3
20,842,14,2,8,6,2,333,199,3
20,843,13,2,7,6,3,329,213,3
20,844,13,2,7,6,3,320,225,3
20,845,13,2,7,6,3,312,238,3
20,846,14,3,7,7,3,302,253,3
20,847,14,3,7,7,3,293,267,3
20,848,13,3,6,7,4,284,279,3
20,849,13,2,6,7,4,274,291,3
20,850,13,2,6,7,4,263,304,3
21,800,10,0,10,0,0,30,5,0
21,801,10,0,10,0,0,32,9,0
21,802,11,1,10,1,0,40,15,0
21,803,13,3,10,3,0,40,21,0
21,804,13,3,10,3,0,34,17,1
21,805,13,3,10,3,0,31,23,1
21,806,14,4,10,4,0,27,30,1
21,807,14,4,10,4,0,23,38,1
21,808,14,4,10,4,0,20,45,1
21,809,13,4,9,4,1,24,52,1
21,810,13,4,9,4,1,24,48,2
21,811,13,4,9,4,1,29,56,2
21,812,13,4,9,4,1,36,65,2
21,813,13,4,9,4,1,45,73,2
21,814,13,4,9,4,1,50,81,2
21,815,13,4,9,4,1,59,89,2
21,816,13,4,9,4,1,67,97,2
21,817,13,4,9,4,1,74,105,2
21,818,13,3,9,4,1,80,114,2
21,819,13,1,9,4,1,83,121,2
21,820,12,1,8,4,2,88,129,2
21,821,12,1,8,4,2,88,138,2
21,822,12,0,8,4,2,89,135,3
21,823,12,0,8,4,2,88,143,3
21,824,13,1,8,5,2,86,153,3
21,825,13,1,8,5,2,85,161,3
21,826,13,1,8,5,2,81,168,3
21,827,13,1,8,5,2,78,168,4
21,828,14,2,8,6,2,74,164,5
21,829,14,2,8,6,2,71,170,5
21,830,14,2,8,6,2,70,176,5
21,831,14,3,7,7,3,68,182,5
21,832,14,3,7,7,3,59,187,5
21,833,14,3,7,7,3,51,193,5
21,834,14,3,7,7,3,43,198,5
21,835,14,3,7,7,3,33,203,5
21,836,13,3,6,7,4,25,207,5
21,837,13,3,6,7,4,13,212,5
21,838,13,3,6,7,4,0,216,5
21,839,13,3,6,7,4,0,220,5
21,840,13,2,6,7,4,0,224,5
21,841,13,2,6,7,4,24,227,5
21,842,13,2,6,7,4,50,231,5
21,843,14,3,6,8,4,79,233,5
21,844,14,2,6,8,4,96,236,5
21,845,14,2,6,8,4,110,238,5
21,846,14,2,6,8,4,126,241,5
21,847,14,1,6,8,4,140,243,5
21,848,14,1,6,8,4,156,245,5
21,849,14,1,6,8,4,178,248,5
21,850,14,1,6,8,4,202,250,5
22,800,10,0,10,0,0,30,5,0
22,801,11,1,10,1,0,42,7,0
22,802,11,1,10,1,0,54,9,0
22,803,11,1,10,1,0,63,1,1
22,804,13,3,10,3,0,83,2,1
22,805,14,4,10,4,0,90,4,1
22,806,15,5,10,5,0,98,3,1
22,807,15,5,10,5,0,100,2,1
22,808,16,6,10,6,0,104,1,1
22,809,16,6,10,6,0,105,0,1
22,810,16,6,10,6,0,119,0,1
22,811,18,8,10,8,0,132,0,1
22,812,18,8,10,8,0,144,5,0
22,813,18,8,10,8,0,147,5,0
22,814,18,8,10,8,0,150,5,0
22,815,18,8,10,8,0,155,5,0
22,816,18,8,10,8,0,160,5,0
22,817,18,7,10,8,0,165,7,0
22,818,18,7,10,8,0,172,9,0
22,819,19,8,10,9,0,176,11,0
22,820,19,6,10,9,0,180,14,0
22,821,19,5,10,9,0,181,19,0
22,822,20,5,10,10,0,181,25,0
22,823,20,5,10,10,0,178,21,1
22,824,20,4,10,10,0,177,27,1
22,825,21,5,10,11,0,172,24,2
22,826,20,5,9,11,1,172,37,2
22,827,20,3,9,11,1,165,49,2
22,828,21,4,9,12,1,159,67,2
22,829,21,4,9,12,1,150,59,4
22,830,20,4,8,12,2,147,70,5
22,831,20,4,8,12,2,139,96,5
22,832,22,6,8,14,2,131,122,5
22,833,22,6,8,14,2,119,146,5
22,834,22,7,7,15,3,109,170,5
22,835,24,8,7,17,3,95,181,6
22,836,24,8,7,17,3,84,195,6
22,837,24,8,7,17,3,72,209,6
22,838,26,9,7,19,3,59,229,6
22,839,26,9,7,19,3,43,249,6
22,840,26,9,7,19,3,26,261,7
22,841,26,8,7,19,3,18,287,7
22,842,26,8,7,19,3,11,313,7
22,843,25,8,6,19,4,4,337,7
22,844,25,7,6,19,4,0,361,7
22,845,25,7,6,19,4,0,385,7
22,846,25,7,6,19,4,16,410,7
22,847,25,7,6,19,4,34,435,7
22,848,26,6,6,20,4,49,459,7
22,849,26,6,6,20,4,62,481,7
22,850,25,5,5,20,5,80,500,7
23,800,10,0,10,0,0,30,5,0
23,801,11,1,10,1,0,36,7,0
23,802,11,1,10,1,0,43,1,1
23,803,13,3,10,3,0,56,4,1
23,804,14,4,10,4,0,57,7,1
23,805,14,4,10,4,0,56,10,1
23,806,14,4,10,4,0,56,13,1
23,807,14,4,10,4,0,55,16,1
23,808,15,5,10,5,0,54,19,1
23,809,15,5,10,5,0,63,22,1
23,810,15,5,10,5,0,73,25,1
23,811,16,6,10,6,0,85,28,1
23,812,16,6,10,6,0,85,31,1
23,813,16,6,10,6,0,86,34,1
23,814,16,6,10,6,0,90,37,1
23,815,17,7,10,7,0,94,40,1
23,816,17,7,10,7,0,97,43,1
23,817,16,6,9,7,1,101,35,2
23,818,17,7,9,8,1,108,37,2
23,819,17,5,9,8,1,112,39,2
23,820,17,4,9,8,1,122,41,2
23,821,18,5,9,9,1,131,40,3
23,822,18,5,9,9,1,138,52,3
23,823,18,5,9,9,1,147,65,3
23,824,18,4,9,9,1,153,78,3
23,825,18,4,9,9,1,160,90,3
23,826,18,4,9,9,1,165,105,3
23,827,18,3,9,9,1,169,110,4
23,828,19,4,9,10,1,174,126,4
23,829,19,4,9,10,1,176,143,4
23,830,19,4,9,10,1,178,157,4
23,831,19,3,9,10,1,178,163,5
23,832,20,4,9,11,1,177,181,5
23,833,20,4,9,11,1,174,196,5
23,834,19,3,8,11,2,172,213,5
23,835,20,4,8,12,2,166,230,5
23,836,20,4,8,12,2,162,236,6
23,837,21,4,8,13,2,154,250,6
23,838,21,4,8,13,2,147,262,6
23,839,20,4,7,13,3,143,272,6
23,840,21,5,7,14,3,131,282,6
23,841,22,6,7,15,3,119,292,6
23,842,20,6,6,15,5,109,304,6
23,843,21,7,6,16,5,94,316,6
23,844,21,6,6,16,5,76,330,5
23,845,20,6,5,16,6,62,343,5
23,846,20,6,5,16,6,44,350,5
23,847,20,6,5,16,6,28,360,5
23,848,20,5,5,16,6,10,367,5
23,849,20,5,5,16,6,0,375,5
23,850,20,5,5,16,6,0,384,5
24,800,10,0,10,0,0,30,5,0
24,801,10,0,10,0,0,37,8,0
24,802,11,1,10,1,0,50,12,0
24,803,12,2,10,2,0,56,16,0
24,804,13,3,10,3,0,58,20,0
24,805,13,3,10,3,0,55,24,0
24,806,13,3,10,3,0,53,8,2
24,807,13,3,10,3,0,59,15,2
24,808,14,4,10,4,0,69,21,2
24,809,14,4,10,4,0,83,27,2
24,810,15,5,10,5,0,97,32,2
24,811,17,7,10,7,0,107,39,2
24,812,17,7,10,7,0,108,45,2
24,813,18,8,10,8,0,111,51,2
24,814,18,8,10,8,0,111,57,2
24,815,18,8,10,8,0,113,64,2
24,816,19,9,10,9,0,113,69,2
24,817,19,9,10,9,0,116,75,2
24,818,19,8,10,9,0,120,82,2
24,819,19,7,10,9,0,124,88,2
24,820,19,6,10,9,0,127,94,2
24,821,19,6,10,9,0,127,100,2
24,822,19,6,10,9,0,133,106,2
24,823,19,6,10,9,0,136,112,2
24,824,19,5,10,9,0,140,118,2
24,825,18,5,9,9,1,143,124,2
24,826,19,5,9,10,1,140,121,3
24,827,19,3,9,10,1,130,126,3
24,828,19,3,9,10,1,120,130,3
24,829,19,2,9,10,1,110,135,3
24,830,20,3,9,11,1,100,140,3
24,831,20,3,9,11,1,88,144,3
24,832,20,2,9,11,1,70,149,3
24,833,20,2,9,11,1,57,153,3
24,834,20,2,9,11,1,41,148,4
24,835,20,2,9,11,1,25,150,4
24,836,21,3,9,12,1,60,153,4
24,837,22,4,9,13,1,93,155,4
24,838,22,4,9,13,1,115,158,4
24,839,23,5,9,14,1,135,161,4
24,840,23,5,9,14,1,147,162,4
24,841,22,5,8,14,2,160,164,4
24,842,21,4,7,14,3,177,166,4
24,843,22,5,7,15,3,201,168,4
24,844,22,5,7,15,3,216,159,5
24,845,21,5,6,15,4,263,159,5
24,846,22,5,6,16,4,307,159,5
24,847,22,5,6,16,4,348,159,5
24,848,22,5,6,16,4,397,159,5
24,849,22,5,6,16,4,442,158,5
24,850,22,5,6,16,4,491,158,5
25,800,10,0,10,0,0,30,5,0
25,801,10,0,10,0,0,41,6,0
25,802,10,0,10,0,0,55,8,0
25,803,11,1,10,1,0,71,10,0
25,804,11,1,10,1,0,80,11,0
25,805,13,3,10,3,0,89,13,0
25,806,13,3,10,3,0,91,15,0
25,807,14,4,10,4,0,91,16,0
25,808,15,5,10,5,0,92,18,0
25,809,15,5,10,5,0,91,20,0
25,810,16,6,10,6,0,90,22,0
25,811,16,6,10,6,0,94,23,0
25,812,17,7,10,7,0,95,25,0
25,813,17,7,10,7,0,94,27,0
25,814,17,7,10,7,0,96,28,0
25,815,17,7,10,7,0,97,30,0
25,816,18,8,10,8,0,101,32,0
25,817,18,8,10,8,0,104,33,0
25,818,18,8,10,8,0,109,35,0
25,819,18,7,10,8,0,109,37,0
25,820,18,7,10,8,0,111,39,0
25,821,18,5,10,8,0,110,42,0
25,822,18,5,10,8,0,113,46,0
25,823,18,4,10,8,0,115,40,1
25,824,18,3,10,8,0,115,43,1
25,825,18,3,10,8,0,116,46,1
25,826,17,2,9,8,1,115,58,1
25,827,17,2,9,8,1,112,64,2
25,828,17,1,9,8,1,113,69,3
25,829,18,2,9,9,1,112,86,3
25,830,18,2,9,9,1,109,87,4
25,831,19,3,9,10,1,106,109,4
25,832,20,3,9,11,1,100,128,4
25,833,20,3,9,11,1,92,141,4
25,834,20,3,9,11,1,83,154,4
25,835,19,3,8,11,2,78,172,4
25,836,19,3,8,11,2,67,189,4
25,837,19,3,8,11,2,55,212,4
25,838,19,5,6,13,4,49,236,4
25,839,19,5,6,13,4,35,255,4
25,840,19,5,6,13,4,19,274,4
25,841,18,5,5,13,5,8,292,4
25,842,18,5,5,13,5,0,310,4
25,843,17,5,4,13,6,0,328,4
25,844,17,5,4,13,6,0,351,4
25,845,17,4,4,13,6,0,378,4
25,846,17,4,4,13,6,0,404,4
25,847,17,3,4,13,6,0,428,4
25,848,17,2,4,13,6,0,453,4
25,849,17,2,4,13,6,0,479,4
25,850,17,2,4,13,6,0,493,5
26,800,10,0,10,0,0,30,5,0
26,801,10,0,10,0,0,36,9,0
26,802,11,1,10,1,0,46,15,0
26,803,12,2,10,2,0,54,18,0
26,804,12,2,10,2,0,59,22,0
26,805,13,3,10,3,0,62,26,0
26,806,13,3,10,3,0,61,28,0
26,807,13,3,10,3,0,60,32,0
26,808,14,4,10,4,0,59,38,0
26,809,14,4,10,4,0,56,44,0
26,810,14,4,10,4,0,54,50,0
26,811,14,4,10,4,0,56,55,0
26,812,14,4,10,4,0,59,60,0
26,813,14,4,10,4,0,59,67,0
26,814,14,4,10,4,0,65,72,0
26,815,14,4,10,4,0,69,78,0
26,816,14,4,10,4,0,74,83,0
26,817,14,4,10,4,0,79,88,0
26,818,14,3,10,4,0,84,93,0
26,819,14,2,10,4,0,84,99,0
26,820,14,2,10,4,0,85,103,0
26,821,14,1,10,4,0,87,109,0
26,822,14,1,10,4,0,88,113,0
26,823,13,1,9,4,1,88,107,1
26,824,13,0,9,4,1,92,111,1
26,825,13,0,9,4,1,94,105,2
26,826,13,1,8,5,2,99,107,2
26,827,13,1,8,5,2,100,110,2
26,828,13,1,8,5,2,98,112,2
26,829,13,1,8,5,2,98,114,2
26,830,12,1,7,5,3,99,116,2
26,831,12,1,7,5,3,99,116,2
26,832,12,1,7,5,3,99,115,2
26,833,12,1,7,5,3,99,114,2
26,834,13,2,7,6,3,97,114,2
26,835,13,2,7,6,3,95,113,2
26,836,13,2,7,6,3,90,112,2
26,837,13,2,7,6,3,87,111,2
26,838,12,2,6,6,4,84,110,2
26,839,10,2,4,6,6,85,109,2
26,840,10,2,4,6,6,81,107,2
26,841,10,2,4,6,6,78,105,2
26,842,10,1,4,6,6,75,103,2
26,843,11,2,4,7,6,71,101,2
26,844,10,2,3,7,7,69,99,2
26,845,10,2,3,7,7,61,87,3
26,846,10,2,3,7,7,55,84,3
26,847,10,2,3,7,7,47,81,3
26,848,10,2,3,7,7,40,78,3
26,849,10,2,3,7,7,33,75,3
26,850,10,1,3,7,7,24,72,3
27,800,10,0,10,0,0,30,5,0
27,801,12,2,10,2,0,42,6,0
27,802,12,2,10,2,0,48,8,0
27,803,13,3,10,3,0,53,9,0
27,804,14,4,10,4,0,57,9,0
27,805,14,4,10,4,0,57,9,0
27,806,14,4,10,4,0,57,9,0
27,807,16,6,10,6,0,64,9,0
27,808,17,7,10,7,0,60,9,0
27,809,17,7,10,7,0,54,11,0
27,810,19,9,10,9,0,49,13,0
27,811,20,10,10,10,0,40,14,0
27,812,20,10,10,10,0,28,14,0
27,813,20,10,10,10,0,23,14,0
27,814,20,10,10,10,0,20,14,0
27,815,20,10,10,10,0,16,14,0
27,816,20,10,10,10,0,21,14,0
27,817,20,8,10,10,0,23,16,0
27,818,20,8,10,10,0,27,17,0
27,819,20,7,10,10,0,28,19,0
27,820,19,6,9,10,1,29,21,0
27,821,19,6,9,10,1,41,12,1
27,822,19,6,9,10,1,70,3,2
27,823,20,5,9,11,1,102,3,2
27,824,20,4,9,11,1,122,2,2
27,825,20,4,9,11,1,141,2,2
27,826,20,2,9,11,1,160,7,2
27,827,21,2,9,12,1,178,15,2
27,828,20,2,8,12,2,191,22,2
27,829,19,2,7,12,3,216,19,3
27,830,19,2,7,12,3,234,17,4
27,831,19,2,7,12,3,250,32,4
27,832,18,2,6,12,4,271,47,4
27,833,19,3,6,13,4,285,52,5
27,834,20,4,6,14,4,300,70,5
27,835,20,4,6,14,4,311,83,5
27,836,21,5,6,15,4,323,97,5
27,837,22,6,6,16,4,334,111,5
27,838,21,6,5,16,5,338,125,5
27,839,21,5,5,16,5,337,138,5
27,840,21,5,5,16,5,336,156,5
27,841,21,5,5,16,5,335,172,5
27,842,22,6,5,17,5,342,190,5
27,843,22,5,5,17,5,348,198,6
27,844,22,5,5,17,5,358,214,6
27,845,23,6,5,18,5,365,228,6
27,846,23,6,5,18,5,373,244,6
27,847,23,6,5,18,5,380,260,6
27,848,23,6,5,18,5,387,275,6
27,849,22,5,4,18,6,394,292,6
27,850,22,4,4,18,6,399,306,6
28,800,10,0,10,0,0,30,5,0
28,801,10,0,10,0,0,34,8,0
28,802,10,0,10,0,0,40,4,1
28,803,10,0,10,0,0,54,9,1
28,804,11,1,10,1,0,68,13,1
28,805,12,2,10,2,0,77,18,1
28,806,12,2,10,2,0,83,23,1
28,807,12,2,10,2,0,87,27,1
28,808,12,2,10,2,0,92,32,1
28,809,12,2,10,2,0,96,37,1
28,810,12,2,10,2,0,104,41,1
28,811,12,2,10,2,0,118,46,1
28,812,12,2,10,2,0,132,50,1
28,813,13,3,10,3,0,142,54,1
28,814,13,3,10,3,0,148,59,1
28,815,13,3,10,3,0,155,63,1
28,816,13,3,10,3,0,162,58,2
28,817,13,3,10,3,0,176,61,2
28,818,13,3,10,3,0,188,65,2
28,819,14,4,10,4,0,206,68,2
28,820,14,3,10,4,0,216,72,2
28,821,14,2,10,4,0,226,75,2
28,822,14,2,10,4,0,234,78,2
28,823,14,2,10,4,0,246,81,2
28,824,14,2,10,4,0,258,84,2
28,825,14,2,10,4,0,269,87,2
28,826,14,2,10,4,0,280,89,2
28,827,14,2,10,4,0,291,92,2
28,828,14,2,10,4,0,299,95,2
28,829,14,1,10,4,0,306,97,2
28,830,14,1,10,4,0,314,100,2
28,831,14,1,10,4,0,319,102,2
28,832,14,1,10,4,0,326,105,2
28,833,14,1,10,4,0,331,106,2
28,834,14,1,10,4,0,334,109,2
28,835,14,1,9,5,1,340,111,2
28,836,14,1,9,5,1,337,114,2
28,837,13,1,8,5,2,335,115,2
28,838,14,2,8,6,2,334,116,2
28,839,14,2,8,6,2,330,116,2
28,840,14,2,8,6,2,327,118,2
28,841,14,2,8,6,2,323,119,2
28,842,14,2,8,6,2,319,119,2
28,843,13,2,7,6,3,316,119,2
28,844,14,3,7,7,3,309,110,3
28,845,14,3,7,7,3,302,110,3
28,846,14,3,7,7,3,294,110,3
28,847,13,3,6,7,4,289,111,3
28,848,12,2,6,7,5,283,109,3
28,849,12,2,6,7,5,278,107,3
28,850,12,2,6,7,5,271,105,3
29,800,10,0,10,0,0,30,5,0
29,801,11,1,10,1,0,27,10,0
29,802,12,2,10,2,0,24,8,1
29,803,12,2,10,2,0,19,17,1
29,804,12,2,10,2,0,15,26,1
29,805,12,2,10,2,0,11,35,1
29,806,12,2,10,2,0,6,42,1
29,807,12,2,10,2,0,5,51,1
29,808,12,2,10,2,0,4,62,1
29,809,12,2,10,2,0,1,73,1
29,810,12,2,10,2,0,1,82,1
29,811,12,2,10,2,0,0,92,1
29,812,12,2,10,2,0,0,103,1
29,813,12,2,10,2,0,0,114,1
29,814,12,2,10,2,0,0,124,1
29,815,12,2,10,2,0,0,134,1
29,816,12,2,10,2,0,0,145,1
29,817,12,1,10,2,0,0,156,1
29,818,12,0,10,2,0,0,165,1
29,819,12,0,10,2,0,0,175,1
29,820,12,0,10,2,0,0,185,1
29,821,11,0,9,2,1,2,195,1
29,822,11,0,9,2,1,3,204,1
29,823,11,0,9,2,1,5,204,2
29,824,11,0,9,2,1,13,212,2
29,825,10,0,8,2,2,20,222,2
29,826,10,0,8,2,2,28,227,2
29,827,11,1,8,3,2,37,233,2
29,828,10,1,7,3,3,36,230,3
29,829,10,1,7,3,3,38,236,3
29,830,10,1,7,3,3,39,240,3
29,831,11,2,7,4,3,40,247,3
29,832,11,2,7,4,3,38,253,3
29,833,11,2,7,4,3,38,258,3
29,834,12,3,7,5,3,37,263,3
29,835,12,3,7,5,3,32,268,3
29,836,12,3,7,5,3,28,273,3
29,837,12,3,7,5,3,25,278,3
29,838,12,3,7,5,3,21,282,3
29,839,12,3,7,5,3,17,286,3
29,840,12,3,7,5,3,19,289,3
29,841,12,3,7,5,3,22,293,3
29,842,10,3,5,5,5,28,297,3
29,843,10,2,5,5,5,28,301,3
29,844,9,2,4,5,6,29,305,3
29,845,9,2,4,5,6,26,308,3
29,846,9,2,4,5,6,24,312,3
29,847,9,1,4,5,6,22,314,3
29,848,9,1,4,5,6,22,319,3
29,849,8,1,3,5,7,25,323,3
29,850,8,0,3,5,7,26,330,2
30,800,10,0,10,0,0,30,5,0
30,801,10,0,10,0,0,31,9,0
30,802,11,1,10,1,0,35,5,1
30,803,11,1,10,1,0,39,1,2
30,804,10,0,10,1,1,51,7,2
30,805,10,0,10,1,1,66,12,2
30,806,10,0,10,1,1,82,7,3
30,807,11,1,10,2,1,99,15,3
30,808,11,1,10,2,1,110,21,3
30,809,11,1,10,2,1,120,27,3
30,810,12,2,10,3,1,130,34,3
30,811,12,2,10,3,1,140,37,3
30,812,13,3,10,4,1,149,40,3
30,813,13,3,10,4,1,158,43,3
30,814,13,3,10,4,1,164,46,3
30,815,14,4,10,5,1,173,48,3
30,816,14,4,10,5,1,180,54,3
30,817,14,4,10,5,1,186,61,3
30,818,14,4,10,5,1,192,65,3
30,819,14,4,10,5,1,201,72,3
30,820,14,4,10,5,1,205,79,3
30,821,14,4,10,5,1,218,83,3
30,822,14,4,10,5,1,229,90,3
30,823,14,3,10,5,1,244,95,3
30,824,14,3,10,5,1,255,100,3
30,825,14,3,10,5,1,265,106,3
30,826,14,2,10,5,1,276,111,3
30,827,14,2,10,5,1,283,116,3
30,828,14,1,10,5,1,290,121,3
30,829,14,1,10,5,1,299,125,3
30,830,14,1,10,5,1,303,121,4
30,831,15,1,10,6,1,310,124,4
30,832,14,1,9,6,2,317,127,4
30,833,14,1,9,6,2,322,130,4
30,834,15,2,9,7,2,325,133,4
30,835,15,2,9,7,2,328,136,4
30,836,15,2,9,7,2,328,127,5
30,837,15,3,8,8,3,331,129,5
30,838,15,3,8,8,3,334,128,5
30,839,15,3,8,8,3,335,126,5
30,840,14,3,7,8,4,338,125,5
30,841,12,3,5,8,6,340,123,5
30,842,12,3,5,8,6,332,122,5
30,843,12,3,5,8,6,325,121,5
30,844,11,3,4,8,7,319,120,5
30,845,11,3,4,8,7,308,124,4
30,846,10,3,3,8,8,299,124,4
30,847,10,2,3,8,8,289,121,4
30,848,11,3,3,9,8,279,118,4
30,849,11,3,3,9,8,267,117,4
30,850,11,2,3,9,8,254,116,4
31,800,10,0,10,0,0,30,5,0
31,801,11,1,10,1,0,41,7,0
31,802,11,1,10,1,0,52,9,0
31,803,11,1,10,1,0,61,11,0
31,804,11,1,10,1,0,73,13,0
31,805,11,1,10,1,0,85,15,0
31,806,11,1,10,1,0,95,17,0
31,807,11,1,10,1,0,110,19,0
31,808,11,1,10,1,0,123,21,0
31,809,11,1,10,1,0,140,13,1
31,810,11,1,10,1,0,162,14,1
31,811,11,1,10,1,0,187,15,1
31,812,11,1,10,1,0,207,16,1
31,813,11,1,10,1,0,232,17,1
31,814,11,1,10,1,0,253,18,1
31,815,11,1,10,1,0,275,19,1
31,816,11,1,10,1,0,298,20,1
31,817,11,0,10,1,0,319,21,1
31,818,11,0,10,1,0,340,22,1
31,819,11,0,10,1,0,359,23,1
31,820,11,0,10,1,0,378,24,1
31,821,10,0,9,1,1,398,17,2
31,822,10,0,9,1,1,413,21,2
31,823,10,0,9,1,1,429,25,2
31,824,10,0,9,1,1,445,29,2
31,825,10,0,9,1,1,459,33,2
31,826,10,0,9,1,1,471,36,2
31,827,10,0,9,1,1,483,40,2
31,828,10,0,9,1,1,496,43,2
31,829,10,0,9,1,1,506,47,2
31,830,9,0,8,1,2,519,50,2
31,831,9,0,8,1,2,525,53,2
31,832,9,0,8,1,2,533,56,2
31,833,9,0,8,1,2,541,59,2
31,834,9,0,8,1,2,546,62,2
31,835,10,1,8,2,2,550,55,3
31,836,10,1,8,2,2,556,55,3
31,837,10,1,8,2,2,560,55,3
31,838,9,1,7,2,3,567,54,3
31,839,10,2,7,3,3,569,54,3
31,840,9,2,6,3,4,573,53,3
31,841,9,2,6,3,4,573,53,3
31,842,9,2,6,3,4,575,52,3
31,843,8,2,5,3,5,577,51,3
31,844,8,2,5,3,5,578,48,3
31,845,7,2,4,3,6,584,49,3
31,846,6,2,3,3,7,588,50,3
31,847,6,2,3,3,7,589,51,3
31,848,6,2,3,3,7,591,52,3
31,849,6,2,3,3,7,593,54,3
31,850,5,2,2,3,8,598,57,3
32,800,10,0,10,0,0,30,5,0
32,801,10,0,10,0,0,39,6,0
32,802,11,1,10,1,0,54,8,0
32,803,11,1,10,1,0,64,10,0
32,804,12,2,10,2,0,74,11,0
32,805,12,2,10,2,0,79,13,0
32,806,12,2,10,2,0,85,15,0
32,807,13,3,10,3,0,89,16,0
32,808,14,4,10,4,0,94,8,1
32,809,14,4,10,4,0,101,9,1
32,810,14,4,10,4,0,110,9,1
32,811,15,5,10,5,0,120,10,1
32,812,15,5,10,5,0,129,11,1
32,813,16,6,10,6,0,141,12,1
32,814,16,6,10,6,0,149,12,1
32,815,17,7,10,7,0,157,13,1
32,816,17,7,10,7,0,163,14,1
32,817,18,8,10,8,0,170,14,1
32,818,19,8,10,9,0,172,15,1
32,819,19,8,10,9,0,174,16,1
32,820,19,7,10,9,0,174,6,2
32,821,19,7,10,9,0,175,12,2
32,822,19,7,10,9,0,176,18,2
32,823,19,6,10,9,0,175,25,2
32,824,19,5,10,9,0,179,31,2
32,825,19,5,10,9,0,184,38,2
32,826,19,5,10,9,0,186,47,2
32,827,19,4,10,9,0,190,56,2
32,828,19,4,10,9,0,189,66,2
32,829,19,3,10,9,0,188,75,2
32,830,19,3,10,9,0,187,86,2
32,831,19,2,10,9,0,184,85,3
32,832,19,2,10,9,0,186,84,4
32,833,19,1,10,9,0,182,95,4
32,834,19,0,10,9,0,180,97,5
32,835,20,1,10,10,0,175,108,5
32,836,19,1,9,10,1,172,110,6
32,837,19,1,9,10,1,164,119,6
32,838,19,2,8,11,2,158,130,6
32,839,18,2,7,11,3,151,142,6
32,840,18,2,7,11,3,140,153,6
32,841,20,4,7,13,3,129,163,6
32,842,20,4,7,13,3,118,173,6
32,843,20,4,7,13,3,104,184,6
32,844,20,4,7,13,3,89,195,6
32,845,20,4,7,13,3,74,205,6
32,846,21,5,7,14,3,59,214,6
32,847,22,6,7,15,3,41,224,6
32,848,22,6,7,15,3,23,235,6
32,849,22,6,7,15,3,5,246,6
32,850,22,6,7,15,3,0,255,6
33,800,10,0,10,0,0,30,5,0
33,801,10,0,10,0,0,32,8,0
33,802,11,1,10,1,0,39,4,1
33,803,11,1,10,1,0,47,7,1
33,804,11,1,10,1,0,52,12,1
33,805,12,2,10,2,0,59,5,2
33,806,13,3,10,3,0,72,8,2
33,807,13,3,10,3,0,80,11,2
33,808,16,6,10,6,0,89,15,2
33,809,16,6,10,6,0,89,15,2
33,810,16,6,10,6,0,91,17,2
33,811,17,7,10,7,0,92,18,2
33,812,17,7,10,7,0,95,19,2
33,813,18,8,10,8,0,100,21,2
33,814,19,9,10,9,0,109,21,2
33,815,19,9,10,9,0,117,23,2
33,816,19,9,10,9,0,126,24,2
33,817,19,9,10,9,0,134,25,2
33,818,19,8,10,9,0,142,26,2
33,819,19,8,10,9,0,153,27,2
33,820,19,8,10,9,0,163,30,2
33,821,19,7,10,9,0,173,35,2
33,822,19,6,10,9,0,181,42,2
33,823,19,6,10,9,0,187,48,2
33,824,19,3,10,9,0,190,54,2
33,825,19,3,10,9,0,195,61,2
33,826,19,3,10,9,0,196,77,2
33,827,19,2,10,9,0,198,95,2
33,828,19,2,10,9,0,198,114,2
33,829,19,1,10,9,0,195,133,2
33,830,19,0,10,9,0,191,150,2
33,831,20,1,10,10,0,187,159,3
33,832,20,1,10,10,0,181,162,4
33,833,20,1,10,10,0,173,179,4
33,834,20,1,10,10,0,164,195,4
33,835,20,1,10,10,0,155,211,4
33,836,20,1,10,10,0,146,226,4
33,837,21,2,10,11,0,136,242,4
33,838,20,2,9,11,1,125,260,4
33,839,20,2,9,11,1,112,274,4
33,840,21,3,9,12,1,98,289,4
33,841,21,4,8,13,2,84,300,4
33,842,21,4,8,13,2,65,313,4
33,843,21,4,8,13,2,45,323,4
33,844,21,4,8,13,2,25,337,4
33,845,20,4,7,13,3,6,348,4
33,846,18,4,5,13,5,6,355,5
33,847,16,3,3,13,7,2,376,5
33,848,16,3,3,13,7,0,393,5
33,849,15,3,2,13,8,0,410,5
33,850,15,3,2,13,8,0,425,5
34,800,10,0,10,0,0,30,5,0
34,801,10,0,10,0,0,37,8,0
34,802,10,0,10,0,0,49,12,0
34,803,10,0,10,0,0,63,16,0
34,804,10,0,10,0,0,75,19,0
34,805,11,1,10,1,0,87,13,1
34,806,11,1,10,1,0,104,6,2
34,807,12,2,10,2,0,122,10,2
34,808,12,2,10,2,0,132,13,2
34,809,13,3,10,3,0,143,17,2
34,810,14,4,10,4,0,151,20,2
34,811,14,4,10,4,0,154,23,2
34,812,15,5,10,5,0,159,27,2
34,813,16,6,10,6,0,161,30,2
34,814,16,6,10,6,0,162,35,2
34,815,16,6,10,6,0,164,38,2
34,816,16,6,10,6,0,170,41,2
34,817,16,6,10,6,0,175,45,2
34,818,16,6,10,6,0,188,48,2
34,819,16,6,10,6,0,204,51,2
34,820,16,6,10,6,0,221,55,2
34,821,16,5,10,6,0,237,58,2
34,822,16,5,10,6,0,253,61,2
34,823,16,4,10,6,0,268,65,2
34,824,16,4,10,6,0,281,68,2
34,825,16,3,10,6,0,292,70,2
34,826,16,2,10,6,0,304,82,2
34,827,16,2,10,6,0,314,93,2
34,828,16,1,10,6,0,322,93,3
34,829,17,1,10,7,0,330,106,3
34,830,17,1,10,7,0,334,118,3
34,831,18,2,10,8,0,340,119,4
34,832,18,2,10,8,0,342,133,4
34,833,19,3,10,9,0,344,147,4
34,834,20,4,10,10,0,341,149,5
34,835,20,4,10,10,0,339,162,5
34,836,19,4,9,10,1,339,174,5
34,837,19,4,9,10,1,337,184,5
34,838,19,4,9,10,1,334,194,5
34,839,20,5,9,11,1,332,206,5
34,840,20,5,9,11,1,324,215,5
34,841,20,5,9,11,1,319,226,5
34,842,19,5,8,11,2,314,235,5
34,843,19,5,8,11,2,307,245,5
34,844,19,6,7,12,3,301,255,5
34,845,19,5,7,12,3,291,256,6
34,846,18,5,6,12,4,286,265,6
34,847,18,5,5,13,5,274,273,6
34,848,18,5,5,13,5,259,282,6
34,849,18,4,5,13,5,242,291,6
34,850,18,3,5,13,5,224,299,6
35,800,10,0,10,0,0,30,5,0
35,801,10,0,10,0,0,35,0,1
35,802,10,0,10,0,0,49,5,1
35,803,10,0,10,0,0,62,10,1
35,804,11,1,10,1,0,78,15,1
35,805,11,1,10,1,0,88,20,1
35,806,12,2,10,2,0,98,25,1
35,807,12,2,10,2,0,103,30,1
35,808,12,2,10,2,0,109,35,1
35,809,13,3,10,3,0,114,40,1
35,810,14,4,10,4,0,122,45,1
35,811,14,4,10,4,0,125,51,1
35,812,15,5,10,5,0,128,56,1
35,813,15,5,10,5,0,130,61,1
35,814,16,6,10,6,0,132,66,1
35,815,16,6,10,6,0,134,71,1
35,816,16,6,10,6,0,133,76,1
35,817,16,6,10,6,0,135,80,1
35,818,16,6,10,6,0,139,85,1
35,819,16,7,9,7,1,145,90,1
35,820,16,6,9,7,1,145,94,1
35,821,16,6,9,7,1,144,99,1
35,822,17,6,9,8,1,143,93,2
35,823,17,6,9,8,1,138,100,2
35,824,17,6,9,8,1,134,107,2
35,825,17,5,9,8,1,128,103,3
35,826,17,4,9,8,1,122,111,3
35,827,17,4,9,8,1,114,117,3
35,828,17,3,9,8,1,107,124,3
35,829,17,3,9,8,1,101,130,3
35,830,17,2,9,8,1,93,137,3
35,831,16,2,8,8,2,86,133,4
35,832,16,3,7,9,3,80,136,4
35,833,16,3,7,9,3,70,137,4
35,834,16,3,7,9,3,60,140,4
35,835,16,2,7,9,3,50,141,4
35,836,16,2,7,9,3,37,144,4
35,837,16,2,7,9,3,26,145,4
35,838,16,1,7,9,3,12,146,4
35,839,16,1,7,9,3,0,138,5
35,840,16,1,7,9,3,0,138,5
35,841,16,1,7,9,3,41,138,5
35,842,16,1,7,9,3,85,138,5
35,843,16,2,6,10,4,131,138,5
35,844,16,3,5,11,5,164,137,5
35,845,16,3,5,11,5,192,135,5
35,846,16,4,4,12,6,217,133,5
35,847,16,4,4,12,6,238,132,5
35,848,16,4,3,13,7,261,135,4
35,849,16,4,3,13,7,287,131,4
35,850,16,4,3,13,7,318,128,4
36,800,10,0,10,0,0,30,5,0
36,801,10,1,9,1,1,35,9,0
36,802,10,1,9,1,1,35,15,0
36,803,11,2,9,2,1,36,10,1
36,804,12,3,9,3,1,43,12,1
36,805,13,4,9,4,1,42,15,1
36,806,13,4,9,4,1,39,18,1
36,807,14,5,9,5,1,37,21,1
36,808,17,8,9,8,1,33,22,1
36,809,17,8,9,8,1,26,23,1
36,810,17,8,9,8,1,20,24,1
36,811,17,8,9,8,1,13,25,1
36,812,17,8,9,8,1,7,26,1
36,813,17,8,9,8,1,0,28,1
36,814,17,8,9,8,1,5,33,1
36,815,17,8,9,8,1,7,38,1
36,816,17,8,9,8,1,12,42,1
36,817,17,7,9,8,1,15,46,1
36,818,17,7,9,8,1,18,51,1
36,819,17,6,9,8,1,19,55,1
36,820,17,5,9,8,1,20,60,1
36,821,17,4,9,8,1,34,63,1
36,822,17,4,9,8,1,51,67,1
36,823,17,3,9,8,1,64,71,1
36,824,17,0,9,8,1,75,76,1
36,825,17,0,9,8,1,86,69,2
36,826,17,0,9,8,1,100,71,2
36,827,18,1,9,9,1,115,55,4
36,828,18,1,9,9,1,134,45,5
36,829,18,1,9,9,1,151,44,5
36,830,18,1,9,9,1,168,45,5
36,831,20,3,9,11,1,187,58,5
36,832,20,3,9,11,1,201,68,5
36,833,20,3,9,11,1,214,78,5
36,834,20,3,9,11,1,227,89,5
36,835,21,4,9,12,1,238,99,5
36,836,21,4,9,12,1,249,109,5
36,837,21,5,8,13,2,262,124,5
36,838,21,5,8,13,2,263,136,5
36,839,23,7,8,15,2,267,149,5
36,840,23,7,8,15,2,267,158,5
36,841,23,7,8,15,2,264,167,5
36,842,24,8,8,16,2,263,175,5
36,843,22,7,6,16,4,264,175,6
36,844,22,7,6,16,4,266,181,6
36,845,22,7,6,16,4,278,190,6
36,846,21,7,5,16,5,290,201,6
36,847,21,5,5,16,5,294,211,6
36,848,20,5,4,16,6,303,221,6
36,849,20,5,4,16,6,307,233,6
36,850,20,5,4,16,6,310,243,6
37,800,10,0,10,0,0,30,5,0
37,801,11,1,10,1,0,39,7,0
37,802,12,2,10,2,0,53,7,0
37,803,12,2,10,2,0,61,7,0
37,804,12,2,10,2,0,69,7,0
37,805,12,2,10,2,0,78,7,0
37,806,12,2,10,2,0,87,7,0
37,807,12,2,10,2,0,97,9,0
37,808,14,4,10,4,0,108,11,0
37,809,15,5,10,5,0,110,13,0
37,810,15,5,10,5,0,111,13,0
37,811,18,8,10,8,0,115,13,0
37,812,19,9,10,9,0,108,13,0
37,813,19,9,10,9,0,103,13,0
37,814,19,9,10,9,0,97,13,0
37,815,21,11,10,11,0,90,13,0
37,816,21,11,10,11,0,83,13,0
37,817,21,10,10,11,0,79,13,0
37,818,21,9,10,11,0,70,15,0
37,819,22,10,10,12,0,65,7,1
37,820,22,10,10,12,0,60,8,1
37,821,22,10,10,12,0,63,10,1
37,822,23,11,10,13,0,66,13,1
37,823,23,11,10,13,0,69,16,1
37,824,22,9,9,13,1,67,18,1
37,825,22,8,9,13,1,66,21,1
37,826,22,8,9,13,1,63,30,1
37,827,22,5,9,13,1,55,39,1
37,828,22,4,9,13,1,46,46,1
37,829,22,4,9,13,1,38,56,1
37,830,22,4,9,13,1,30,56,2
37,831,22,2,9,13,1,44,66,2
37,832,22,2,9,13,1,60,76,2
37,833,21,2,8,13,2,76,87,2
37,834,21,2,8,13,2,90,85,3
37,835,22,2,8,14,2,103,96,3
37,836,24,4,8,16,2,114,112,3
37,837,24,4,8,16,2,105,129,3
37,838,24,3,8,16,2,97,146,3
37,839,24,3,8,16,2,87,162,3
37,840,23,3,7,16,3,78,159,5
37,841,24,4,7,17,3,86,181,5
37,842,24,4,7,17,3,97,201,5
37,843,25,5,7,18,3,107,225,5
37,844,25,5,7,18,3,108,245,5
37,845,25,5,7,18,3,111,268,5
37,846,24,6,5,19,5,116,289,5
37,847,23,6,4,19,6,117,292,7
37,848,23,6,4,19,6,122,313,7
37,849,23,6,4,19,6,136,324,8
37,850,23,6,4,19,6,153,346,8
38,800,10,0,10,0,0,30,5,0
38,801,11,1,10,1,0,28,0,1
38,802,12,2,10,2,0,32,7,1
38,803,13,3,10,3,0,34,1,2
38,804,14,4,10,4,0,46,3,2
38,805,15,5,10,5,0,46,4,2
38,806,15,5,10,5,0,45,4,2
38,807,16,6,10,6,0,45,8,2
38,808,17,7,10,7,0,45,12,2
38,809,17,7,10,7,0,43,17,2
38,810,17,7,10,7,0,48,22,2
38,811,17,7,10,7,0,52,28,2
38,812,17,7,10,7,0,58,34,2
38,813,18,8,10,8,0,63,41,2
38,814,19,9,10,9,0,67,49,2
38,815,19,9,10,9,0,64,56,2
38,816,19,9,10,9,0,60,63,2
38,817,19,8,10,9,0,54,70,2
38,818,19,7,10,9,0,48,77,2
38,819,20,7,10,10,0,43,86,2
38,820,20,6,10,10,0,32,94,2
38,821,19,5,9,10,1,49,102,2
38,822,19,5,9,10,1,61,110,2
38,823,19,4,9,10,1,71,120,2
38,824,19,3,9,10,1,80,127,2
38,825,19,3,9,10,1,96,124,3
38,826,20,4,9,11,1,115,130,3
38,827,20,4,9,11,1,135,118,5
38,828,22,6,9,13,1,159,120,5
38,829,22,6,8,14,2,165,125,5
38,830,22,5,8,14,2,162,128,5
38,831,22,5,8,14,2,160,131,5
38,832,23,6,8,15,2,170,135,5
38,833,23,6,8,15,2,176,138,5
38,834,24,7,8,16,2,191,140,5
38,835,23,6,7,16,3,207,142,5
38,836,23,6,7,16,3,220,143,5
38,837,23,6,7,16,3,234,145,5
38,838,24,7,7,17,3,246,145,5
38,839,24,7,7,17,3,259,145,5
38,840,23,7,6,17,4,272,145,5
38,841,24,8,6,18,4,285,145,5
38,842,23,7,5,18,5,297,133,6
38,843,24,8,5,19,5,311,129,6
38,844,24,6,5,19,5,319,125,6
38,845,24,5,5,19,5,327,121,6
38,846,23,5,4,19,6,336,116,6
38,847,24,6,4,20,6,346,111,6
38,848,25,6,4,21,6,352,96,7
38,849,25,6,4,21,6,357,91,7
38,850,25,5,4,21,6,362,85,7
39,800,10,0,10,0,0,30,5,0
39,801,11,1,10,1,0,29,0,1
39,802,11,1,10,1,0,35,7,1
39,803,11,1,10,1,0,41,13,1
39,804,11,1,10,1,0,47,19,1
39,805,12,2,10,2,0,54,27,1
39,806,12,2,10,2,0,56,32,1
39,807,12,2,10,2,0,61,38,1
39,808,12,2,10,2,0,67,45,1
39,809,12,2,10,2,0,72,52,1
39,810,12,2,10,2,0,76,58,1
39,811,12,2,10,2,0,81,66,1
39,812,12,2,10,2,0,84,75,1
39,813,12,2,10,2,0,88,82,1
39,814,13,3,10,3,0,93,91,1
39,815,13,3,10,3,0,96,98,1
39,816,13,3,10,3,0,100,103,1
39,817,13,2,10,3,0,101,110,1
39,818,13,2,10,3,0,101,116,1
39,819,13,2,10,3,0,102,123,1
39,820,13,2,10,3,0,103,131,1
39,821,12,1,9,3,1,103,139,1
39,822,12,1,9,3,1,99,147,1
39,823,12,1,9,3,1,93,155,1
39,824,12,1,9,3,1,91,162,1
39,825,11,1,8,3,2,93,150,3
39,826,12,2,8,4,2,92,157,3
39,827,12,2,8,4,2,92,164,3
39,828,12,2,8,4,2,89,171,3
39,829,12,2,8,4,2,88,180,3
39,830,12,1,8,4,2,83,186,3
39,831,12,1,8,4,2,80,193,3
39,832,12,1,8,4,2,76,198,3
39,833,12,1,8,4,2,70,205,3
39,834,13,2,8,5,2,66,210,3
39,835,13,2,8,5,2,59,217,3
39,836,13,2,8,5,2,52,222,3
39,837,13,2,8,5,2,46,226,3
39,838,13,2,8,5,2,38,232,3
39,839,14,3,8,6,2,30,237,3
39,840,13,3,7,6,3,21,242,3
39,841,13,3,7,6,3,24,246,3
39,842,13,2,7,6,3,26,249,3
39,843,13,2,7,6,3,27,251,3
39,844,12,2,6,6,4,31,254,3
39,845,12,2,6,6,4,33,255,3
39,846,12,2,6,6,4,35,256,3
39,847,12,2,6,6,4,39,257,3
39,848,12,2,6,6,4,41,257,3
39,849,10,2,4,6,6,46,259,3
39,850,10,1,4,6,6,47,259,3
40,800,10,0,10,0,0,30,5,0
40,801,10,0,10,0,0,40,6,0
40,802,11,1,10,1,0,53,8,0
40,803,11,1,10,1,0,65,10,0
40,804,11,1,10,1,0,75,2,1
40,805,11,1,10,1,0,94,3,1
40,806,12,2,10,2,0,113,4,1
40,807,13,3,10,3,0,129,5,1
40,808,14,4,10,4,0,141,6,1
40,809,14,4,10,4,0,146,7,1
40,810,14,4,10,4,0,150,8,1
40,811,15,5,10,5,0,154,9,1
40,812,16,6,10,6,0,161,10,1
40,813,16,6,10,6,0,165,10,1
40,814,16,6,10,6,0,172,11,1
40,815,16,6,10,6,0,177,12,1
40,816,16,6,10,6,0,180,13,1
40,817,16,6,10,6,0,194,14,1
40,818,16,5,10,6,0,209,15,1
40,819,16,5,10,6,0,222,16,1
40,820,16,5,10,6,0,237,17,1
40,821,16,5,10,6,0,249,19,1
40,822,15,4,9,6,1,265,22,1
40,823,15,3,9,6,1,277,25,1
40,824,15,2,9,6,1,284,17,2
40,825,15,2,9,6,1,296,8,3
40,826,15,2,9,6,1,314,18,3
40,827,15,1,9,6,1,327,30,3
40,828,15,0,9,6,1,338,43,3
40,829,15,0,9,6,1,350,54,3
40,830,15,0,9,6,1,362,66,3
40,831,15,0,9,6,1,371,82,3
40,832,15,0,9,6,1,380,99,3
40,833,15,0,9,6,1,388,116,3
40,834,15,0,9,6,1,394,135,3
40,835,15,0,9,6,1,400,142,4
40,836,15,0,9,6,1,404,160,4
40,837,14,0,8,6,2,410,179,4
40,838,13,0,7,6,3,419,196,4
40,839,13,0,7,6,3,421,211,4
40,840,14,1,7,7,3,422,229,4
40,841,13,1,6,7,4,425,242,4
40,842,13,1,6,7,4,423,255,4
40,843,14,2,6,8,4,421,268,4
40,844,14,2,6,8,4,417,281,4
40,845,13,2,5,8,5,416,294,4
40,846,14,3,5,9,5,415,308,4
40,847,13,3,4,9,6,414,312,5
40,848,13,3,4,9,6,410,326,5
40,849,13,3,4,9,6,406,340,5
40,850,14,4,4,10,6,401,353,5
41,800,10,0,10,0,0,30,5,0
41,801,11,1,10,1,0,39,7,0
41,802,11,1,10,1,0,51,7,0
41,803,13,3,10,3,0,64,7,0
41,804,13,3,10,3,0,67,7,0
41,805,13,3,10,3,0,68,7,0
41,806,14,4,10,4,0,71,7,0
41,807,15,5,10,5,0,72,7,0
41,808,15,5,10,5,0,73,7,0
41,809,15,5,10,5,0,77,7,0
41,810,15,5,10,5,0,82,7,0
41,811,16,6,10,6,0,87,7,0
41,812,16,6,10,6,0,86,9,0
41,813,17,7,10,7,0,89,11,0
41,814,17,7,10,7,0,87,13,0
41,815,17,7,10,7,0,83,15,0
41,816,17,7,10,7,0,80,17,0
41,817,17,6,10,7,0,81,19,0
41,818,17,6,10,7,0,82,22,0
41,819,17,4,10,7,0,85,24,0
41,820,17,4,10,7,0,88,26,0
41,821,17,4,10,7,0,89,21,1
41,822,18,4,10,8,0,95,30,1
41,823,18,3,10,8,0,98,35,1
41,824,18,3,10,8,0,101,40,1
41,825,18,3,10,8,0,103,39,2
41,826,19,4,10,9,0,105,49,2
41,827,19,3,10,9,0,103,61,2
41,828,19,3,10,9,0,103,71,2
41,829,19,2,10,9,0,101,72,3
41,830,18,2,9,9,1,97,84,3
41,831,19,3,9,10,1,93,101,3
41,832,19,3,9,10,1,91,106,4
41,833,19,3,9,10,1,87,126,4
41,834,20,4,9,11,1,81,145,4
41,835,21,5,9,12,1,75,165,4
41,836,22,6,9,13,1,66,180,4
41,837,23,7,9,14,1,53,192,4
41,838,22,6,8,14,2,43,203,4
41,839,22,6,8,14,2,29,213,4
41,840,21,6,7,14,3,13,225,4
41,841,21,6,7,14,3,2,229,5
41,842,21,5,7,14,3,0,249,5
41,843,21,5,7,14,3,0,267,5
41,844,20,5,6,14,4,0,286,5
41,845,20,5,6,14,4,0,304,5
41,846,20,5,6,14,4,2,323,5
41,847,19,4,5,14,5,7,340,5
41,848,19,4,5,14,5,12,361,5
41,849,19,4,5,14,5,16,379,5
41,850,19,3,5,14,5,19,398,5
42,800,10,0,10,0,0,30,5,0
42,801,10,0,10,0,0,30,0,1
42,802,10,0,10,0,0,42,7,1
42,803,12,2,10,2,0,52,14,1
42,804,13,3,10,3,0,53,18,1
42,805,13,3,10,3,0,49,13,2
42,806,14,4,10,4,0,51,19,2
42,807,14,4,10,4,0,51,24,2
42,808,16,6,10,6,0,49,30,2
42,809,16,6,10,6,0,39,38,2
42,810,16,6,10,6,0,29,45,2
42,811,16,6,10,6,0,18,53,2
42,812,16,6,10,6,0,14,62,2
42,813,16,6,10,6,0,12,68,2
42,814,16,6,10,6,0,22,75,2
42,815,16,6,10,6,0,28,83,2
42,816,16,6,10,6,0,38,90,2
42,817,16,6,10,6,0,46,98,2
42,818,16,6,10,6,0,54,104,2
42,819,16,4,10,6,0,60,112,2
42,820,17,4,10,7,0,65,119,2
42,821,17,4,10,7,0,61,127,2
42,822,17,3,10,7,0,64,124,3
42,823,17,3,10,7,0,69,128,3
42,824,17,1,10,7,0,73,135,3
42,825,17,1,10,7,0,78,140,3
42,826,17,1,10,7,0,80,135,4
42,827,17,1,10,7,0,83,138,4
42,828,17,1,10,7,0,85,143,4
42,829,17,1,10,7,0,87,147,4
42,830,17,1,10,7,0,87,150,4
42,831,17,1,10,7,0,88,153,4
42,832,18,2,10,8,0,87,155,4
42,833,17,2,9,8,1,87,149,5
42,834,17,2,9,8,1,88,150,5
42,835,17,3,8,9,2,90,152,5
42,836,17,2,8,9,2,85,153,5
42,837,17,2,8,9,2,77,155,5
42,838,17,2,8,9,2,69,156,5
42,839,17,2,8,9,2,60,156,5
42,840,16,2,7,9,3,52,158,5
42,841,16,2,7,9,3,45,156,5
42,842,15,2,6,9,4,39,155,5
42,843,15,2,6,9,4,30,153,5
42,844,15,2,6,9,4,19,151,5
42,845,15,2,6,9,4,7,149,5
42,846,15,2,6,9,4,54,148,5
42,847,14,2,5,9,5,104,146,5
42,848,14,1,5,9,5,148,144,5
42,849,14,1,5,9,5,192,142,5
42,850,14,1,5,9,5,239,140,5
43,800,10,0,10,0,0,30,5,0
43,801,11,1,10,1,0,37,9,0
43,802,12,2,10,2,0,44,3,1
43,803,12,2,10,2,0,51,8,1
43,804,12,2,10,2,0,56,3,2
43,805,14,4,10,4,0,71,7,2
43,806,14,4,10,4,0,84,11,2
43,807,14,4,10,4,0,96,15,2
43,808,15,5,10,5,0,110,20,2
43,809,16,6,10,6,0,110,24,2
43,810,16,6,10,6,0,112,28,2
43,811,16,6,10,6,0,117,32,2
43,812,16,6,10,6,0,122,36,2
43,813,17,7,10,7,0,127,40,2
43,814,17,7,10,7,0,131,44,2
43,815,17,7,10,7,0,137,47,2
43,816,17,7,10,7,0,143,51,2
43,817,17,6,10,7,0,149,55,2
43,818,17,5,10,7,0,152,58,2
43,819,17,5,10,7,0,166,62,2
43,820,17,5,10,7,0,178,64,2
43,821,17,3,10,7,0,189,69,2
43,822,17,3,10,7,0,197,77,2
43,823,17,3,10,7,0,206,84,2
43,824,17,2,10,7,0,215,90,2
43,825,17,1,10,7,0,222,96,2
43,826,17,1,10,7,0,227,92,3
43,827,18,2,10,8,0,232,97,3
43,828,18,2,10,8,0,234,92,4
43,829,18,1,10,8,0,235,97,4
43,830,19,2,10,9,0,235,102,4
43,831,19,2,10,9,0,232,97,5
43,832,20,3,10,10,0,231,102,5
43,833,21,4,10,11,0,228,108,5
43,834,21,4,10,11,0,220,113,5
43,835,21,5,9,12,1,215,118,5
43,836,21,5,9,12,1,209,120,5
43,837,21,5,9,12,1,200,113,6
43,838,20,5,8,12,2,197,114,6
43,839,20,5,8,12,2,191,116,6
43,840,20,5,8,12,2,185,117,6
43,841,20,5,8,12,2,176,119,6
43,842,21,6,8,13,2,167,121,6
43,843,21,5,8,13,2,158,122,6
43,844,20,5,7,13,3,147,124,6
43,845,21,6,7,14,3,132,125,6
43,846,21,5,7,14,3,117,127,6
43,847,21,5,7,14,3,100,128,6
43,848,20,4,6,14,4,84,130,6
43,849,20,3,6,14,4,68,129,6
43,850,19,3,5,14,5,51,130,6
44,800,10,0,10,0,0,30,5,0
44,801,10,0,10,0,0,33,8,0
44,802,11,1,10,1,0,39,14,0
44,803,11,1,10,1,0,42,19,0
44,804,11,1,10,1,0,44,25,0
44,805,13,3,10,3,0,48,30,0
44,806,13,3,10,3,0,42,35,0
44,807,13,3,10,3,0,36,40,0
44,808,14,4,10,4,0,33,46,0
44,809,14,4,10,4,0,29,51,0
44,810,14,4,10,4,0,26,57,0
44,811,14,4,10,4,0,25,61,0
44,812,14,4,10,4,0,23,67,0
44,813,14,4,10,4,0,23,73,0
44,814,14,4,10,4,0,25,78,0
44,815,14,4,10,4,0,28,74,1
44,816,14,4,10,4,0,35,78,1
44,817,14,4,10,4,0,41,84,1
44,818,14,3,10,4,0,47,90,1
44,819,14,3,10,4,0,51,96,1
44,820,14,3,10,4,0,55,101,1
44,821,14,1,10,4,0,58,107,1
44,822,14,1,10,4,0,58,111,1
44,823,14,1,10,4,0,58,117,1
44,824,14,0,10,4,0,58,122,1
44,825,14,0,10,4,0,56,128,1
44,826,13,0,10,4,1,56,132,1
44,827,13,0,10,4,1,56,137,1
44,828,13,0,10,4,1,55,142,1
44,829,12,0,9,4,2,54,146,1
44,830,11,0,8,4,3,56,149,1
44,831,11,0,8,4,3,54,153,1
44,832,11,0,8,4,3,51,155,1
44,833,11,0,8,4,3,48,158,1
44,834,11,0,8,4,3,45,161,1
44,835,11,0,8,4,3,40,164,1
44,836,11,0,8,4,3,37,166,1
44,837,11,0,8,4,3,31,169,1
44,838,10,0,7,4,4,26,172,1
44,839,10,0,7,4,4,18,174,1
44,840,9,0,6,4,5,11,178,1
44,841,8,0,5,4,6,14,179,1
44,842,8,0,5,4,6,17,186,0
44,843,8,0,5,4,6,21,187,0
44,844,8,0,5,4,6,25,188,0
44,845,7,0,4,4,7,31,190,0
44,846,7,0,4,4,7,34,191,0
44,847,6,0,3,4,8,41,192,0
44,848,6,0,3,4,8,44,194,0
44,849,6,0,3,4,8,47,195,0
44,850,6,0,3,4,8,51,196,0
45,800,10,0,10,0,0,30,5,0
45,801,10,0,10,0,0,30,10,0
45,802,12,2,10,2,0,33,8,1
45,803,13,3,10,3,0,43,1,2
45,804,13,3,10,3,0,53,3,2
45,805,14,4,10,4,0,61,5,2
45,806,15,5,10,5,0,61,7,2
45,807,15,5,10,5,0,61,9,2
45,808,14,4,10,5,1,62,13,2
45,809,14,4,10,5,1,76,17,2
45,810,14,4,10,5,1,90,20,2
45,811,15,5,10,6,1,104,24,2
45,812,16,6,10,7,1,116,28,2
45,813,16,6,10,7,1,128,30,2
45,814,16,6,10,7,1,140,32,2
45,815,16,6,10,7,1,151,34,2
45,816,16,6,10,7,1,162,36,2
45,817,17,7,10,8,1,172,40,2
45,818,17,5,10,8,1,180,43,2
45,819,17,4,10,8,1,185,47,2
45,820,17,4,10,8,1,190,51,2
45,821,17,4,10,8,1,194,63,2
45,822,17,3,10,8,1,197,75,2
45,823,17,3,10,8,1,199,89,2
45,824,17,3,10,8,1,200,103,2
45,825,17,3,10,8,1,201,106,3
45,826,18,4,10,9,1,200,113,4
45,827,18,3,10,9,1,196,131,4
45,828,18,2,10,9,1,193,149,4
45,829,18,2,10,9,1,186,165,4
45,830,20,4,10,11,1,182,181,4
45,831,20,4,10,11,1,171,199,4
45,832,20,4,10,11,1,162,217,4
45,833,20,3,10,11,1,151,232,4
45,834,21,4,10,12,1,139,250,4
45,835,21,4,10,12,1,123,266,4
45,836,21,4,10,12,1,110,271,5
45,837,22,5,10,13,1,94,288,5
45,838,21,6,8,14,3,80,306,5
45,839,21,6,8,14,3,62,311,6
45,840,21,6,8,14,3,40,328,6
45,841,20,6,7,14,4,23,342,6
45,842,19,5,6,14,5,4,356,6
45,843,18,5,5,14,6,0,371,6
45,844,18,5,5,14,6,0,385,6
45,845,18,5,5,14,6,0,403,5
45,846,18,3,5,14,6,12,418,5
45,847,18,3,5,14,6,27,431,5
45,848,18,3,5,14,6,41,435,6
45,849,19,4,5,15,6,61,437,7
45,850,19,3,5,15,6,67,450,7
46,800,10,0,10,0,0,30,5,0
46,801,10,0,10,0,0,34,8,0
46,802,12,2,10,2,0,41,14,0
46,803,12,2,10,2,0,39,19,0
46,804,13,3,10,3,0,36,15,1
46,805,13,3,10,3,0,33,20,1
46,806,14,4,10,4,0,31,24,1
46,807,14,4,10,4,0,27,29,1
46,808,14,4,10,4,0,26,34,1
46,809,15,5,10,5,0,27,37,1
46,810,16,6,10,6,0,35,32,2
46,811,16,6,10,6,0,36,38,2
46,812,17,7,10,7,0,39,42,2
46,813,17,7,10,7,0,33,48,2
46,814,17,7,10,7,0,26,52,2
46,815,17,7,10,7,0,23,58,2
46,816,17,7,10,7,0,27,63,2
46,817,17,7,10,7,0,31,68,2
46,818,17,5,10,7,0,39,73,2
46,819,17,5,10,7,0,50,78,2
46,820,17,4,10,7,0,56,83,2
46,821,17,4,10,7,0,64,86,2
46,822,17,3,10,7,0,70,91,2
46,823,17,3,10,7,0,76,95,2
46,824,17,3,10,7,0,81,99,2
46,825,17,2,10,7,0,86,103,2
46,826,17,1,10,7,0,88,107,2
46,827,17,1,10,7,0,90,111,2
46,828,17,0,10,7,0,92,113,2
46,829,17,0,10,7,0,92,117,2
46,830,17,0,10,7,0,89,110,3
46,831,17,0,10,7,0,86,112,3
46,832,18,1,10,8,0,83,113,3
46,833,18,1,10,8,0,81,116,3
46,834,16,1,8,8,2,78,117,3
46,835,17,2,8,9,2,74,116,3
46,836,15,1,7,9,4,73,115,3
46,837,16,2,7,10,4,68,104,4
46,838,16,2,7,10,4,66,101,4
46,839,16,2,7,10,4,63,98,4
46,840,17,3,7,11,4,60,95,4
46,841,17,3,7,11,4,54,92,4
46,842,17,3,7,11,4,48,89,4
46,843,17,3,7,11,4,41,86,4
46,844,16,3,6,11,5,38,83,4
46,845,15,3,5,11,6,34,79,4
46,846,15,4,4,12,7,30,75,4
46,847,15,4,4,12,7,19,71,4
46,848,14,3,3,12,8,9,67,4
46,849,14,3,3,12,8,0,63,4
46,850,14,3,3,12,8,0,59,4
47,800,10,0,10,0,0,30,5,0
47,801,10,0,10,0,0,30,9,0
47,802,10,0,10,0,0,34,17,0
47,803,11,1,10,1,0,38,25,0
47,804,11,1,10,1,0,42,29,0
47,805,11,1,10,1,0,45,35,0
47,806,11,1,10,1,0,48,31,1
47,807,12,2,10,2,0,53,36,1
47,808,12,2,10,2,0,60,43,1
47,809,12,2,10,2,0,66,49,1
47,810,12,2,10,2,0,71,55,1
47,811,12,2,10,2,0,77,61,1
47,812,12,2,10,2,0,83,67,1
47,813,12,2,10,2,0,89,76,1
47,814,12,2,10,2,0,93,82,1
47,815,12,2,10,2,0,98,91,1
47,816,12,2,10,2,0,103,98,1
47,817,12,2,10,2,0,106,105,1
47,818,12,2,10,2,0,111,103,2
47,819,12,1,10,2,0,121,108,2
47,820,12,1,10,2,0,130,116,2
47,821,12,1,10,2,0,140,121,2
47,822,12,1,10,2,0,150,126,2
47,823,11,0,9,2,1,159,134,2
47,824,10,0,8,2,2,169,138,2
47,825,10,0,8,2,2,172,143,2
47,826,10,0,8,2,2,175,147,2
47,827,10,0,8,2,2,178,152,2
47,828,10,0,8,2,2,180,156,2
47,829,9,0,7,2,3,183,159,2
47,830,8,0,6,2,4,189,163,2
47,831,8,0,6,2,4,189,165,2
47,832,8,0,6,2,4,189,167,2
47,833,8,0,6,2,4,189,169,2
47,834,7,0,5,2,5,191,172,2
47,835,7,0,5,2,5,190,174,2
47,836,7,0,5,2,5,190,176,2
47,837,7,1,4,3,6,189,178,2
47,838,6,1,3,3,7,187,179,2
47,839,6,1,3,3,7,184,180,2
47,840,6,1,3,3,7,182,181,2
47,841,6,1,3,3,7,179,181,2
47,842,7,2,3,4,7,176,182,2
47,843,7,2,3,4,7,171,182,2
47,844,7,2,3,4,7,166,182,2
47,845,7,2,3,4,7,162,183,2
47,846,8,3,3,5,7,157,183,2
47,847,8,3,3,5,7,150,183,2
47,848,7,3,2,5,8,146,183,2
47,849,7,3,2,5,8,142,181,2
47,850,7,3,2,5,8,138,179,2
48,800,10,0,10,0,0,30,5,0
48,801,10,0,10,0,0,41,5,0
48,802,11,1,10,1,0,59,5,0
48,803,13,3,10,3,0,73,5,0
48,804,13,3,10,3,0,76,5,0
48,805,13,3,10,3,0,80,5,0
48,806,15,5,10,5,0,84,5,0
48,807,15,5,10,5,0,86,5,0
48,808,15,5,10,5,0,92,5,0
48,809,15,5,10,5,0,98,5,0
48,810,15,5,10,5,0,102,5,0
48,811,15,5,10,5,0,108,5,0
48,812,15,5,10,5,0,118,5,0
48,813,15,5,10,5,0,131,5,0
48,814,15,5,10,5,0,144,5,0
48,815,15,5,10,5,0,154,5,0
48,816,15,5,10,5,0,167,5,0
48,817,15,5,10,5,0,177,5,0
48,818,15,4,10,5,0,188,5,0
48,819,15,2,10,5,0,195,5,0
48,820,15,2,10,5,0,202,5,0
48,821,15,2,10,5,0,209,8,0
48,822,15,0,10,5,0,214,14,0
48,823,15,0,10,5,0,217,19,0
48,824,15,0,10,5,0,220,24,0
48,825,15,0,10,5,0,223,19,1
48,826,14,1,8,6,2,232,28,1
48,827,14,1,8,6,2,233,36,1
48,828,12,1,6,6,4,236,46,1
48,829,12,1,6,6,4,233,46,2
48,830,12,1,6,6,4,233,55,2
48,831,12,1,6,6,4,235,67,2
48,832,13,2,6,7,4,234,79,2
48,833,14,3,6,8,4,233,89,2
48,834,14,3,6,8,4,230,86,3
48,835,15,4,6,9,4,233,93,3
48,836,15,4,6,9,4,233,100,3
48,837,15,4,6,9,4,232,107,3
48,838,15,4,6,9,4,230,114,3
48,839,17,6,6,11,4,229,126,3
48,840,16,6,5,11,5,226,124,4
48,841,17,7,5,12,5,225,129,4
48,842,17,6,5,12,5,220,131,4
48,843,18,7,5,13,5,215,134,4
48,844,17,7,4,13,6,209,136,4
48,845,17,7,4,13,6,200,145,4
48,846,17,7,4,13,6,190,154,4
48,847,17,7,4,13,6,178,166,4
48,848,17,6,4,13,6,166,177,4
48,849,17,5,4,13,6,153,189,4
48,850,17,5,4,13,6,138,201,4
49,800,10,0,10,0,0,30,5,0
49,801,11,1,10,1,0,30,0,1
49,802,12,2,10,2,0,34,9,1
49,803,13,3,10,3,0,29,18,1
49,804,13,3,10,3,0,19,26,1
49,805,13,3,10,3,0,9,35,1
49,806,13,3,10,3,0,0,44,1
49,807,13,3,10,3,0,0,52,1
49,808,13,3,10,3,0,1,61,1
49,809,13,3,10,3,0,6,69,1
49,810,13,3,10,3,0,10,78,1
49,811,13,3,10,3,0,16,87,1
49,812,13,3,10,3,0,21,96,1
49,813,13,3,10,3,0,26,104,1
49,814,13,3,10,3,0,31,112,1
49,815,13,3,10,3,0,35,121,1
49,816,13,3,10,3,0,39,128,1
49,817,14,3,10,4,0,44,136,1
49,818,14,2,10,4,0,37,143,1
49,819,14,1,10,4,0,30,152,1
49,820,14,1,10,4,0,30,160,1
49,821,13,1,9,4,1,31,168,1
49,822,13,1,9,4,1,31,176,1
49,823,13,1,9,4,1,30,174,2
49,824,14,2,9,5,1,28,172,3
49,825,14,2,9,5,1,26,184,3
49,826,13,2,8,5,2,38,195,3
49,827,13,2,8,5,2,49,203,3
49,828,13,2,8,5,2,60,212,3
49,829,13,2,8,5,2,74,221,3
49,830,13,2,8,5,2,85,228,3
49,831,13,2,8,5,2,97,237,3
49,832,13,2,8,5,2,109,244,3
49,833,13,1,8,5,2,117,252,3
49,834,13,1,8,5,2,128,260,3
49,835,13,1,8,5,2,135,267,3
49,836,13,1,8,5,2,145,273,3
49,837,13,1,8,5,2,153,269,4
49,838,13,2,7,6,3,163,275,4
49,839,13,2,7,6,3,170,278,4
49,840,14,2,7,7,3,177,281,4
49,841,15,3,7,8,3,174,283,4
49,842,15,3,7,8,3,169,292,3
49,843,15,3,7,8,3,172,295,3
49,844,15,3,7,8,3,175,297,3
49,845,15,3,7,8,3,180,300,3
49,846,15,3,7,8,3,180,302,3
49,847,15,3,7,8,3,181,304,3
49,848,15,3,7,8,3,183,306,3
49,849,14,2,7,8,4,184,307,3
49,850,14,2,7,8,4,184,309,3
50,800,10,0,10,0,0,30,5,0
50,801,10,0,10,0,0,27,12,0
50,802,10,0,10,0,0,27,22,0
50,803,11,1,10,1,0,28,31,0
50,804,11,1,10,1,0,23,41,0
50,805,11,1,10,1,0,17,50,0
50,806,11,1,10,1,0,14,60,0
50,807,11,1,10,1,0,9,69,0
50,808,11,1,10,1,0,5,79,0
50,809,11,1,10,1,0,3,89,0
50,810,11,1,10,1,0,2,97,0
50,811,11,1,10,1,0,2,107,0
50,812,11,1,10,1,0,1,115,0
50,813,11,1,10,1,0,0,115,1
50,814,11,1,10,1,0,6,123,1
50,815,11,1,10,1,0,13,132,1
50,816,11,1,10,1,0,22,131,2
50,817,11,1,10,1,0,32,140,2
50,818,11,1,10,1,0,41,148,2
50,819,11,0,10,1,0,52,158,2
50,820,11,0,10,1,0,61,165,2
50,821,11,0,10,1,0,71,175,2
50,822,11,0,10,1,0,80,184,2
50,823,11,0,10,1,0,89,192,2
50,824,11,0,10,1,0,98,202,2
50,825,11,0,10,1,0,107,210,2
50,826,11,0,10,1,0,114,217,2
50,827,11,0,10,1,0,124,226,2
50,828,11,0,10,1,0,131,234,2
50,829,11,0,10,1,0,138,242,2
50,830,11,0,10,1,0,144,249,2
50,831,11,0,10,1,0,150,256,2
50,832,11,0,10,1,0,156,264,2
50,833,11,0,10,1,0,162,270,2
50,834,11,0,10,1,0,166,276,2
50,835,10,0,9,1,1,172,283,2
50,836,9,0,8,1,2,178,289,2
50,837,9,0,8,1,2,181,294,2
50,838,9,0,8,1,2,185,298,2
50,839,8,0,7,1,3,189,303,2
50,840,8,0,7,1,3,193,306,2
50,841,8,0,7,1,3,198,299,3
50,842,8,0,7,1,3,201,304,3
50,843,8,0,7,1,3,203,308,3
50,844,8,0,7,1,3,207,312,3
50,845,8,0,7,1,3,209,316,3
50,846,7,0,6,1,4,212,320,3
50,847,7,0,6,1,4,210,323,3
50,848,7,0,6,1,4,207,326,3
50,849,7,0,6,1,4,205,331,3
50,850,5,0,4,1,6,206,335,3
51,800,10,0,10,0,0,30,5,0
51,801,10,0,10,0,0,36,8,0
51,802,10,0,10,0,0,45,12,0
51,803,10,0,10,0,0,55,16,0
51,804,12,2,10,2,0,64,19,0
51,805,13,3,10,3,0,68,11,1
51,806,13,3,10,3,0,69,12,1
51,807,13,3,10,3,0,71,13,1
51,808,14,4,10,4,0,73,14,1
51,809,14,4,10,4,0,74,15,1
51,810,14,4,10,4,0,78,8,2
51,811,14,4,10,4,0,91,10,2
51,812,15,5,10,5,0,104,11,2
51,813,15,5,10,5,0,110,13,2
51,814,15,5,10,5,0,124,15,2
51,815,15,5,10,5,0,138,16,2
51,816,15,5,10,5,0,153,18,2
51,817,15,5,10,5,0,166,20,2
51,818,15,5,10,5,0,184,21,2
51,819,15,5,10,5,0,203,22,2
51,820,15,3,10,5,0,216,24,2
51,821,15,2,10,5,0,230,27,2
51,822,15,2,10,5,0,245,33,2
51,823,15,2,10,5,0,259,38,2
51,824,15,1,10,5,0,270,43,2
51,825,15,1,10,5,0,282,48,2
51,826,15,1,10,5,0,292,49,3
51,827,15,1,10,5,0,303,64,3
51,828,15,0,10,5,0,311,80,3
51,829,15,0,10,5,0,319,92,3
51,830,15,0,10,5,0,326,106,3
51,831,15,0,10,5,0,334,121,3
51,832,15,0,10,5,0,340,136,3
51,833,15,0,10,5,0,345,152,3
51,834,14,0,9,5,1,351,155,4
51,835,14,0,9,5,1,357,166,4
51,836,14,0,9,5,1,360,179,4
51,837,14,0,9,5,1,366,191,4
51,838,14,0,9,5,1,370,203,4
51,839,14,0,9,5,1,371,214,4
51,840,14,0,9,5,1,372,226,4
51,841,14,0,9,5,1,373,238,4
51,842,14,0,9,5,1,374,251,4
51,843,15,1,9,6,1,374,262,4
51,844,15,1,9,6,1,372,273,4
51,845,14,1,8,6,2,372,275,5
51,846,14,1,8,6,2,369,284,5
51,847,13,1,7,6,3,370,296,5
51,848,12,1,6,6,4,366,308,5
51,849,12,1,6,6,4,359,319,5
51,850,13,2,6,7,4,350,336,4
52,800,10,0,10,0,0,30,5,0
52,801,10,0,10,0,0,31,9,0
52,802,12,2,10,2,0,35,7,1
52,803,12,2,10,2,0,30,4,2
52,804,13,3,10,3,0,26,12,2
52,805,12,3,9,3,1,21,20,2
52,806,12,3,9,3,1,16,25,2
52,807,12,3,9,3,1,9,29,2
52,808,12,3,9,3,1,18,35,2
52,809,13,4,9,4,1,24,39,2
52,810,13,4,9,4,1,30,44,2
52,811,13,4,9,4,1,36,49,2
52,812,13,4,9,4,1,43,55,2
52,813,12,4,8,4,2,49,60,2
52,814,12,4,8,4,2,58,64,2
52,815,13,5,8,5,2,68,68,2
52,816,13,5,8,5,2,74,71,2
52,817,13,5,8,5,2,79,74,2
52,818,13,3,8,5,2,84,78,2
52,819,13,3,8,5,2,85,81,2
52,820,13,2,8,5,2,91,84,2
52,821,13,2,8,5,2,99,94,2
52,822,13,2,8,5,2,107,105,2
52,823,13,2,8,5,2,113,116,2
52,824,13,2,8,5,2,121,127,2
52,825,13,1,8,5,2,126,138,2
52,826,13,1,8,5,2,132,150,2
52,827,13,1,8,5,2,137,150,3
52,828,13,1,8,5,2,140,164,3
52,829,14,2,8,6,2,144,175,3
52,830,14,2,8,6,2,143,187,3
52,831,14,1,8,6,2,144,198,3
52,832,15,2,8,7,2,144,208,3
52,833,15,2,8,7,2,140,220,3
52,834,14,2,7,7,3,140,222,4
52,835,14,2,7,7,3,135,236,4
52,836,14,2,7,7,3,130,249,4
52,837,14,2,7,7,3,124,261,4
52,838,15,3,7,8,3,118,275,4
52,839,15,3,7,8,3,110,288,4
52,840,14,3,6,8,4,104,301,4
52,841,14,3,6,8,4,96,312,4
52,842,14,3,6,8,4,87,326,4
52,843,13,3,5,8,5,81,337,4
52,844,13,3,5,8,5,75,348,4
52,845,12,2,4,8,6,70,358,4
52,846,13,3,4,9,6,63,369,4
52,847,13,3,4,9,6,55,379,4
52,848,13,2,4,9,6,44,388,4
52,849,12,2,3,9,7,37,399,4
52,850,12,2,3,9,7,24,409,4
53,800,10,0,10,0,0,30,5,0
53,801,10,0,10,0,0,25,2,1
53,802,11,1,10,1,0,24,4,2
53,803,12,2,10,2,0,29,11,2
53,804,12,2,10,2,0,26,19,2
53,805,12,2,10,2,0,23,17,3
53,806,12,2,10,2,0,22,25,3
53,807,12,2,10,2,0,22,32,3
53,808,12,2,10,2,0,21,45,3
53,809,12,2,10,2,0,29,58,3
53,810,12,2,10,2,0,37,69,3
53,811,13,3,10,3,0,43,83,3
53,812,13,3,10,3,0,50,91,3
53,813,14,4,10,4,0,55,99,3
53,814,15,5,10,5,0,53,107,3
53,815,15,5,10,5,0,49,116,3
53,816,15,5,10,5,0,44,122,3
53,817,16,6,10,6,0,40,130,3
53,818,16,5,10,6,0,33,138,3
53,819,16,4,10,6,0,31,146,3
53,820,16,4,10,6,0,30,153,3
53,821,16,4,10,6,0,45,160,3
53,822,16,4,10,6,0,59,167,3
53,823,16,4,10,6,0,74,167,4
53,824,16,4,10,6,0,92,176,4
53,825,16,4,10,6,0,109,185,4
53,826,17,5,10,7,0,125,194,4
53,827,17,4,10,7,0,130,202,4
53,828,17,4,10,7,0,136,211,4
53,829,18,4,10,8,0,138,218,4
53,830,18,3,10,8,0,147,226,4
53,831,18,3,10,8,0,156,235,4
53,832,19,4,10,9,0,163,230,5
53,833,19,3,10,9,0,168,237,5
53,834,19,3,10,9,0,174,243,5
53,835,20,4,10,10,0,178,239,6
53,836,21,5,10,11,0,180,245,6
53,837,20,5,9,11,1,184,250,6
53,838,20,5,9,11,1,181,254,6
53,839,20,5,9,11,1,180,258,6
53,840,20,5,9,11,1,179,262,6
53,841,20,5,9,11,1,176,266,6
53,842,21,5,9,12,1,173,270,6
53,843,20,5,8,12,2,171,273,6
53,844,20,5,8,12,2,169,275,6
53,845,20,5,7,13,3,165,276,6
53,846,19,5,6,13,4,159,277,6
53,847,19,5,6,13,4,153,276,6
53,848,20,5,6,14,4,146,275,6
53,849,21,6,6,15,4,137,274,6
53,850,20,6,5,15,5,130,273,6
54,800,10,0,10,0,0,30,5,0
54,801,10,0,10,0,0,38,6,0
54,802,11,1,10,1,0,51,8,0
54,803,11,1,10,1,0,59,10,0
54,804,12,2,10,2,0,69,12,0
54,805,12,2,10,2,0,72,14,0
54,806,13,3,10,3,0,75,16,0
54,807,14,4,10,4,0,78,16,0
54,808,16,6,10,6,0,81,16,0
54,809,16,6,10,6,0,75,16,0
54,810,16,6,10,6,0,71,16,0
54,811,16,6,10,6,0,67,16,0
54,812,17,7,10,7,0,64,18,0
54,813,17,7,10,7,0,58,19,0
54,814,17,7,10,7,0,58,21,0
54,815,17,7,10,7,0,60,23,0
54,816,17,7,10,7,0,61,25,0
54,817,17,7,10,7,0,63,27,0
54,818,17,6,10,7,0,67,29,0
54,819,17,6,10,7,0,71,31,0
54,820,17,5,10,7,0,74,32,0
54,821,17,5,10,7,0,77,36,0
54,822,17,4,10,7,0,78,42,0
54,823,17,3,10,7,0,77,48,0
54,824,17,1,10,7,0,76,42,1
54,825,17,1,10,7,0,72,49,1
54,826,17,1,10,7,0,68,53,2
54,827,17,1,10,7,0,63,70,2
54,828,18,1,10,8,0,60,89,2
54,829,17,1,9,8,1,52,104,2
54,830,18,2,9,9,1,43,118,2
54,831,16,2,7,9,3,36,134,2
54,832,15,2,6,9,4,25,139,3
54,833,15,2,6,9,4,13,154,3
54,834,15,2,6,9,4,0,163,4
54,835,15,2,6,9,4,0,183,4
54,836,15,2,6,9,4,0,203,4
54,837,15,2,6,9,4,0,223,4
54,838,14,2,5,9,5,0,243,4
54,839,14,2,5,9,5,0,263,4
54,840,14,2,5,9,5,0,282,4
54,841,14,2,5,9,5,0,301,4
54,842,13,2,4,9,6,0,320,4
54,843,13,2,4,9,6,0,339,4
54,844,13,1,4,9,6,0,356,4
54,845,13,1,4,9,6,0,376,4
54,846,13,0,4,9,6,0,395,4
54,847,13,0,4,9,6,0,413,4
54,848,12,0,3,9,7,2,432,4
54,849,12,0,3,9,7,0,450,4
54,850,12,0,3,9,7,0,468,4
55,800,10,0,10,0,0,30,5,0
55,801,10,0,10,0,0,39,9,0
55,802,10,0,10,0,0,51,3,1
55,803,11,1,10,1,0,69,7,1
55,804,12,2,10,2,0,84,10,1
55,805,12,2,10,2,0,88,4,2
55,806,13,3,10,3,0,96,9,2
55,807,13,3,10,3,0,104,3,3
55,808,14,4,10,4,0,119,7,3
55,809,14,4,10,4,0,125,11,3
55,810,15,5,10,5,0,139,15,3
55,811,15,5,10,5,0,148,19,3
55,812,15,5,10,5,0,162,24,3
55,813,15,5,10,5,0,174,28,3
55,814,15,5,10,5,0,194,32,3
55,815,15,5,10,5,0,218,35,3
55,816,15,5,10,5,0,242,39,3
55,817,15,5,10,5,0,268,42,3
55,818,15,5,10,5,0,291,46,3
55,819,15,4,10,5,0,314,49,3
55,820,16,4,10,6,0,336,52,3
55,821,16,4,10,6,0,346,60,3
55,822,15,3,9,6,1,356,59,4
55,823,15,3,9,6,1,363,72,4
55,824,15,2,9,6,1,368,84,4
55,825,16,3,9,7,1,383,97,4
55,826,16,2,9,7,1,392,114,4
55,827,16,2,9,7,1,403,131,4
55,828,15,2,8,7,2,414,148,4
55,829,15,2,8,7,2,424,155,5
55,830,15,2,8,7,2,436,173,5
55,831,16,3,8,8,2,445,188,5
55,832,16,3,8,8,2,453,205,5
55,833,16,4,7,9,3,461,220,5
55,834,17,5,7,10,3,462,232,5
55,835,17,5,7,10,3,463,242,5
55,836,17,4,7,10,3,462,253,5
55,837,18,5,7,11,3,459,262,5
55,838,18,5,7,11,3,454,268,5
55,839,18,5,7,11,3,449,281,5
55,840,18,5,7,11,3,444,298,5
55,841,17,4,6,11,4,439,312,5
55,842,17,4,6,12,5,435,325,5
55,843,17,4,6,12,5,429,338,5
55,844,17,4,6,12,5,423,352,5
55,845,17,4,6,12,5,417,364,5
55,846,16,4,5,12,6,412,377,5
55,847,16,3,5,12,6,402,389,5
55,848,16,3,5,12,6,393,402,5
55,849,16,2,5,12,6,382,415,5
55,850,17,2,5,13,6,369,428,5
56,800,10,0,10,0,0,30,5,0
56,801,10,0,10,0,0,42,5,0
56,802,12,2,10,2,0,59,5,0
56,803,12,2,10,2,0,67,5,0
56,804,13,3,10,3,0,76,5,0
56,805,14,4,10,4,0,80,5,0
56,806,14,4,10,4,0,82,5,0
56,807,15,5,10,5,0,83,5,0
56,808,15,5,10,5,0,86,5,0
56,809,15,5,10,5,0,88,5,0
56,810,16,6,10,6,0,93,5,0
56,811,16,6,10,6,0,101,5,0
56,812,16,6,10,6,0,106,5,0
56,813,16,6,10,6,0,114,5,0
56,814,16,6,10,6,0,120,5,0
56,815,16,6,10,6,0,128,5,0
56,816,16,6,10,6,0,139,5,0
56,817,16,6,10,6,0,147,5,0
56,818,16,4,10,6,0,156,5,0
56,819,16,4,10,6,0,165,5,0
56,820,16,3,10,6,0,170,5,0
56,821,16,2,10,6,0,174,8,0
56,822,16,2,10,6,0,179,14,0
56,823,16,1,10,6,0,181,10,1
56,824,16,1,10,6,0,183,15,1
56,825,17,2,10,7,0,182,21,1
56,826,18,2,10,8,0,184,19,2
56,827,18,2,10,8,0,181,27,2
56,828,18,2,10,8,0,173,34,2
56,829,18,2,10,8,0,172,45,2
56,830,17,2,9,8,1,169,55,2
56,831,18,3,9,9,1,162,59,3
56,832,16,2,8,9,3,163,73,3
56,833,16,2,8,9,3,161,86,3
56,834,16,2,8,9,3,160,100,3
56,835,17,3,8,10,3,158,112,3
56,836,17,3,8,10,3,155,122,3
56,837,16,3,7,10,4,151,136,3
56,838,17,4,7,11,4,149,149,3
56,839,18,5,7,12,4,142,159,3
56,840,18,5,7,12,4,132,169,3
56,841,19,6,7,13,4,123,178,3
56,842,20,6,7,14,4,111,189,3
56,843,20,6,7,14,4,99,198,3
56,844,20,7,6,15,5,87,198,4
56,845,19,6,6,15,6,73,211,4
56,846,19,6,6,15,6,59,226,4
56,847,19,5,6,15,6,44,240,4
56,848,18,5,5,15,7,30,254,4
56,849,18,5,5,15,7,13,268,4
56,850,17,5,4,15,8,0,282,4
57,800,10,0,10,0,0,30,5,0
57,801,12,2,10,2,0,31,9,0
57,802,12,2,10,2,0,26,15,0
57,803,12,2,10,2,0,23,21,0
57,804,12,2,10,2,0,18,26,0
57,805,12,2,10,2,0,14,32,0
57,806,12,2,10,2,0,9,39,0
57,807,12,2,10,2,0,14,44,0
57,808,12,2,10,2,0,19,49,0
57,809,12,2,10,2,0,24,55,0
57,810,13,3,10,3,0,27,61,0
57,811,13,4,9,4,1,28,68,0
57,812,13,4,9,4,1,21,73,0
57,813,13,4,9,4,1,15,78,0
57,814,13,4,9,4,1,7,84,0
57,815,13,4,9,4,1,0,89,0
57,816,13,4,9,4,1,0,85,1
57,817,13,2,9,4,1,6,90,1
57,818,12,2,9,4,2,14,94,1
57,819,12,2,9,4,2,21,98,1
57,820,12,2,9,4,2,25,102,1
57,821,12,2,9,4,2,33,105,1
57,822,11,2,8,4,3,42,111,1
57,823,11,2,8,4,3,50,103,2
57,824,11,2,8,4,3,61,106,2
57,825,11,2,8,4,3,74,108,2
57,826,11,1,8,4,3,83,111,2
57,827,11,0,8,4,3,92,113,2
57,828,11,0,8,4,3,100,117,2
57,829,11,0,8,4,3,107,119,2
57,830,11,0,8,4,3,114,121,2
57,831,11,0,8,4,3,120,123,2
57,832,10,0,7,4,4,127,125,2
57,833,10,0,7,4,4,130,127,2
57,834,10,0,7,4,4,131,129,2
57,835,10,0,7,4,4,133,131,2
57,836,11,1,7,5,4,134,133,2
57,837,11,1,7,5,4,132,134,2
57,838,11,1,7,5,4,132,136,2
57,839,12,2,7,6,4,130,137,2
57,840,11,2,6,6,5,129,138,2
57,841,11,2,6,6,5,124,140,2
57,842,11,2,6,6,5,119,131,3
57,843,12,3,6,7,5,117,131,3
57,844,12,3,6,7,5,111,132,3
57,845,12,3,6,7,5,107,132,3
57,846,12,3,6,7,5,101,132,3
57,847,11,3,5,7,6,98,132,3
57,848,12,4,5,8,6,88,132,3
57,849,11,4,4,8,7,81,132,3
57,850,11,4,4,8,7,71,132,3
58,800,10,0,10,0,0,30,5,0
58,801,12,2,10,2,0,25,2,1
58,802,12,2,10,2,0,14,2,2
58,803,12,2,10,2,0,4,4,3
58,804,12,2,10,2,0,0,18,3
58,805,12,2,10,2,0,0,31,3
58,806,12,2,10,2,0,0,43,3
58,807,12,2,10,2,0,0,61,3
58,808,12,2,10,2,0,0,78,3
58,809,12,2,10,2,0,0,95,3
58,810,12,2,10,2,0,0,112,3
58,811,12,2,10,2,0,0,128,3
58,812,12,2,10,2,0,0,144,3
58,813,12,2,10,2,0,0,160,3
58,814,12,2,10,2,0,0,178,3
58,815,12,2,10,2,0,0,196,3
58,816,12,2,10,2,0,0,212,3
58,817,12,0,10,2,0,0,228,3
58,818,12,0,10,2,0,0,246,3
58,819,12,0,10,2,0,0,262,3
58,820,12,0,10,2,0,0,279,3
58,821,12,0,10,2,0,6,296,3
58,822,12,0,10,2,0,13,311,3
58,823,12,0,10,2,0,20,327,3
58,824,12,0,10,2,0,28,343,3
58,825,12,0,10,2,0,34,359,3
58,826,12,0,10,2,0,41,376,3
58,827,12,0,10,2,0,48,390,3
58,828,12,0,10,2,0,55,406,3
58,829,12,0,10,2,0,59,422,3
58,830,12,0,10,2,0,64,437,3
58,831,12,0,10,2,0,73,453,3
58,832,12,0,10,2,0,78,457,4
58,833,11,0,9,2,1,89,469,4
58,834,11,0,9,2,1,99,482,4
58,835,11,0,9,2,1,106,494,4
58,836,11,0,9,2,1,115,506,4
58,837,12,1,9,3,1,121,518,4
58,838,12,1,9,3,1,121,528,4
58,839,11,1,8,3,2,121,538,4
58,840,11,1,8,3,2,117,551,4
58,841,10,1,7,3,3,117,559,4
58,842,10,1,7,3,3,116,568,4
58,843,10,1,7,3,3,123,575,4
58,844,10,1,7,3,3,129,583,4
58,845,10,1,7,3,3,136,591,4
58,846,10,1,7,3,3,142,597,4
58,847,10,1,7,3,3,148,604,4
58,848,10,1,7,3,3,154,611,4
58,849,10,1,7,3,3,160,618,4
58,850,10,1,7,3,3,165,623,4
59,800,10,0,10,0,0,30,5,0
59,801,11,1,10,1,0,41,5,0
59,802,12,2,10,2,0,55,5,0
59,803,13,3,10,3,0,65,5,0
59,804,14,4,10,4,0,69,5,0
59,805,15,5,10,5,0,73,5,0
59,806,16,6,10,6,0,77,5,0
59,807,16,6,10,6,0,78,5,0
59,808,18,8,10,8,0,82,5,0
59,809,18,8,10,8,0,78,5,0
59,810,19,9,10,9,0,77,5,0
59,811,20,10,10,10,0,77,5,0
59,812,20,10,10,10,0,74,5,0
59,813,21,11,10,11,0,74,5,0
59,814,22,12,10,12,0,69,5,0
59,815,22,12,10,12,0,63,5,0
59,816,22,12,10,12,0,60,5,0
59,817,23,12,10,13,0,57,5,0
59,818,23,11,10,13,0,51,5,0
59,819,23,10,10,13,0,44,5,0
59,820,24,10,10,14,0,40,5,0
59,821,24,9,10,14,0,31,10,0
59,822,24,8,10,14,0,22,18,0
59,823,24,8,10,14,0,14,26,0
59,824,24,6,10,14,0,6,34,0
59,825,24,6,10,14,0,0,31,1
59,826,23,5,9,14,1,17,26,2
59,827,23,4,9,14,1,39,34,2
59,828,24,5,9,15,1,59,32,3
59,829,26,6,9,17,1,82,17,5
59,830,26,5,9,17,1,94,26,5
59,831,26,5,9,17,1,109,26,6
59,832,26,5,9,17,1,127,37,6
59,833,29,7,9,20,1,139,50,6
59,834,29,7,9,20,1,152,60,6
59,835,28,7,9,20,2,164,71,6
59,836,28,6,9,20,2,174,83,6
59,837,30,8,9,22,2,186,94,6
59,838,29,8,8,22,3,191,106,6
59,839,28,8,7,22,4,208,120,6
59,840,30,10,7,24,4,221,120,7
59,841,28,10,5,24,6,229,134,7
59,842,29,11,5,25,6,227,147,7
59,843,29,11,5,25,6,223,162,7
59,844,29,10,5,25,6,217,176,7
59,845,30,9,5,26,6,210,196,6
59,846,31,10,5,27,6,211,209,6
59,847,31,10,5,27,6,205,224,6
59,848,31,10,5,27,6,205,238,6
59,849,31,7,5,27,6,197,252,6
59,850,31,7,5,27,6,192,268,6
60,800,10,0,10,0,0,30,5,0
60,801,11,1,10,1,0,33,9,0
60,802,13,3,10,3,0,38,13,0
60,803,13,3,10,3,0,36,17,0
60,804,14,4,10,4,0,33,20,0
60,805,14,4,10,4,0,29,22,0
60,806,14,4,10,4,0,25,23,0
60,807,14,4,10,4,0,21,27,0
60,808,14,4,10,4,0,24,21,1
60,809,14,4,10,4,0,34,25,1
60,810,14,4,10,4,0,46,30,1
60,811,14,4,10,4,0,55,34,1
60,812,14,4,10,4,0,68,38,1
60,813,15,5,10,5,0,77,44,1
60,814,15,5,10,5,0,78,49,1
60,815,15,5,10,5,0,80,54,1
60,816,15,5,10,5,0,81,57,1
60,817,16,5,10,6,0,81,62,1
60,818,16,3,10,6,0,74,66,1
60,819,16,3,10,6,0,75,71,1
60,820,16,2,10,6,0,76,75,1
60,821,16,2,10,6,0,76,86,1
60,822,16,2,10,6,0,77,98,1
60,823,16,2,10,6,0,78,112,1
60,824,16,2,10,6,0,81,123,1
60,825,16,2,10,6,0,81,136,1
60,826,15,2,9,6,1,84,148,1
60,827,15,2,9,6,1,87,160,1
60,828,15,2,9,6,1,90,170,1
60,829,15,1,9,6,1,90,181,1
60,830,15,1,9,6,1,88,191,1
60,831,15,1,9,6,1,88,201,1
60,832,16,2,9,7,1,87,202,2
60,833,16,1,9,7,1,82,213,2
60,834,15,1,8,7,2,80,225,2
60,835,14,1,7,7,3,75,236,2
60,836,14,1,7,7,3,71,245,2
60,837,14,1,7,7,3,67,255,2
60,838,14,1,7,7,3,59,264,2
60,839,15,2,7,8,3,55,275,2
60,840,15,2,7,8,3,48,286,2
60,841,15,2,7,8,3,39,295,2
60,842,15,2,7,8,3,30,304,2
60,843,15,2,7,8,3,22,314,2
60,844,14,2,6,8,4,15,323,2
60,845,13,2,6,8,5,6,333,2
60,846,12,2,5,8,6,7,343,2
60,847,12,2,5,8,6,9,351,2
60,848,12,1,5,8,6,10,359,2
60,849,11,1,4,8,7,13,368,2
60,850,10,1,3,8,8,14,366,3
61,800,10,0,10,0,0,30,5,0
61,801,10,0,10,0,0,28,1,1
61,802,10,0,10,0,0,31,10,1
61,803,11,1,10,1,0,35,18,1
61,804,11,1,10,1,0,33,8,3
61,805,11,1,10,1,0,39,18,3
61,806,11,1,10,1,0,46,29,3
61,807,12,2,10,2,0,51,38,3
61,808,12,2,10,2,0,50,49,3
61,809,12,2,10,2,0,52,60,3
61,810,12,2,10,2,0,55,71,3
61,811,12,2,10,2,0,57,80,3
61,812,13,3,10,3,0,60,91,3
61,813,14,4,10,4,0,67,97,3
61,814,14,4,10,4,0,67,104,3
61,815,14,4,10,4,0,67,110,3
61,816,14,4,10,4,0,67,116,3
61,817,14,4,10,4,0,66,122,3
61,818,14,4,10,4,0,64,133,3
61,819,14,3,10,4,0,68,142,3
61,820,14,3,10,4,0,73,154,3
61,821,14,3,10,4,0,76,163,3
61,822,14,3,10,4,0,77,174,3
61,823,14,2,10,4,0,80,183,3
61,824,14,2,10,4,0,81,193,3
61,825,14,2,10,4,0,83,203,3
61,826,14,2,10,4,0,81,213,3
61,827,14,2,10,4,0,82,221,3
61,828,14,1,10,4,0,81,232,3
61,829,14,0,10,4,0,78,240,3
61,830,14,0,10,4,0,74,250,3
61,831,14,0,10,4,0,70,258,3
61,832,14,0,10,4,0,66,256,4
61,833,14,0,10,4,0,61,267,4
61,834,14,0,10,4,0,56,275,4
61,835,14,0,10,4,0,49,284,4
61,836,14,0,10,4,0,42,291,4
61,837,14,0,10,4,0,35,299,4
61,838,14,0,10,4,0,28,306,4
61,839,13,0,9,4,1,20,312,4
61,840,12,0,8,4,2,18,318,4
61,841,12,0,8,4,2,32,324,4
61,842,12,0,8,4,2,51,328,4
61,843,12,0,8,4,2,68,334,4
61,844,11,0,7,4,3,87,339,4
61,845,11,0,7,4,3,100,345,4
61,846,11,0,7,4,3,113,355,3
61,847,11,0,7,4,3,129,359,3
61,848,11,0,7,4,3,142,364,3
61,849,11,0,7,4,3,154,368,3
61,850,10,0,6,4,4,169,373,3
62,800,10,0,10,0,0,30,5,0
62,801,11,1,10,1,0,32,9,0
62,802,11,1,10,1,0,38,13,0
62,803,14,4,10,4,0,42,6,1
62,804,14,4,10,4,0,40,9,1
62,805,14,4,10,4,0,37,11,1
62,806,14,4,10,4,0,34,14,1
62,807,15,5,10,5,0,31,19,1
62,808,15,5,10,5,0,27,22,1
62,809,15,5,10,5,0,28,27,1
62,810,15,5,10,5,0,29,32,1
62,811,16,6,10,6,0,31,37,1
62,812,17,7,10,7,0,33,40,1
62,813,17,7,10,7,0,31,42,1
62,814,17,7,10,7,0,31,45,1
62,815,17,7,10,7,0,30,36,2
62,816,17,7,10,7,0,34,40,2
62,817,16,6,9,7,1,38,45,2
62,818,16,6,9,7,1,52,48,2
62,819,16,3,9,7,1,59,51,2
62,820,16,3,9,7,1,68,54,2
62,821,16,3,9,7,1,78,45,4
62,822,16,3,9,7,1,84,61,4
62,823,16,2,9,7,1,92,77,4
62,824,16,2,9,7,1,98,93,4
62,825,18,4,9,9,1,104,99,5
62,826,18,4,9,9,1,110,109,5
62,827,18,3,9,9,1,110,122,5
62,828,19,3,9,10,1,112,133,5
62,829,19,3,9,10,1,110,147,5
62,830,19,3,9,10,1,108,162,5
62,831,19,3,9,10,1,104,178,5
62,832,19,3,9,10,1,102,192,5
62,833,19,3,9,10,1,98,209,5
62,834,19,3,9,10,1,93,223,5
62,835,20,4,9,11,1,88,238,5
62,836,21,5,9,12,1,81,255,5
62,837,21,5,9,12,1,73,268,5
62,838,22,6,9,13,1,62,283,5
62,839,22,6,9,13,1,50,293,5
62,840,22,6,9,13,1,38,304,5
62,841,22,4,9,13,1,41,314,5
62,842,23,5,9,14,1,44,327,5
62,843,23,5,9,14,1,46,337,5
62,844,23,4,9,14,1,43,351,5
62,845,23,4,9,14,1,45,365,5
62,846,23,4,9,14,1,41,377,5
62,847,23,4,9,14,1,39,382,6
62,848,22,4,8,14,2,37,384,7
62,849,22,4,8,14,2,37,395,7
62,850,21,4,7,14,3,38,406,7
63,800,10,0,10,0,0,30,5,0
63,801,10,0,10,0,0,29,10,0
63,802,11,1,10,1,0,30,18,0
63,803,11,1,10,1,0,31,14,1
63,804,13,3,10,3,0,35,21,1
63,805,14,4,10,4,0,33,24,1
63,806,14,4,10,4,0,27,27,1
63,807,14,4,10,4,0,21,30,1
63,808,14,4,10,4,0,15,34,1
63,809,14,4,10,4,0,10,38,1
63,810,14,4,10,4,0,8,47,1
63,811,14,4,10,4,0,9,56,1
63,812,14,4,10,4,0,7,64,1
63,813,14,4,10,4,0,11,73,1
63,814,14,4,10,4,0,10,82,1
63,815,14,4,10,4,0,10,88,1
63,816,14,4,10,4,0,10,97,1
63,817,14,4,10,4,0,10,106,1
63,818,14,3,10,4,0,9,114,1
63,819,14,3,10,4,0,6,123,1
63,820,14,1,10,4,0,2,132,1
63,821,14,0,10,4,0,9,140,1
63,822,14,0,10,4,0,20,148,1
63,823,14,0,10,4,0,29,146,2
63,824,15,1,10,5,0,46,153,2
63,825,14,1,9,5,1,65,151,3
63,826,14,1,9,5,1,86,157,3
63,827,14,1,9,5,1,101,163,3
63,828,15,2,9,6,1,121,170,3
63,829,15,2,9,6,1,140,176,3
63,830,15,2,9,6,1,155,181,3
63,831,16,3,9,7,1,171,187,3
63,832,16,3,9,7,1,185,193,3
63,833,16,3,9,7,1,199,199,3
63,834,16,3,9,7,1,212,203,3
63,835,16,3,9,7,1,228,209,3
63,836,16,3,9,7,1,239,213,3
63,837,16,3,9,7,1,252,219,3
63,838,16,3,9,7,1,262,223,3
63,839,16,3,9,7,1,273,227,3
63,840,16,2,9,7,1,282,230,3
63,841,18,4,9,9,1,292,235,3
63,842,17,4,8,9,2,294,239,3
63,843,17,4,8,9,2,304,242,3
63,844,16,3,7,9,3,310,244,3
63,845,16,3,7,9,3,319,245,3
63,846,16,3,7,9,3,327,247,3
63,847,16,2,7,9,3,332,240,4
63,848,16,2,7,9,3,340,240,4
63,849,17,3,7,10,3,348,241,4
63,850,16,3,6,10,4,354,241,4
64,800,10,0,10,0,0,30,5,0
64,801,10,0,10,0,0,38,7,0
64,802,10,0,10,0,0,49,1,1
64,803,11,1,10,1,0,70,4,1
64,804,12,2,10,2,0,80,6,1
64,805,12,2,10,2,0,86,8,1
64,806,13,3,10,3,0,94,1,2
64,807,13,3,10,3,0,101,0,2
64,808,13,3,10,3,0,110,0,2
64,809,13,3,10,3,0,126,0,2
64,810,13,3,10,3,0,148,0,2
64,811,13,3,10,3,0,167,0,2
64,812,14,4,10,4,0,187,4,2
64,813,14,4,10,4,0,200,7,2
64,814,14,4,10,4,0,215,10,2
64,815,14,4,10,4,0,230,13,2
64,816,14,4,10,4,0,243,17,2
64,817,14,4,10,4,0,257,19,2
64,818,14,4,10,4,0,277,23,2
64,819,14,3,10,4,0,292,26,2
64,820,14,2,10,4,0,310,30,2
64,821,14,2,10,4,0,324,28,3
64,822,14,1,10,4,0,343,36,3
64,823,14,1,10,4,0,361,44,3
64,824,14,1,10,4,0,378,51,3
64,825,14,1,10,4,0,395,60,3
64,826,15,2,10,5,0,411,72,3
64,827,14,2,9,5,1,428,78,3
64,828,14,1,9,5,1,437,86,3
64,829,15,2,9,6,1,447,93,3
64,830,15,2,9,6,1,453,101,3
64,831,15,2,9,6,1,459,108,3
64,832,15,2,9,6,1,464,115,3
64,833,15,2,9,6,1,468,122,3
64,834,16,3,9,7,1,473,129,3
64,835,16,3,9,7,1,474,136,3
64,836,16,3,9,7,1,474,142,3
64,837,16,3,9,7,1,476,149,3
64,838,16,4,8,8,2,477,156,3
64,839,15,4,7,8,3,476,163,3
64,840,15,4,7,8,3,475,167,3
64,841,15,5,6,9,4,475,172,3
64,842,15,4,6,9,4,466,177,3
64,843,15,4,6,9,4,459,188,2
64,844,14,4,5,9,5,452,193,2
64,845,14,3,5,9,5,440,198,2
64,846,14,3,5,9,5,428,193,3
64,847,13,3,4,9,6,421,203,3
64,848,13,3,4,9,6,410,214,3
64,849,13,3,4,9,6,398,224,3
64,850,13,3,3,10,7,388,236,3
65,800,10,0,10,0,0,30,5,0
65,801,11,1,10,1,0,33,9,0
65,802,12,2,10,2,0,36,5,1
65,803,12,2,10,2,0,36,10,1
65,804,12,2,10,2,0,36,14,1
65,805,13,3,10,3,0,36,9,2
65,806,13,3,10,3,0,39,15,2
65,807,13,3,10,3,0,43,19,2
65,808,14,4,10,4,0,53,25,2
65,809,15,5,10,5,0,58,21,3
65,810,16,6,10,6,0,58,25,3
65,811,16,6,10,6,0,51,29,3
65,812,16,6,10,6,0,46,34,3
65,813,16,6,10,6,0,40,38,3
65,814,18,8,10,8,0,40,42,3
65,815,18,8,10,8,0,41,46,3
65,816,18,8,10,8,0,42,52,3
65,817,18,7,10,8,0,41,55,3
65,818,18,6,10,8,0,41,59,3
65,819,18,6,10,8,0,38,62,3
65,820,19,7,10,9,0,52,66,3
65,821,19,6,10,9,0,56,73,3
65,822,19,6,10,9,0,59,83,3
65,823,18,6,9,9,1,64,92,3
65,824,18,5,9,9,1,72,99,3
65,825,18,4,9,9,1,77,108,3
65,826,18,3,9,9,1,82,115,4
65,827,18,3,9,9,1,87,132,4
65,828,18,3,9,9,1,91,132,6
65,829,18,3,9,9,1,98,153,6
65,830,18,1,9,9,1,100,163,7
65,831,19,2,9,10,1,103,180,7
65,832,19,2,9,10,1,104,200,7
65,833,19,2,9,10,1,104,219,7
65,834,19,3,8,11,2,105,234,7
65,835,20,4,8,12,2,99,252,7
65,836,20,3,8,12,2,90,258,8
65,837,20,3,8,12,2,78,275,8
65,838,21,4,8,13,2,68,291,8
65,839,23,6,8,15,2,56,306,8
65,840,22,6,7,15,3,43,321,8
65,841,22,6,7,15,3,27,338,8
65,842,21,6,6,15,4,10,354,8
65,843,20,6,5,15,5,0,370,8
65,844,20,6,5,15,5,0,384,8
65,845,20,6,5,15,5,0,399,8
65,846,20,6,5,15,5,15,411,8
65,847,20,5,5,15,5,30,426,8
65,848,20,5,5,15,5,45,440,8
65,849,20,5,5,15,5,60,453,8
65,850,21,6,4,17,6,76,467,8
66,800,10,0,10,0,0,30,5,0
66,801,11,1,10,1,0,47,5,0
66,802,12,2,10,2,0,61,5,0
66,803,13,3,10,3,0,72,5,0
66,804,14,4,10,4,0,77,5,0
66,805,14,4,10,4,0,80,5,0
66,806,14,4,10,4,0,81,5,0
66,807,16,6,10,6,0,84,5,0
66,808,16,6,10,6,0,84,5,0
66,809,16,6,10,6,0,87,5,0
66,810,16,6,10,6,0,93,5,0
66,811,16,6,10,6,0,99,5,0
66,812,17,7,10,7,0,103,5,0
66,813,17,7,10,7,0,114,5,0
66,814,17,7,10,7,0,123,5,0
66,815,17,7,10,7,0,133,5,0
66,816,17,7,10,7,0,140,5,0
66,817,17,6,10,7,0,147,5,0
66,818,17,5,10,7,0,157,5,0
66,819,17,4,10,7,0,166,5,0
66,820,17,3,10,7,0,173,5,0
66,821,17,3,10,7,0,178,10,0
66,822,17,3,10,7,0,183,18,0
66,823,17,1,10,7,0,188,26,0
66,824,17,1,10,7,0,190,34,0
66,825,17,1,10,7,0,193,22,2
66,826,17,1,10,7,0,194,38,2
66,827,18,2,10,8,0,196,55,2
66,828,19,2,10,9,0,193,68,2
66,829,19,2,10,9,0,189,76,2
66,830,20,3,10,10,0,185,85,2
66,831,19,3,9,10,1,180,95,2
66,832,19,3,9,10,1,174,107,2
66,833,19,3,9,10,1,164,118,2
66,834,20,4,9,11,1,154,134,2
66,835,20,4,9,11,1,142,145,2
66,836,20,4,9,11,1,127,161,2
66,837,20,4,9,11,1,116,176,2
66,838,21,5,9,12,1,100,191,2
66,839,21,5,9,12,1,87,206,2
66,840,21,6,8,13,2,73,213,3
66,841,21,7,7,14,3,61,225,3
66,842,21,7,7,14,3,43,237,3
66,843,21,6,7,14,3,26,249,3
66,844,21,5,7,14,3,7,261,3
66,845,20,5,6,14,4,0,273,3
66,846,20,4,6,14,4,0,292,3
66,847,19,4,5,14,5,0,304,4
66,848,18,4,4,14,6,0,327,4
66,849,18,4,4,14,6,0,350,4
66,850,18,3,4,14,6,0,374,4
67,800,10,0,10,0,0,30,5,0
67,801,10,0,10,0,0,36,8,0
67,802,13,3,10,3,0,46,11,0
67,803,13,3,10,3,0,40,15,0
67,804,13,3,10,3,0,37,18,0
67,805,14,4,10,4,0,32,22,0
67,806,14,4,10,4,0,26,15,1
67,807,14,4,10,4,0,26,18,1
67,808,15,5,10,5,0,35,20,1
67,809,15,5,10,5,0,40,23,1
67,810,15,5,10,5,0,48,25,1
67,811,15,5,10,5,0,53,27,1
67,812,15,5,10,5,0,62,30,1
67,813,16,6,10,6,0,67,32,1
67,814,15,5,10,6,1,74,35,1
67,815,15,5,10,6,1,78,37,1
67,816,15,5,10,6,1,84,40,1
67,817,15,5,10,6,1,91,42,1
67,818,16,3,10,7,1,93,45,1
67,819,16,3,10,7,1,94,47,1
67,820,16,3,10,7,1,95,49,1
67,821,16,2,10,7,1,95,57,1
67,822,15,2,9,7,2,97,65,1
67,823,15,2,9,7,2,90,73,1
67,824,15,2,9,7,2,90,81,1
67,825,15,2,9,7,2,87,89,1
67,826,15,3,8,8,3,88,92,2
67,827,16,4,8,9,3,88,102,2
67,828,16,4,8,9,3,84,108,2
67,829,16,4,7,10,4,84,115,2
67,830,16,4,7,10,4,81,119,2
67,831,16,4,7,10,4,78,115,3
67,832,16,4,7,10,4,73,119,3
67,833,18,6,7,12,4,69,127,3
67,834,19,6,7,13,4,60,132,3
67,835,19,6,7,13,4,51,132,3
67,836,20,7,7,14,4,42,133,3
67,837,20,7,7,14,4,29,137,3
67,838,20,7,7,14,4,16,141,3
67,839,20,7,7,14,4,6,149,3
67,840,20,7,7,14,4,0,161,3
67,841,20,7,7,14,4,0,174,3
67,842,20,6,7,14,4,0,187,3
67,843,20,5,7,14,4,0,200,3
67,844,20,5,7,14,4,0,212,3
67,845,20,4,7,14,4,0,223,3
67,846,20,4,7,14,4,17,235,3
67,847,20,4,7,14,4,36,248,3
67,848,20,5,6,15,5,57,250,4
67,849,20,3,6,15,5,63,263,4
67,850,20,2,6,15,5,72,274,4
68,800,10,0,10,0,0,30,5,0
68,801,11,1,10,1,0,40,8,0
68,802,12,2,10,2,0,46,2,1
68,803,13,3,10,3,0,56,5,1
68,804,13,3,10,3,0,59,8,1
68,805,15,5,10,5,0,62,11,1
68,806,15,5,10,5,0,63,14,1
68,807,15,5,10,5,0,66,17,1
68,808,15,5,10,5,0,67,19,1
68,809,16,6,10,6,0,71,22,1
68,810,16,6,10,6,0,76,25,1
68,811,16,6,10,6,0,85,28,1
68,812,16,6,10,6,0,97,31,1
68,813,16,6,10,6,0,107,34,1
68,814,16,6,10,6,0,117,37,1
68,815,16,6,10,6,0,131,39,1
68,816,16,6,10,6,0,145,42,1
68,817,16,5,10,6,0,155,45,1
68,818,15,3,10,6,1,167,48,1
68,819,15,2,10,6,1,179,51,1
68,820,15,2,10,6,1,188,54,1
68,821,15,0,10,6,1,196,64,1
68,822,15,0,10,6,1,203,64,2
68,823,15,0,10,6,1,211,77,2
68,824,15,0,10,6,1,217,90,2
68,825,17,2,10,8,1,222,92,3
68,826,17,2,10,8,1,225,96,3
68,827,17,2,10,8,1,226,101,3
68,828,18,3,10,9,1,228,106,3
68,829,18,3,10,9,1,227,110,3
68,830,17,3,9,9,2,226,115,3
68,831,18,4,9,10,2,219,124,3
68,832,17,4,8,10,3,213,129,3
68,833,17,4,8,10,3,201,132,3
68,834,17,4,8,10,3,192,142,3
68,835,18,5,8,11,3,181,151,3
68,836,18,5,8,11,3,167,145,4
68,837,18,5,8,11,3,156,151,4
68,838,18,5,8,11,3,144,159,4
68,839,18,5,8,11,3,131,166,4
68,840,18,5,8,11,3,120,174,4
68,841,18,3,8,11,3,105,184,4
68,842,18,3,8,11,3,91,195,4
68,843,18,3,8,11,3,76,208,4
68,844,16,2,6,11,5,62,209,5
68,845,16,2,6,11,5,45,221,5
68,846,16,2,6,11,5,26,231,5
68,847,16,1,6,11,5,6,243,5
68,848,16,1,6,11,5,0,255,5
68,849,16,1,6,11,5,0,266,5
68,850,16,1,6,11,5,0,277,5
69,800,10,0,10,0,0,30,5,0
69,801,10,0,10,0,0,32,8,0
69,802,10,0,10,0,0,39,14,0
69,803,11,1,10,1,0,44,20,0
69,804,11,1,10,1,0,50,23,0
69,805,11,1,10,1,0,57,27,0
69,806,11,1,10,1,0,57,31,0
69,807,12,2,10,2,0,59,36,0
69,808,12,2,10,2,0,57,42,0
69,809,14,4,10,4,0,53,50,0
69,810,14,4,10,4,0,48,54,0
69,811,14,4,10,4,0,43,57,0
69,812,14,4,10,4,0,37,60,0
69,813,14,4,10,4,0,36,64,0
69,814,14,4,10,4,0,35,67,0
69,815,14,4,10,4,0,33,75,0
69,816,14,4,10,4,0,33,83,0
69,817,14,4,10,4,0,31,89,0
69,818,14,4,10,4,0,30,97,0
69,819,14,3,10,4,0,27,104,0
69,820,14,3,10,4,0,25,111,0
69,821,14,3,10,4,0,25,108,1
69,822,14,3,10,4,0,33,114,1
69,823,14,2,10,4,0,40,120,1
69,824,14,2,10,4,0,48,126,1
69,825,14,0,10,4,0,51,130,1
69,826,14,0,10,4,0,56,137,1
69,827,14,0,10,4,0,58,132,2
69,828,14,0,10,4,0,66,135,2
69,829,14,0,10,4,0,71,140,2
69,830,13,0,9,4,1,79,143,2
69,831,13,0,9,4,1,83,147,2
69,832,13,0,9,4,1,87,140,3
69,833,14,1,9,5,1,91,143,3
69,834,14,1,9,5,1,93,146,3
69,835,13,1,8,5,2,96,148,3
69,836,13,1,8,5,2,97,148,3
69,837,14,2,8,6,2,100,148,3
69,838,13,2,7,6,3,103,149,3
69,839,13,2,7,6,3,103,150,3
69,840,13,2,7,6,3,103,151,3
69,841,13,2,7,6,3,104,151,3
69,842,13,2,7,6,3,103,151,3
69,843,14,3,7,7,3,102,151,3
69,844,14,3,7,7,3,101,151,3
69,845,13,3,6,7,4,100,151,3
69,846,13,3,6,7,4,97,153,3
69,847,14,4,6,8,4,91,154,3
69,848,13,4,5,8,5,88,155,3
69,849,12,3,4,8,6,85,155,3
69,850,12,3,4,8,6,79,155,3
70,800,10,0,10,0,0,30,5,0
70,801,10,0,10,0,0,27,12,0
70,802,10,0,10,0,0,28,22,0
70,803,11,1,10,1,0,30,31,0
70,804,11,1,10,1,0,30,39,0
70,805,11,1,10,1,0,29,37,1
70,806,11,1,10,1,0,37,33,2
70,807,14,4,10,4,0,49,42,2
70,808,14,4,10,4,0,54,44,2
70,809,14,4,10,4,0,57,38,3
70,810,17,7,10,7,0,65,43,3
70,811,17,7,10,7,0,62,47,3
70,812,17,7,10,7,0,59,53,3
70,813,18,8,10,8,0,56,60,3
70,814,19,9,10,9,0,52,63,3
70,815,19,9,10,9,0,46,68,3
70,816,20,10,10,10,0,52,72,3
70,817,20,10,10,10,0,58,77,3
70,818,20,10,10,10,0,66,80,3
70,819,21,10,10,11,0,70,84,3
70,820,21,10,10,11,0,68,93,3
70,821,21,10,10,11,0,63,99,3
70,822,21,10,10,11,0,67,109,3
70,823,21,7,10,11,0,67,118,3
70,824,21,7,10,11,0,65,127,3
70,825,21,7,10,11,0,66,136,3
70,826,21,4,10,11,0,60,144,3
70,827,21,4,10,11,0,56,153,3
70,828,22,5,10,12,0,50,142,5
70,829,22,4,10,12,0,42,148,5
70,830,22,3,10,12,0,32,154,5
70,831,22,3,10,12,0,84,159,5
70,832,21,2,9,12,1,138,154,6
70,833,22,3,9,13,1,190,155,6
70,834,22,4,8,14,2,242,153,6
70,835,21,3,8,14,3,279,154,6
70,836,21,3,8,14,3,317,154,6
70,837,21,4,7,15,4,355,153,6
70,838,21,4,7,15,4,391,152,6
70,839,19,4,5,15,6,433,151,6
70,840,20,5,5,16,6,469,147,6
70,841,21,6,5,17,6,506,145,6
70,842,21,6,5,17,6,528,142,6
70,843,21,7,4,18,7,563,145,5
70,844,22,7,4,19,7,580,142,5
70,845,22,7,4,19,7,596,139,5
70,846,22,7,4,19,7,622,135,5
70,847,22,7,4,19,7,648,133,5
70,848,22,7,4,19,7,673,130,5
70,849,22,6,4,19,7,697,127,5
70,850,22,5,4,19,7,719,124,5
71,800,10,0,10,0,0,30,5,0
71,801,10,0,10,0,0,30,0,1
71,802,12,2,10,2,0,37,9,1
71,803,14,4,10,4,0,34,7,2
71,804,14,4,10,4,0,26,11,2
71,805,14,4,10,4,0,18,17,2
71,806,14,4,10,4,0,11,22,2
71,807,14,4,10,4,0,2,27,2
71,808,14,4,10,4,0,3,32,2
71,809,14,4,10,4,0,10,41,2
71,810,14,4,10,4,0,15,50,2
71,811,14,4,10,4,0,21,60,2
71,812,14,4,10,4,0,26,68,2
71,813,14,4,10,4,0,32,75,2
71,814,15,5,10,5,0,37,85,2
71,815,15,5,10,5,0,39,93,2
71,816,14,4,10,5,1,40,101,2
71,817,14,4,10,5,1,42,110,2
71,818,15,3,10,6,1,41,119,2
71,819,15,2,10,6,1,38,127,2
71,820,15,2,10,6,1,35,134,2
71,821,15,2,10,6,1,36,132,3
71,822,16,3,10,7,1,38,139,3
71,823,16,3,10,7,1,34,147,3
71,824,16,3,10,7,1,37,151,3
71,825,15,3,9,7,2,40,148,4
71,826,15,3,9,7,2,46,152,4
71,827,15,3,9,7,2,51,156,4
71,828,15,3,9,7,2,56,159,4
71,829,15,3,9,7,2,61,161,4
71,830,15,2,9,7,2,62,165,4
71,831,15,2,9,7,2,64,168,4
71,832,15,2,9,7,2,66,170,4
71,833,15,2,9,7,2,67,173,4
71,834,14,1,8,7,3,68,174,4
71,835,14,1,8,7,3,65,177,4
71,836,14,1,8,7,3,62,180,4
71,837,14,1,8,7,3,58,181,4
71,838,13,0,8,7,4,54,183,4
71,839,13,0,8,7,4,50,174,5
71,840,13,0,8,7,4,46,176,5
71,841,13,0,8,7,4,42,176,5
71,842,13,0,8,7,4,35,178,5
71,843,12,0,7,7,5,31,180,5
71,844,12,0,7,7,5,23,180,5
71,845,11,0,6,7,6,19,181,5
71,846,10,0,5,7,7,54,180,5
71,847,10,0,5,7,7,91,177,5
71,848,10,0,5,7,7,128,174,5
71,849,10,0,5,7,7,165,170,5
71,850,8,0,3,7,9,207,168,5
72,800,10,0,10,0,0,30,5,0
72,801,10,0,10,0,0,41,7,0
72,802,14,4,10,4,0,58,9,0
72,803,14,4,10,4,0,58,9,0
72,804,14,4,10,4,0,59,9,0
72,805,14,4,10,4,0,60,9,0
72,806,17,7,10,7,0,60,9,0
72,807,17,7,10,7,0,57,9,0
72,808,17,7,10,7,0,60,9,0
72,809,19,9,10,9,0,60,9,0
72,810,20,10,10,10,0,61,9,0
72,811,20,10,10,10,0,58,9,0
72,812,20,10,10,10,0,55,9,0
72,813,21,11,10,11,0,53,9,0
72,814,22,12,10,12,0,50,9,0
72,815,22,12,10,12,0,50,9,0
72,816,22,12,10,12,0,50,9,0
72,817,22,12,10,12,0,51,9,0
72,818,23,9,10,13,0,46,9,0
72,819,23,9,10,13,0,42,9,0
72,820,24,10,10,14,0,41,9,0
72,821,24,10,10,14,0,32,15,0
72,822,24,7,10,14,0,21,23,0
72,823,24,7,10,14,0,11,21,1
72,824,24,7,10,14,0,0,34,1
72,825,24,5,10,14,0,0,37,2
72,826,24,4,10,14,0,13,50,2
72,827,24,4,10,14,0,28,65,2
72,828,24,4,10,14,0,43,78,2
72,829,24,3,10,14,0,55,94,2
72,830,24,2,10,14,0,67,107,2
72,831,24,2,10,14,0,76,118,3
72,832,26,4,10,16,0,91,138,3
72,833,28,6,10,18,0,85,152,4
72,834,26,5,8,18,2,83,166,4
72,835,26,5,8,18,2,79,179,4
72,836,28,6,8,20,2,74,181,5
72,837,29,7,8,21,2,67,192,5
72,838,30,8,8,22,2,57,203,5
72,839,30,8,8,22,2,51,218,5
72,840,29,8,7,22,3,41,224,6
72,841,28,8,6,22,4,45,240,6
72,842,30,10,6,24,4,52,262,6
72,843,30,10,6,24,4,66,279,6
72,844,33,13,6,27,4,82,297,6
72,845,33,13,6,27,4,72,309,6
72,846,33,13,6,27,4,63,321,6
72,847,33,13,6,27,4,53,333,6
72,848,33,11,6,27,4,43,356,6
72,849,33,9,6,27,4,30,377,6
72,850,32,9,5,27,5,36,389,7
73,800,10,0,10,0,0,30,5,0
73,801,11,1,10,1,0,25,15,0
73,802,11,1,10,1,0,15,17,1
73,803,11,1,10,1,0,6,31,1
73,804,11,1,10,1,0,0,36,2
73,805,11,1,10,1,0,0,54,2
73,806,11,1,10,1,0,0,72,2
73,807,11,1,10,1,0,0,89,2
73,808,11,1,10,1,0,0,106,2
73,809,11,1,10,1,0,0,125,2
73,810,11,1,10,1,0,0,142,2
73,811,11,1,10,1,0,0,159,2
73,812,11,1,10,1,0,0,176,2
73,813,11,1,10,1,0,0,194,2
73,814,11,1,10,1,0,0,211,2
73,815,11,1,10,1,0,0,228,2
73,816,11,1,10,1,0,0,246,2
73,817,11,0,10,1,0,0,264,2
73,818,11,0,10,1,0,0,281,2
73,819,11,0,10,1,0,0,299,2
73,820,11,0,10,1,0,0,317,2
73,821,11,0,10,1,0,0,334,2
73,822,11,0,10,1,0,0,352,2
73,823,11,0,10,1,0,0,357,3
73,824,11,0,10,1,0,10,372,3
73,825,10,0,9,1,1,19,387,3
73,826,10,0,9,1,1,27,403,3
73,827,10,0,9,1,1,35,419,3
73,828,10,0,9,1,1,42,433,3
73,829,10,0,9,1,1,48,448,3
73,830,10,0,9,1,1,54,461,3
73,831,10,0,9,1,1,61,475,3
73,832,10,0,9,1,1,66,486,3
73,833,10,0,9,1,1,72,500,3
73,834,10,0,9,1,1,76,512,3
73,835,10,0,9,1,1,82,523,3
73,836,10,0,9,1,1,86,534,3
73,837,10,0,9,1,1,90,546,3
73,838,10,0,9,1,1,92,557,3
73,839,10,0,9,1,1,96,567,3
73,840,10,0,9,1,1,99,577,3
73,841,9,0,8,1,2,104,585,3
73,842,9,0,8,1,2,105,595,3
73,843,9,0,8,1,2,106,603,3
73,844,9,0,8,1,2,108,611,3
73,845,9,0,8,1,2,109,621,3
73,846,9,0,8,1,2,110,630,3
73,847,9,0,8,1,2,110,637,3
73,848,8,0,7,1,3,112,646,3
73,849,8,0,7,1,3,116,651,3
73,850,8,0,7,1,3,120,656,3
74,800,10,0,10,0,0,30,5,0
74,801,10,0,10,0,0,31,9,0
74,802,12,2,10,2,0,33,17,0
74,803,12,2,10,2,0,27,23,0
74,804,12,2,10,2,0,20,30,0
74,805,12,2,10,2,0,14,36,0
74,806,12,2,10,2,0,9,43,0
74,807,12,2,10,2,0,2,51,0
74,808,12,2,10,2,0,3,56,0
74,809,12,2,10,2,0,3,63,0
74,810,12,2,10,2,0,2,70,0
74,811,12,2,10,2,0,5,76,0
74,812,12,2,10,2,0,5,84,0
74,813,12,2,10,2,0,7,89,0
74,814,12,2,10,2,0,6,97,0
74,815,11,2,9,2,1,8,103,0
74,816,11,2,9,2,1,9,110,0
74,817,11,2,9,2,1,8,117,0
74,818,11,0,9,2,1,5,113,1
74,819,11,0,9,2,1,3,122,1
74,820,11,0,9,2,1,0,132,1
74,821,11,0,9,2,1,4,140,1
74,822,11,0,9,2,1,9,149,1
74,823,11,0,9,2,1,13,148,2
74,824,11,0,9,2,1,24,155,2
74,825,11,0,9,2,1,36,164,2
74,826,11,0,9,2,1,48,170,2
74,827,11,0,9,2,1,59,178,2
74,828,11,0,9,2,1,70,185,2
74,829,11,0,9,2,1,82,193,2
74,830,11,0,9,2,1,92,199,2
74,831,11,0,9,2,1,103,205,2
74,832,11,0,9,2,1,115,212,2
74,833,11,0,9,2,1,123,218,2
74,834,11,0,9,2,1,132,224,2
74,835,11,0,9,2,1,141,229,2
74,836,11,0,9,2,1,147,235,2
74,837,11,0,9,2,1,156,241,2
74,838,11,0,9,2,1,164,246,2
74,839,11,0,9,2,1,171,252,2
74,840,11,0,9,2,1,177,257,2
74,841,10,0,8,2,2,186,262,2
74,842,10,0,8,2,2,191,266,2
74,843,10,0,8,2,2,197,269,2
74,844,10,0,8,2,2,202,273,2
74,845,10,0,8,2,2,206,277,2
74,846,9,0,7,2,3,213,281,2
74,847,9,0,7,2,3,217,284,2
74,848,9,0,7,2,3,221,288,2
74,849,9,0,7,2,3,225,291,2
74,850,9,0,7,2,3,230,295,2
75,800,10,0,10,0,0,30,5,0
75,801,11,1,10,1,0,34,8,0
75,802,11,1,10,1,0,38,12,0
75,803,12,2,10,2,0,42,15,0
75,804,12,2,10,2,0,42,19,0
75,805,13,3,10,3,0,42,22,0
75,806,15,5,10,5,0,39,24,0
75,807,15,5,10,5,0,32,25,0
75,808,15,5,10,5,0,25,17,1
75,809,15,5,10,5,0,27,18,1
75,810,16,6,10,6,0,29,18,1
75,811,17,7,10,7,0,29,21,1
75,812,17,7,10,7,0,31,23,1
75,813,18,8,10,8,0,30,26,1
75,814,18,8,10,8,0,30,28,1
75,815,19,9,10,9,0,32,32,1
75,816,19,9,10,9,0,30,34,1
75,817,19,8,10,9,0,29,37,1
75,818,19,8,10,9,0,25,40,1
75,819,19,7,10,9,0,27,42,1
75,820,19,7,10,9,0,29,44,1
75,821,19,6,10,9,0,39,47,1
75,822,19,4,10,9,0,45,49,1
75,823,19,4,10,9,0,52,52,1
75,824,19,4,10,9,0,57,45,2
75,825,19,4,10,9,0,67,46,2
75,826,20,4,10,10,0,75,54,2
75,827,20,3,10,10,0,72,62,2
75,828,20,3,10,10,0,68,70,2
75,829,21,3,10,11,0,73,79,2
75,830,21,3,10,11,0,73,86,2
75,831,21,2,10,11,0,74,85,3
75,832,22,3,10,12,0,76,95,3
75,833,22,3,10,12,0,79,103,3
75,834,22,3,10,12,0,79,102,4
75,835,23,5,9,14,1,81,111,4
75,836,24,6,9,15,1,77,122,4
75,837,24,6,9,15,1,72,132,4
75,838,22,6,7,15,3,69,141,4
75,839,21,6,6,15,4,61,152,4
75,840,22,7,6,16,4,52,156,4
75,841,22,8,6,17,5,46,165,4
75,842,22,7,6,17,5,37,174,4
75,843,21,7,5,17,6,31,182,4
75,844,19,7,3,17,8,26,190,4
75,845,19,6,3,17,8,16,200,4
75,846,19,6,3,17,8,32,208,4
75,847,19,6,3,17,8,50,215,4
75,848,19,5,3,17,8,65,225,4
75,849,19,5,3,17,8,82,233,4
75,850,19,5,3,17,8,98,241,4
76,800,10,0,10,0,0,30,5,0
76,801,12,2,10,2,0,41,6,0
76,802,12,2,10,2,0,46,8,0
76,803,13,3,10,3,0,50,0,1
76,804,14,4,10,4,0,50,2,1
76,805,14,4,10,4,0,49,5,1
76,806,14,4,10,4,0,47,7,1
76,807,15,5,10,5,0,50,10,1
76,808,15,5,10,5,0,52,12,1
76,809,15,5,10,5,0,62,15,1
76,810,15,5,10,5,0,72,7,2
76,811,16,6,10,6,0,90,8,2
76,812,17,7,10,7,0,98,10,2
76,813,17,7,10,7,0,106,11,2
76,814,18,8,10,8,0,113,13,2
76,815,18,8,10,8,0,118,14,2
76,816,18,8,10,8,0,124,16,2
76,817,17,5,10,8,1,128,17,2
76,818,17,5,10,8,1,135,19,2
76,819,17,4,10,8,1,143,20,2
76,820,18,5,10,9,1,155,21,2
76,821,18,5,10,9,1,160,29,2
76,822,18,5,10,9,1,166,38,2
76,823,18,4,10,9,1,168,47,2
76,824,18,4,10,9,1,172,56,2
76,825,18,4,10,9,1,172,65,2
76,826,18,4,10,9,1,184,75,2
76,827,18,3,10,9,1,194,85,2
76,828,18,2,10,9,1,201,96,2
76,829,18,2,10,9,1,206,107,2
76,830,18,1,10,9,1,212,117,2
76,831,16,0,9,9,3,220,117,3
76,832,16,0,9,9,3,226,132,3
76,833,16,0,9,9,3,231,145,3
76,834,16,0,9,9,3,235,157,3
76,835,16,0,9,9,3,239,170,3
76,836,17,1,9,10,3,241,184,3
76,837,17,1,9,10,3,242,196,3
76,838,16,1,8,10,4,245,200,4
76,839,16,1,8,10,4,245,211,4
76,840,16,1,8,10,4,246,222,4
76,841,16,1,8,10,4,247,234,4
76,842,17,2,8,11,4,246,246,4
76,843,17,2,8,11,4,244,257,4
76,844,16,2,7,11,5,243,270,4
76,845,16,2,7,11,5,240,279,4
76,846,16,2,7,11,5,238,290,4
76,847,16,2,7,11,5,237,300,4
76,848,16,2,7,11,5,235,309,4
76,849,17,3,7,12,5,230,319,4
76,850,17,3,7,12,5,225,330,4
77,800,10,0,10,0,0,30,5,0
77,801,11,1,10,1,0,39,7,0
77,802,11,1,10,1,0,48,9,0
77,803,11,1,10,1,0,57,11,0
77,804,12,2,10,2,0,66,3,1
77,805,12,2,10,2,0,75,4,1
77,806,13,3,10,3,0,84,5,1
77,807,13,3,10,3,0,94,6,1
77,808,14,4,10,4,0,102,7,1
77,809,14,4,10,4,0,105,8,1
77,810,14,4,10,4,0,115,9,1
77,811,15,5,10,5,0,129,10,1
77,812,15,5,10,5,0,137,11,1
77,813,16,6,10,6,0,148,12,1
77,814,17,7,10,7,0,157,12,1
77,815,17,7,10,7,0,164,13,1
77,816,17,7,10,7,0,172,14,1
77,817,17,6,10,7,0,179,15,1
77,818,18,7,10,8,0,184,15,1
77,819,18,7,10,8,0,193,16,1
77,820,17,6,9,8,1,202,7,2
77,821,17,6,9,8,1,214,11,2
77,822,18,6,9,9,1,226,17,2
77,823,18,6,9,9,1,236,22,2
77,824,18,5,9,9,1,243,28,2
77,825,17,5,8,9,2,252,33,2
77,826,17,5,8,9,2,259,43,2
77,827,17,4,8,9,2,264,54,2
77,828,17,4,8,9,2,272,65,2
77,829,17,3,8,9,2,278,76,2
77,830,17,2,8,9,2,281,87,2
77,831,17,2,8,9,2,286,102,2
77,832,18,3,8,10,2,288,100,4
77,833,18,3,8,10,2,289,116,4
77,834,17,2,7,10,3,290,133,4
77,835,17,3,6,11,4,287,149,4
77,836,16,3,5,11,5,281,160,4
77,837,16,3,5,11,5,270,172,4
77,838,17,3,5,12,5,259,188,4
77,839,16,3,4,12,6,249,205,4
77,840,15,3,3,12,7,241,220,4
77,841,15,3,3,12,7,228,234,4
77,842,15,3,3,12,7,217,247,4
77,843,15,3,3,12,7,204,264,4
77,844,16,4,3,13,7,191,283,4
77,845,16,4,3,13,7,177,297,4
77,846,17,5,3,14,7,163,311,4
77,847,17,5,3,14,7,146,322,4
77,848,17,4,3,14,7,130,334,4
77,849,17,4,3,14,7,112,345,4
77,850,18,5,3,15,7,94,361,4
78,800,10,0,10,0,0,30,5,0
78,801,10,0,10,0,0,34,9,0
78,802,11,1,10,1,0,41,15,0
78,803,11,1,10,1,0,48,18,0
78,804,14,4,10,4,0,54,12,1
78,805,14,4,10,4,0,46,16,1
78,806,14,4,10,4,0,38,21,1
78,807,15,5,10,5,0,31,26,1
78,808,15,5,10,5,0,23,32,1
78,809,15,5,10,5,0,14,38,1
78,810,15,5,10,5,0,17,34,2
78,811,15,5,10,5,0,25,42,2
78,812,16,6,10,6,0,31,49,2
78,813,17,7,10,7,0,36,56,2
78,814,17,7,10,7,0,44,61,2
78,815,17,7,10,7,0,48,65,2
78,816,19,9,10,9,0,54,70,2
78,817,19,9,10,9,0,56,75,2
78,818,19,8,10,9,0,59,80,2
78,819,19,8,10,9,0,61,85,2
78,820,20,6,10,10,0,60,90,2
78,821,20,6,10,10,0,58,95,2
78,822,20,6,10,10,0,55,101,2
78,823,19,5,9,10,1,55,98,3
78,824,19,5,9,10,1,53,104,3
78,825,19,5,9,10,1,52,109,3
78,826,20,6,9,11,1,48,115,3
78,827,20,6,9,11,1,44,120,3
78,828,20,5,9,11,1,39,124,3
78,829,20,4,9,11,1,31,129,3
78,830,20,4,9,11,1,23,135,3
78,831,20,4,9,11,1,50,140,3
78,832,21,3,9,12,1,76,135,4
78,833,21,3,9,12,1,116,139,4
78,834,21,3,9,12,1,148,132,5
78,835,22,4,9,13,1,190,134,5
78,836,21,3,8,13,2,230,135,5
78,837,21,3,8,13,2,262,138,5
78,838,21,3,8,13,2,295,140,5
78,839,22,4,8,14,2,326,141,5
78,840,22,4,8,14,2,357,143,5
78,841,22,4,8,14,2,387,144,5
78,842,22,3,8,14,2,417,145,5
78,843,24,5,8,16,2,446,146,5
78,844,24,5,8,16,2,470,137,6
78,845,24,5,8,16,2,494,137,6
78,846,24,5,8,16,2,520,136,6
78,847,24,5,8,16,2,542,135,6
78,848,25,5,8,17,2,566,136,6
78,849,24,5,7,17,3,588,134,6
78,850,23,5,6,17,4,615,132,6
79,800,10,0,10,0,0,30,5,0
79,801,11,1,10,1,0,36,9,0
79,802,12,2,10,2,0,39,15,0
79,803,13,3,10,3,0,40,18,0
79,804,13,3,10,3,0,42,20,0
79,805,13,3,10,3,0,43,21,0
79,806,14,4,10,4,0,45,13,1
79,807,16,6,10,6,0,44,15,1
79,808,16,6,10,6,0,39,19,1
79,809,17,7,10,7,0,33,23,1
79,810,17,7,10,7,0,26,27,1
79,811,17,7,10,7,0,18,32,1
79,812,17,7,10,7,0,12,36,1
79,813,17,7,10,7,0,9,42,1
79,814,17,7,10,7,0,5,48,1
79,815,17,7,10,7,0,12,54,1
79,816,17,7,10,7,0,15,60,1
79,817,17,6,10,7,0,20,66,1
79,818,17,5,10,7,0,25,71,1
79,819,17,4,10,7,0,26,78,1
79,820,17,4,10,7,0,29,84,1
79,821,17,4,10,7,0,42,90,1
79,822,17,3,10,7,0,56,96,1
79,823,17,1,10,7,0,70,102,1
79,824,17,1,10,7,0,80,108,1
79,825,18,1,10,8,0,91,105,2
79,826,18,1,10,8,0,105,99,3
79,827,18,1,10,8,0,124,103,3
79,828,18,1,10,8,0,142,107,3
79,829,18,1,10,8,0,157,100,4
79,830,19,2,10,9,0,177,102,4
79,831,19,2,10,9,0,185,120,4
79,832,19,2,10,9,0,193,140,4
79,833,19,2,10,9,0,199,158,4
79,834,19,2,10,9,0,207,177,4
79,835,20,3,10,10,0,210,197,4
79,836,20,3,10,10,0,214,214,4
79,837,20,3,10,10,0,216,232,4
79,838,20,3,10,10,0,218,251,4
79,839,21,4,10,11,0,218,270,4
79,840,21,4,10,11,0,215,287,4
79,841,21,3,10,11,0,216,304,4
79,842,20,3,9,11,1,214,323,4
79,843,20,3,9,11,1,210,339,4
79,844,20,3,9,11,1,216,356,4
79,845,20,3,9,11,1,220,375,4
79,846,20,2,9,11,1,225,392,4
79,847,20,2,9,11,1,224,408,4
79,848,20,2,9,11,1,228,416,5
79,849,19,2,8,11,2,235,429,5
79,850,19,2,8,11,2,243,445,5
80,800,10,0,10,0,0,30,5,0
80,801,10,0,10,0,0,33,9,0
80,802,10,0,10,0,0,40,14,0
80,803,10,0,10,0,0,46,20,0
80,804,10,0,10,0,0,53,25,0
80,805,11,1,10,1,0,60,31,0
80,806,11,1,10,1,0,63,35,0
80,807,11,1,10,1,0,66,41,0
80,808,12,2,10,2,0,67,46,0
80,809,12,2,10,2,0,68,52,0
80,810,12,2,10,2,0,69,48,1
80,811,12,2,10,2,0,75,54,1
80,812,13,3,10,3,0,79,59,1
80,813,13,3,10,3,0,84,65,1
80,814,13,3,10,3,0,86,71,1
80,815,13,3,10,3,0,89,77,1
80,816,13,3,10,3,0,91,83,1
80,817,13,3,10,3,0,95,89,1
80,818,13,3,10,3,0,101,93,1
80,819,13,3,10,3,0,106,99,1
80,820,13,3,10,3,0,111,104,1
80,821,13,2,10,3,0,115,110,1
80,822,13,2,10,3,0,119,115,1
80,823,13,2,10,3,0,122,120,1
80,824,13,1,10,3,0,122,125,1
80,825,13,1,10,3,0,123,130,1
80,826,13,1,10,3,0,124,135,1
80,827,13,1,10,3,0,121,140,1
80,828,13,0,10,3,0,122,145,1
80,829,13,0,10,3,0,119,148,1
80,830,13,0,10,3,0,114,152,1
80,831,13,0,10,3,0,111,158,1
80,832,13,0,10,3,0,107,162,1
80,833,12,0,9,3,1,104,166,1
80,834,12,0,9,3,1,99,169,1
80,835,12,0,9,3,1,93,174,1
80,836,12,0,9,3,1,86,178,1
80,837,12,0,9,3,1,80,180,1
80,838,11,0,8,3,2,73,184,1
80,839,11,0,8,3,2,69,187,1
80,840,11,0,8,3,2,62,189,1
80,841,10,0,7,3,3,58,191,1
80,842,10,0,7,3,3,51,193,1
80,843,10,0,7,3,3,44,195,1
80,844,10,0,7,3,3,39,197,1
80,845,9,0,6,3,4,34,198,1
80,846,9,0,6,3,4,26,201,1
80,847,9,0,6,3,4,19,202,1
80,848,8,0,5,3,5,13,204,1
80,849,7,0,4,3,6,9,205,1
80,850,7,0,4,3,6,3,206,1
81,800,10,0,10,0,0,30,5,0
81,801,10,0,10,0,0,27,13,0
81,802,11,1,10,1,0,24,25,0
81,803,11,1,10,1,0,21,25,1
81,804,11,1,10,1,0,27,33,1
81,805,13,3,10,3,0,33,32,2
81,806,14,4,10,4,0,36,38,2
81,807,14,4,10,4,0,40,43,2
81,808,14,4,10,4,0,43,48,2
81,809,15,5,10,5,0,45,54,2
81,810,15,5,10,5,0,47,50,3
81,811,15,5,10,5,0,49,62,3
81,812,15,5,10,5,0,51,76,3
81,813,16,6,10,6,0,53,90,3
81,814,16,6,10,6,0,55,101,3
81,815,16,6,10,6,0,58,111,3
81,816,17,7,10,7,0,64,121,3
81,817,17,7,10,7,0,59,132,3
81,818,17,6,10,7,0,53,142,3
81,819,17,6,10,7,0,49,156,3
81,820,17,6,10,7,0,42,168,3
81,821,17,4,10,7,0,34,181,3
81,822,17,3,10,7,0,32,193,3
81,823,17,3,10,7,0,31,207,3
81,824,17,3,10,7,0,30,219,3
81,825,16,2,9,7,1,31,222,4
81,826,15,2,8,7,2,66,234,4
81,827,15,2,8,7,2,103,242,4
81,828,15,2,8,7,2,140,250,4
81,829,15,1,8,7,2,177,258,4
81,830,15,1,8,7,2,214,254,5
81,831,15,1,8,7,2,251,261,5
81,832,16,1,8,8,2,292,267,5
81,833,16,1,8,8,2,318,271,5
81,834,16,1,8,8,2,346,278,5
81,835,17,2,8,9,2,374,283,5
81,836,17,2,8,9,2,398,287,5
81,837,17,2,8,9,2,423,292,5
81,838,17,2,8,9,2,445,296,5
81,839,18,3,8,10,2,471,300,5
81,840,18,3,8,10,2,491,305,5
81,841,17,3,7,10,3,514,308,5
81,842,17,3,7,10,3,530,312,5
81,843,17,3,7,10,3,547,315,5
81,844,17,3,7,10,3,561,318,5
81,845,18,4,7,11,3,586,321,5
81,846,16,4,5,11,5,603,323,5
81,847,15,4,4,11,6,612,326,5
81,848,15,3,4,11,6,622,326,5
81,849,15,3,4,11,6,631,326,5
81,850,15,3,4,11,6,640,326,5
82,800,10,0,10,0,0,30,5,0
82,801,10,0,10,0,0,38,8,0
82,802,10,0,10,0,0,50,12,0
82,803,11,1,10,1,0,62,16,0
82,804,13,3,10,3,0,70,20,0
82,805,13,3,10,3,0,67,23,0
82,806,13,3,10,3,0,65,27,0
82,807,13,3,10,3,0,62,31,0
82,808,14,4,10,4,0,59,35,0
82,809,15,5,10,5,0,60,38,0
82,810,16,6,10,6,0,59,43,0
82,811,17,7,10,7,0,53,47,0
82,812,17,7,10,7,0,46,51,0
82,813,17,7,10,7,0,39,54,0
82,814,18,8,10,8,0,32,48,1
82,815,18,8,10,8,0,31,53,1
82,816,18,8,10,8,0,29,57,1
82,817,18,8,10,8,0,33,62,1
82,818,18,8,10,8,0,35,66,1
82,819,18,7,10,8,0,37,70,1
82,820,18,5,10,8,0,42,76,1
82,821,18,5,10,8,0,46,84,1
82,822,17,5,9,8,1,52,84,2
82,823,17,5,9,8,1,54,99,2
82,824,17,4,9,8,1,54,113,2
82,825,18,4,9,9,1,54,128,2
82,826,18,3,9,9,1,53,136,2
82,827,18,2,9,9,1,49,145,2
82,828,18,2,9,9,1,46,149,3
82,829,19,3,9,10,1,40,152,4
82,830,19,2,9,10,1,39,165,4
82,831,19,2,9,10,1,36,178,4
82,832,19,2,9,10,1,29,191,4
82,833,19,2,9,10,1,25,205,4
82,834,19,2,9,10,1,19,216,4
82,835,19,2,9,10,1,14,231,4
82,836,19,2,9,10,1,35,243,4
82,837,19,2,9,10,1,59,256,4
82,838,19,3,8,11,2,84,268,4
82,839,22,6,8,14,2,98,279,4
82,840,22,6,8,14,2,104,280,4
82,841,23,6,8,15,2,109,282,4
82,842,23,6,8,15,2,110,283,4
82,843,22,7,7,16,4,115,285,4
82,844,23,9,6,18,5,115,286,4
82,845,23,8,6,18,5,109,293,4
82,846,23,8,6,18,5,102,298,4
82,847,23,8,6,18,5,95,304,4
82,848,23,8,6,18,5,86,314,4
82,849,23,8,6,18,5,87,324,4
82,850,24,9,6,19,5,96,334,4
83,800,10,0,10,0,0,30,5,0
83,801,11,1,10,1,0,30,8,0
83,802,12,2,10,2,0,31,14,0
83,803,12,2,10,2,0,25,20,0
83,804,12,2,10,2,0,21,16,1
83,805,12,2,10,2,0,19,23,1
83,806,12,2,10,2,0,18,30,1
83,807,12,2,10,2,0,20,37,1
83,808,12,2,10,2,0,23,44,1
83,809,14,4,10,4,0,29,51,1
83,810,14,4,10,4,0,26,56,1
83,811,14,4,10,4,0,22,61,1
83,812,14,4,10,4,0,19,66,1
83,813,14,4,10,4,0,16,71,1
83,814,14,4,10,4,0,12,75,1
83,815,14,4,10,4,0,17,82,1
83,816,14,4,10,4,0,18,89,1
83,817,14,3,10,4,0,19,96,1
83,818,14,2,10,4,0,20,103,1
83,819,14,2,10,4,0,20,110,1
83,820,14,2,10,4,0,20,117,1
83,821,14,2,10,4,0,25,123,1
83,822,13,2,9,4,1,32,130,1
83,823,12,2,8,4,2,40,137,1
83,824,12,2,8,4,2,47,142,1
83,825,12,0,8,4,2,51,147,1
83,826,11,0,7,4,3,56,151,1
83,827,10,0,6,4,4,62,145,2
83,828,10,0,6,4,4,67,141,3
83,829,10,0,6,4,4,74,144,3
83,830,10,0,6,4,4,79,149,3
83,831,10,0,6,4,4,83,142,4
83,832,11,1,6,5,4,95,146,4
83,833,11,2,5,6,5,108,148,4
83,834,11,2,5,6,5,108,150,4
83,835,11,2,5,6,5,107,152,4
83,836,11,2,5,6,5,108,154,4
83,837,11,2,5,6,5,105,156,4
83,838,11,2,5,6,5,111,157,4
83,839,11,2,5,6,5,118,158,4
83,840,12,3,5,7,5,123,160,4
83,841,12,3,5,7,5,128,161,4
83,842,13,4,5,8,5,132,162,4
83,843,13,4,5,8,5,126,162,4
83,844,13,4,5,8,5,122,164,4
83,845,14,5,5,9,5,116,164,4
83,846,13,5,4,9,6,111,164,4
83,847,13,5,4,9,6,106,162,4
83,848,13,4,4,9,6,107,160,4
83,849,13,3,4,9,6,107,158,4
83,850,13,3,4,9,6,109,156,4
84,800,10,0,10,0,0,30,5,0
84,801,10,0,10,0,0,41,6,0
84,802,10,0,10,0,0,56,7,0
84,803,11,1,10,1,0,70,8,0
84,804,11,1,10,1,0,85,8,0
84,805,11,1,10,1,0,98,8,0
84,806,13,3,10,3,0,114,8,0
84,807,13,3,10,3,0,116,8,0
84,808,13,3,10,3,0,120,8,0
84,809,14,4,10,4,0,125,0,1
84,810,15,5,10,5,0,134,0,1
84,811,15,5,10,5,0,142,0,1
84,812,15,5,10,5,0,156,5,0
84,813,15,5,10,5,0,162,5,0
84,814,15,5,10,5,0,167,5,0
84,815,15,5,10,5,0,174,6,0
84,816,15,5,10,5,0,182,7,0
84,817,15,5,10,5,0,193,9,0
84,818,15,5,10,5,0,202,10,0
84,819,15,4,10,5,0,210,11,0
84,820,15,4,10,5,0,218,13,0
84,821,15,4,10,5,0,226,5,1
84,822,16,3,10,6,0,234,9,1
84,823,16,3,10,6,0,243,9,1
84,824,15,3,9,6,1,252,10,1
84,825,15,2,9,6,1,257,10,1
84,826,16,2,9,7,1,261,15,1
84,827,15,2,8,7,2,265,20,1
84,828,15,2,8,7,2,267,26,1
84,829,15,2,8,7,2,267,31,1
84,830,15,2,8,7,2,265,37,1
84,831,15,2,8,7,2,266,34,2
84,832,15,2,8,7,2,269,48,2
84,833,15,2,8,7,2,268,60,2
84,834,15,2,8,7,2,271,73,2
84,835,15,2,8,7,2,273,87,2
84,836,15,2,8,7,2,272,100,2
84,837,15,2,8,7,2,270,112,2
84,838,15,2,7,8,3,270,125,2
84,839,15,2,7,8,3,265,134,2
84,840,13,2,5,8,5,262,133,3
84,841,13,2,5,8,5,254,145,3
84,842,12,1,4,8,6,246,157,3
84,843,12,1,4,8,6,236,169,3
84,844,12,1,4,8,6,224,182,3
84,845,12,1,4,8,6,213,184,4
84,846,12,1,4,8,6,203,197,4
84,847,13,2,4,9,6,195,211,4
84,848,13,2,4,9,6,184,224,4
84,849,12,2,3,9,7,174,237,4
84,850,10,2,1,9,9,164,251,4
85,800,10,0,10,0,0,30,5,0
85,801,11,1,10,1,0,39,7,0
85,802,12,2,10,2,0,49,9,0
85,803,13,3,10,3,0,58,9,0
85,804,13,3,10,3,0,62,9,0
85,805,14,4,10,4,0,66,9,0
85,806,15,5,10,5,0,70,9,0
85,807,15,5,10,5,0,72,9,0
85,808,15,5,10,5,0,75,9,0
85,809,16,6,10,6,0,82,9,0
85,810,16,6,10,6,0,84,9,0
85,811,17,7,10,7,0,85,10,0
85,812,18,8,10,8,0,86,11,0
85,813,19,9,10,9,0,84,11,0
85,814,19,9,10,9,0,82,11,0
85,815,19,9,10,9,0,81,11,0
85,816,19,9,10,9,0,79,11,0
85,817,19,8,10,9,0,77,13,0
85,818,19,7,10,9,0,72,16,0
85,819,19,6,10,9,0,71,19,0
85,820,19,6,10,9,0,69,22,0
85,821,19,5,10,9,0,66,31,0
85,822,19,4,10,9,0,62,39,0
85,823,19,4,10,9,0,58,50,0
85,824,19,4,10,9,0,52,58,0
85,825,19,3,10,9,0,47,67,0
85,826,19,3,10,9,0,41,82,0
85,827,18,2,9,9,1,33,86,1
85,828,18,1,9,9,1,24,105,1
85,829,18,0,9,9,1,11,124,1
85,830,18,0,9,9,1,0,132,2
85,831,17,0,8,9,2,4,152,2
85,832,17,0,8,9,2,10,160,3
85,833,17,0,8,9,2,18,181,3
85,834,17,0,8,9,2,22,202,3
85,835,17,0,8,9,2,28,223,3
85,836,18,1,8,10,2,37,246,3
85,837,18,1,8,10,2,37,263,3
85,838,18,1,8,10,2,43,279,3
85,839,18,1,8,10,2,43,296,3
85,840,17,1,7,10,3,48,313,3
85,841,19,3,7,12,3,48,330,3
85,842,19,3,7,12,3,47,344,3
85,843,19,3,7,12,3,44,358,3
85,844,19,3,7,12,3,43,369,3
85,845,19,3,7,12,3,40,382,3
85,846,19,3,7,12,3,38,394,3
85,847,18,3,6,12,4,35,405,4
85,848,18,3,6,12,4,45,424,4
85,849,17,3,5,12,5,54,443,4
85,850,17,3,5,12,5,64,464,4
86,800,10,0,10,0,0,30,5,0
86,801,10,0,10,0,0,24,13,0
86,802,10,0,10,0,0,18,24,0
86,803,10,0,10,0,0,15,23,1
86,804,10,0,10,0,0,10,36,1
86,805,10,0,10,0,0,4,49,1
86,806,10,0,10,0,0,1,61,1
86,807,10,0,10,0,0,0,74,1
86,808,10,0,10,0,0,0,86,1
86,809,10,0,10,0,0,0,99,1
86,810,10,0,10,0,0,0,114,1
86,811,10,0,10,0,0,0,126,1
86,812,10,0,10,0,0,0,139,1
86,813,10,0,10,0,0,0,152,1
86,814,10,0,10,0,0,0,164,1
86,815,9,0,9,0,1,0,177,1
86,816,9,0,9,0,1,0,189,1
86,817,9,0,9,0,1,0,199,1
86,818,9,0,9,0,1,0,211,1
86,819,9,0,9,0,1,0,222,1
86,820,9,0,9,0,1,0,233,1
86,821,9,0,9,0,1,0,243,1
86,822,9,0,9,0,1,0,255,1
86,823,9,0,9,0,1,0,264,1
86,824,9,0,9,0,1,0,276,1
86,825,9,0,9,0,1,0,286,1
86,826,9,0,9,0,1,0,296,1
86,827,9,0,9,0,1,0,307,1
86,828,9,0,9,0,1,0,318,1
86,829,9,0,9,0,1,0,327,1
86,830,8,0,8,0,2,0,336,1
86,831,8,0,8,0,2,0,345,1
86,832,8,0,8,0,2,0,353,1
86,833,8,0,8,0,2,0,359,1
86,834,8,0,8,0,2,0,366,1
86,835,8,0,8,0,2,0,373,1
86,836,8,0,8,0,2,0,380,1
86,837,8,0,8,0,2,0,387,1
86,838,8,0,8,0,2,0,392,1
86,839,8,0,8,0,2,0,399,1
86,840,8,0,8,0,2,0,405,1
86,841,8,0,8,0,2,0,410,1
86,842,8,0,8,0,2,0,417,1
86,843,7,0,7,0,3,0,422,1
86,844,7,0,7,0,3,0,427,1
86,845,7,0,7,0,3,0,430,1
86,846,7,0,7,0,3,0,435,1
86,847,7,0,7,0,3,0,438,1
86,848,7,0,7,0,3,0,442,1
86,849,7,0,7,0,3,0,445,1
86,850,7,0,7,0,3,0,449,1
87,800,10,0,10,0,0,30,5,0
87,801,11,1,10,1,0,32,8,0
87,802,11,1,10,1,0,34,13,0
87,803,11,1,10,1,0,37,9,1
87,804,12,2,10,2,0,42,15,1
87,805,13,3,10,3,0,44,9,2
87,806,14,4,10,4,0,43,14,2
87,807,15,5,10,5,0,42,19,2
87,808,17,7,10,7,0,36,24,2
87,809,17,7,10,7,0,22,28,2
87,810,17,7,10,7,0,12,32,2
87,811,17,7,10,7,0,1,37,2
87,812,17,7,10,7,0,0,42,2
87,813,17,7,10,7,0,0,47,2
87,814,17,7,10,7,0,9,51,2
87,815,17,7,10,7,0,19,54,2
87,816,17,7,10,7,0,26,59,2
87,817,18,7,10,8,0,35,64,2
87,818,18,7,10,8,0,34,67,2
87,819,19,8,10,9,0,34,71,2
87,820,19,7,10,9,0,22,75,2
87,821,19,6,10,9,0,18,80,2
87,822,19,5,10,9,0,15,83,2
87,823,19,4,10,9,0,16,86,2
87,824,19,2,10,9,0,20,79,3
87,825,19,2,10,9,0,32,82,3
87,826,19,2,10,9,0,70,65,5
87,827,22,5,10,12,0,113,64,5
87,828,22,5,10,12,0,136,65,5
87,829,22,5,10,12,0,158,64,5
87,830,21,5,9,12,1,180,64,5
87,831,22,6,9,13,1,197,63,5
87,832,22,6,9,13,1,215,64,5
87,833,22,5,9,13,1,248,64,5
87,834,22,6,8,14,2,284,62,5
87,835,23,6,8,15,2,306,62,5
87,836,23,7,7,16,3,324,67,5
87,837,24,8,7,17,3,338,74,5
87,838,24,8,7,17,3,352,79,5
87,839,25,9,7,18,3,366,85,5
87,840,25,9,7,18,3,376,81,6
87,841,25,9,7,18,3,386,87,6
87,842,25,9,7,18,3,406,91,6
87,843,24,6,6,18,4,428,97,6
87,844,27,9,6,21,4,451,100,6
87,845,27,9,6,21,4,466,99,6
87,846,26,9,5,21,5,495,102,6
87,847,26,8,5,21,5,519,95,7
87,848,27,9,5,22,5,544,99,7
87,849,27,9,5,22,5,568,102,7
87,850,27,8,5,22,5,593,105,7
88,800,10,0,10,0,0,30,5,0
88,801,10,0,10,0,0,32,0,1
88,802,10,0,10,0,0,48,5,1
88,803,13,3,10,3,0,63,10,1
88,804,13,3,10,3,0,59,15,1
88,805,13,3,10,3,0,55,20,1
88,806,14,4,10,4,0,51,25,1
88,807,16,6,10,6,0,47,30,1
88,808,16,6,10,6,0,41,35,1
88,809,16,6,10,6,0,33,40,1
88,810,16,6,10,6,0,26,46,1
88,811,16,6,10,6,0,19,51,1
88,812,16,6,10,6,0,16,56,1
88,813,16,6,10,6,0,26,61,1
88,814,17,7,10,7,0,32,56,2
88,815,17,7,10,7,0,41,60,2
88,816,18,8,10,8,0,47,64,2
88,817,18,8,10,8,0,50,68,2
88,818,18,8,10,8,0,52,72,2
88,819,18,5,10,8,0,52,76,2
88,820,18,5,10,8,0,59,80,2
88,821,18,5,10,8,0,67,82,3
88,822,18,4,10,8,0,80,95,3
88,823,18,2,10,8,0,89,108,3
88,824,18,2,10,8,0,100,121,3
88,825,18,2,10,8,0,109,124,4
88,826,17,2,9,8,1,122,137,4
88,827,17,2,9,8,1,126,153,4
88,828,17,2,9,8,1,131,169,4
88,829,18,3,9,9,1,135,184,4
88,830,18,2,9,9,1,137,200,4
88,831,18,2,9,9,1,138,215,4
88,832,19,2,9,10,1,138,228,4
88,833,19,2,9,10,1,135,234,5
88,834,20,3,9,11,1,134,248,5
88,835,21,4,9,12,1,128,257,5
88,836,21,4,9,12,1,122,266,5
88,837,21,4,9,12,1,115,274,5
88,838,22,5,9,13,1,108,283,5
88,839,22,5,9,13,1,97,292,5
88,840,22,5,9,13,1,87,305,5
88,841,23,6,9,14,1,77,317,5
88,842,22,6,8,14,2,66,318,6
88,843,22,6,8,14,2,57,328,6
88,844,22,6,8,14,2,49,337,6
88,845,22,5,8,14,2,37,348,6
88,846,22,5,8,14,2,60,359,6
88,847,22,5,8,14,2,85,368,6
88,848,22,4,8,14,2,107,377,6
88,849,22,4,8,14,2,128,386,6
88,850,22,3,8,14,2,150,396,6
89,800,10,0,10,0,0,30,5,0
89,801,10,0,10,0,0,34,1,1
89,802,10,0,10,0,0,48,8,1
89,803,10,0,10,0,0,61,15,1
89,804,10,0,10,0,0,75,22,1
89,805,10,0,10,0,0,88,21,2
89,806,12,2,10,2,0,110,27,2
89,807,12,2,10,2,0,115,33,2
89,808,13,3,10,3,0,122,29,3
89,809,14,4,10,4,0,124,38,3
89,810,14,4,10,4,0,123,45,3
89,811,14,4,10,4,0,124,53,3
89,812,15,5,10,5,0,133,60,3
89,813,15,5,10,5,0,131,68,3
89,814,14,4,10,5,1,140,75,3
89,815,15,5,10,6,1,153,84,3
89,816,15,5,10,6,1,163,91,3
89,817,15,5,10,6,1,173,98,3
89,818,15,5,10,6,1,184,105,3
89,819,15,5,10,6,1,191,112,3
89,820,15,5,10,6,1,202,119,3
89,821,15,5,10,6,1,219,126,3
89,822,15,4,10,6,1,233,133,3
89,823,15,4,10,6,1,250,139,3
89,824,15,3,10,6,1,266,147,3
89,825,15,2,10,6,1,275,153,3
89,826,15,2,10,6,1,289,159,3
89,827,15,2,10,6,1,298,164,3
89,828,15,1,10,6,1,306,171,3
89,829,15,1,10,6,1,315,177,3
89,830,15,1,10,6,1,322,182,3
89,831,15,0,10,6,1,326,187,3
89,832,15,0,10,6,1,331,193,3
89,833,15,0,10,6,1,334,188,4
89,834,15,0,10,6,1,336,191,4
89,835,15,0,10,6,1,337,194,4
89,836,16,1,10,7,1,339,198,4
89,837,16,1,10,7,1,338,201,4
89,838,16,1,10,7,1,335,204,4
89,839,16,1,10,7,1,335,207,4
89,840,16,2,9,8,2,333,199,5
89,841,16,2,9,8,2,332,199,5
89,842,15,2,8,8,3,330,198,5
89,843,15,2,8,8,3,322,197,5
89,844,15,2,8,8,3,314,196,5
89,845,13,2,6,8,5,310,196,5
89,846,15,4,6,10,5,301,193,5
89,847,15,4,6,10,5,289,191,5
89,848,14,4,5,10,6,280,189,5
89,849,14,4,5,10,6,267,187,5
89,850,13,4,4,10,7,256,190,4
90,800,10,0,10,0,0,30,5,0
90,801,10,0,10,0,0,38,7,0
90,802,10,0,10,0,0,49,1,1
90,803,10,0,10,0,0,69,3,1
90,804,10,0,10,0,0,87,5,1
90,805,10,0,10,0,0,107,7,1
90,806,10,0,10,0,0,126,10,1
90,807,10,0,10,0,0,143,11,1
90,808,10,0,10,0,0,162,14,1
90,809,10,0,10,0,0,181,16,1
90,810,10,0,10,0,0,199,18,1
90,811,10,0,10,0,0,219,20,1
90,812,10,0,10,0,0,237,23,1
90,813,10,0,10,0,0,255,24,1
90,814,10,0,10,0,0,273,17,2
90,815,10,0,10,0,0,295,19,2
90,816,10,0,10,0,0,315,23,2
90,817,10,0,10,0,0,334,25,2
90,818,10,0,10,0,0,356,29,2
90,819,10,0,10,0,0,374,31,2
90,820,10,0,10,0,0,393,34,2
90,821,10,0,10,0,0,410,37,2
90,822,10,0,10,0,0,428,40,2
90,823,10,0,10,0,0,447,42,2
90,824,10,0,10,0,0,461,46,2
90,825,10,0,10,0,0,478,48,2
90,826,9,0,9,0,1,495,51,2
90,827,9,0,9,0,1,508,53,2
90,828,9,0,9,0,1,520,57,2
90,829,9,0,9,0,1,533,59,2
90,830,9,0,9,0,1,544,62,2
90,831,9,0,9,0,1,554,63,2
90,832,9,0,9,0,1,565,66,2
90,833,9,0,9,0,1,574,68,2
90,834,9,0,9,0,1,582,70,2
90,835,9,0,9,0,1,589,72,2
90,836,9,0,9,0,1,595,74,2
90,837,9,0,9,0,1,602,75,2
90,838,9,0,9,0,1,608,78,2
90,839,9,0,9,0,1,613,79,2
90,840,9,0,9,0,1,617,81,2
90,841,9,0,9,0,1,621,82,2
90,842,7,0,7,0,3,630,83,2
90,843,7,0,7,0,3,634,84,2
90,844,7,0,7,0,3,637,85,2
90,845,7,0,7,0,3,640,87,2
90,846,6,0,6,0,4,645,88,2
90,847,5,0,5,0,5,651,89,2
90,848,5,0,5,0,5,652,89,2
90,849,4,0,4,0,6,654,90,2
90,850,3,0,3,0,7,655,92,2
91,800,10,0,10,0,0,30,5,0
91,801,10,0,10,0,0,42,6,0
91,802,11,1,10,1,0,60,8,0
91,803,13,3,10,3,0,76,8,0
91,804,13,3,10,3,0,82,8,0
91,805,13,3,10,3,0,88,8,0
91,806,13,3,10,3,0,94,8,0
91,807,14,4,10,4,0,102,8,0
91,808,14,4,10,4,0,106,9,0
91,809,15,5,10,5,0,116,11,0
91,810,17,7,10,7,0,120,13,0
91,811,17,7,10,7,0,119,14,0
91,812,17,7,10,7,0,117,16,0
91,813,17,7,10,7,0,117,18,0
91,814,18,8,10,8,0,116,19,0
91,815,18,8,10,8,0,117,21,0
91,816,18,8,10,8,0,122,23,0
91,817,18,8,10,8,0,127,24,0
91,818,18,7,10,8,0,132,26,0
91,819,18,5,10,8,0,133,27,0
91,820,18,5,10,8,0,138,29,0
91,821,18,5,10,8,0,143,35,0
91,822,18,5,10,8,0,150,43,0
91,823,18,4,10,8,0,151,50,0
91,824,18,4,10,8,0,154,59,0
91,825,18,3,10,8,0,155,57,1
91,826,18,1,10,8,0,155,71,1
91,827,18,1,10,8,0,154,85,1
91,828,18,1,10,8,0,151,102,1
91,829,19,2,10,9,0,147,118,1
91,830,19,1,10,9,0,142,133,1
91,831,19,1,10,9,0,136,148,1
91,832,20,2,10,10,0,129,162,1
91,833,20,2,10,10,0,121,179,1
91,834,20,2,10,10,0,112,194,1
91,835,21,3,10,11,0,103,209,1
91,836,21,3,10,11,0,90,224,1
91,837,20,3,9,11,1,80,230,2
91,838,22,5,9,13,1,71,246,2
91,839,22,5,9,13,1,58,261,2
91,840,22,5,9,13,1,45,277,2
91,841,22,5,9,13,1,30,295,2
91,842,22,5,9,13,1,15,310,2
91,843,22,5,9,13,1,0,325,2
91,844,22,5,9,13,1,0,341,2
91,845,22,4,9,13,1,0,358,2
91,846,22,4,9,13,1,4,374,2
91,847,21,4,8,13,2,12,388,2
91,848,21,3,8,13,2,14,404,2
91,849,21,3,8,13,2,16,410,3
91,850,21,3,8,13,2,25,425,3
92,800,10,0,10,0,0,30,5,0
92,801,11,1,10,1,0,34,8,0
92,802,12,2,10,2,0,38,4,1
92,803,13,3,10,3,0,45,7,1
92,804,13,3,10,3,0,46,10,1
92,805,15,5,10,5,0,48,12,1
92,806,15,5,10,5,0,48,13,1
92,807,15,5,10,5,0,51,14,1
92,808,15,5,10,5,0,54,15,1
92,809,16,6,10,6,0,59,15,1
92,810,16,6,10,6,0,65,16,1
92,811,16,6,10,6,0,72,21,1
92,812,16,6,10,6,0,76,25,1
92,813,17,7,10,7,0,83,29,1
92,814,17,7,10,7,0,89,30,1
92,815,17,7,10,7,0,91,32,1
92,816,18,8,10,8,0,97,35,1
92,817,18,7,10,8,0,97,37,1
92,818,17,6,9,8,1,101,40,1
92,819,17,5,9,8,1,97,43,1
92,820,17,5,9,8,1,91,46,1
92,821,17,3,9,8,1,83,54,1
92,822,17,3,9,8,1,75,68,1
92,823,18,4,9,9,1,66,72,2
92,824,18,4,9,9,1,56,87,2
92,825,17,3,8,9,2,46,102,2
92,826,17,3,8,9,2,35,106,3
92,827,17,3,8,9,2,25,113,4
92,828,17,3,8,9,2,17,129,4
92,829,17,2,8,9,2,8,145,4
92,830,16,2,7,9,3,0,162,4
92,831,16,2,7,9,3,18,176,4
92,832,17,2,7,10,3,41,182,5
92,833,17,2,7,10,3,58,196,5
92,834,16,2,6,10,4,76,211,5
92,835,16,2,6,10,4,93,225,5
92,836,16,2,6,10,4,107,239,5
92,837,16,2,6,10,4,123,254,5
92,838,18,4,6,12,4,144,266,5
92,839,18,3,6,12,4,156,276,5
92,840,18,3,6,12,4,166,286,5
92,841,17,3,5,12,5,179,294,5
92,842,18,4,5,13,5,186,308,5
92,843,18,4,5,13,5,193,311,6
92,844,17,4,4,13,6,209,323,6
92,845,18,5,4,14,6,223,334,6
92,846,18,5,4,14,6,238,343,6
92,847,18,5,4,14,6,252,354,6
92,848,18,4,4,14,6,265,363,6
92,849,18,4,4,14,6,276,374,6
92,850,18,4,4,14,6,288,383,6
93,800,10,0,10,0,0,30,5,0
93,801,10,0,10,0,0,32,8,0
93,802,12,2,10,2,0,37,4,1
93,803,12,2,10,2,0,33,10,1
93,804,12,2,10,2,0,30,15,1
93,805,12,2,10,2,0,27,21,1
93,806,12,2,10,2,0,23,28,1
93,807,12,2,10,2,0,19,34,1
93,808,13,3,10,3,0,26,29,2
93,809,13,3,10,3,0,36,34,2
93,810,13,3,10,3,0,45,40,2
93,811,14,4,10,4,0,52,45,2
93,812,15,5,10,5,0,63,49,2
93,813,15,5,10,5,0,63,54,2
93,814,15,5,10,5,0,64,60,2
93,815,16,6,10,6,0,66,64,2
93,816,16,6,10,6,0,65,69,2
93,817,16,6,10,6,0,66,74,2
93,818,16,4,10,6,0,68,79,2
93,819,16,4,10,6,0,69,82,2
93,820,16,4,10,6,0,69,87,2
93,821,16,4,10,6,0,75,97,2
93,822,16,4,10,6,0,84,98,3
93,823,16,4,10,6,0,92,108,3
93,824,16,3,10,6,0,100,119,3
93,825,16,3,10,6,0,106,130,3
93,826,16,3,10,6,0,115,141,3
93,827,16,2,10,6,0,122,151,3
93,828,16,1,10,6,0,125,153,4
93,829,17,2,10,7,0,130,162,4
93,830,17,2,10,7,0,132,172,4
93,831,17,1,10,7,0,132,171,5
93,832,17,1,10,7,0,135,179,5
93,833,18,2,10,8,0,140,187,5
93,834,18,2,10,8,0,139,194,5
93,835,17,2,9,8,1,141,201,5
93,836,18,3,9,9,1,143,207,5
93,837,18,3,9,9,1,142,212,5
93,838,18,3,9,9,1,140,218,5
93,839,17,3,8,9,2,139,223,5
93,840,18,4,8,10,2,136,228,5
93,841,18,4,8,10,2,130,234,5
93,842,18,4,8,10,2,124,239,5
93,843,18,4,8,10,2,117,244,5
93,844,18,4,8,10,2,111,250,5
93,845,18,3,8,10,2,101,255,5
93,846,19,4,8,11,2,92,260,5
93,847,19,4,8,11,2,82,265,5
93,848,18,4,7,11,3,72,270,5
93,849,18,3,7,11,3,63,274,5
93,850,17,3,6,11,4,52,277,5
94,800,10,0,10,0,0,30,5,0
94,801,11,1,10,1,0,41,6,0
94,802,12,2,10,2,0,56,6,0
94,803,13,3,10,3,0,64,6,0
94,804,14,4,10,4,0,70,6,0
94,805,14,4,10,4,0,70,6,0
94,806,15,5,10,5,0,71,6,0
94,807,15,5,10,5,0,69,8,0
94,808,14,5,9,5,1,71,0,1
94,809,14,5,9,5,1,75,3,1
94,810,14,5,9,5,1,82,6,1
94,811,14,5,9,5,1,91,9,1
94,812,14,5,9,5,1,104,12,1
94,813,14,5,9,5,1,116,14,1
94,814,14,5,9,5,1,127,17,1
94,815,14,5,9,5,1,139,20,1
94,816,14,5,9,5,1,151,22,1
94,817,14,4,9,5,1,162,25,1
94,818,14,3,9,5,1,171,27,1
94,819,14,2,9,5,1,178,29,1
94,820,14,1,9,5,1,186,31,1
94,821,14,1,9,5,1,193,31,2
94,822,14,0,9,5,1,200,32,3
94,823,15,1,9,6,1,207,46,3
94,824,14,1,8,6,2,216,57,3
94,825,14,1,8,6,2,221,72,3
94,826,15,2,8,7,2,226,85,3
94,827,15,2,8,7,2,228,98,3
94,828,15,2,8,7,2,231,113,3
94,829,16,3,8,8,2,235,116,4
94,830,16,4,7,9,3,239,132,4
94,831,16,4,7,9,3,239,141,4
94,832,16,4,7,9,3,234,151,4
94,833,17,5,7,10,3,233,162,4
94,834,17,5,7,10,3,228,171,4
94,835,18,6,7,11,3,225,182,4
94,836,18,6,7,11,3,217,191,4
94,837,18,6,7,11,3,211,201,4
94,838,20,8,7,13,3,202,211,4
94,839,20,7,7,13,3,189,220,4
94,840,20,7,7,13,3,180,230,4
94,841,21,8,7,14,3,166,239,4
94,842,21,7,7,14,3,151,252,4
94,843,21,7,7,14,3,135,267,4
94,844,21,7,7,14,3,119,281,4
94,845,20,6,6,14,4,103,296,4
94,846,19,5,5,14,5,87,310,4
94,847,19,5,5,14,5,69,323,4
94,848,19,5,5,14,5,50,328,5
94,849,19,4,5,14,5,32,331,6
94,850,19,4,5,14,5,15,344,6
95,800,10,0,10,0,0,30,5,0
95,801,11,1,10,1,0,31,0,1
95,802,12,2,10,2,0,32,9,1
95,803,12,2,10,2,0,33,14,1
95,804,12,2,10,2,0,34,9,2
95,805,13,3,10,3,0,38,14,2
95,806,14,4,10,4,0,40,20,2
95,807,15,5,10,5,0,37,26,2
95,808,15,5,10,5,0,35,32,2
95,809,15,5,10,5,0,32,38,2
95,810,16,6,10,6,0,29,43,2
95,811,16,6,10,6,0,25,47,2
95,812,16,6,10,6,0,25,51,2
95,813,16,6,10,6,0,27,58,2
95,814,16,6,10,6,0,26,66,2
95,815,16,6,10,6,0,27,74,2
95,816,16,6,10,6,0,26,86,2
95,817,16,5,10,6,0,23,98,2
95,818,16,4,10,6,0,22,108,2
95,819,16,4,10,6,0,17,120,2
95,820,16,4,10,6,0,14,130,2
95,821,16,3,10,6,0,22,142,2
95,822,16,2,10,6,0,27,143,3
95,823,16,1,10,6,0,40,152,3
95,824,16,1,10,6,0,50,162,3
95,825,15,1,9,6,1,61,172,3
95,826,15,0,9,6,1,67,181,3
95,827,16,2,8,8,2,77,180,4
95,828,16,2,8,8,2,72,188,4
95,829,16,2,8,8,2,66,196,4
95,830,17,3,8,9,2,61,202,4
95,831,17,3,8,9,2,55,209,4
95,832,17,3,8,9,2,47,217,4
95,833,18,4,8,10,2,49,224,4
95,834,17,4,7,10,3,49,230,4
95,835,17,4,7,10,3,47,237,4
95,836,18,5,7,11,3,45,242,4
95,837,17,5,6,11,4,43,248,4
95,838,17,5,6,11,4,38,254,4
95,839,17,5,6,11,4,32,249,5
95,840,17,5,6,11,4,30,253,5
95,841,18,6,6,12,4,52,257,5
95,842,17,6,5,12,5,75,259,5
95,843,17,4,5,12,5,96,261,5
95,844,15,4,3,12,7,119,262,5
95,845,15,4,3,12,7,146,260,5
95,846,15,3,3,12,7,170,262,4
95,847,15,3,3,12,7,192,259,4
95,848,15,3,3,12,7,215,257,4
95,849,15,2,3,12,7,238,254,4
95,850,15,3,2,13,8,261,241,5
96,800,10,0,10,0,0,30,5,0
96,801,10,0,10,0,0,33,8,0
96,802,10,0,10,0,0,38,14,0
96,803,13,3,10,3,0,45,0,2
96,804,13,3,10,3,0,43,6,2
96,805,12,3,9,3,1,46,11,2
96,806,13,4,9,4,1,47,15,2
96,807,14,5,9,5,1,48,19,2
96,808,14,5,9,5,1,48,23,2
96,809,14,5,9,5,1,52,26,2
96,810,15,6,9,6,1,54,30,2
96,811,16,7,9,7,1,57,34,2
96,812,17,8,9,8,1,53,37,2
96,813,18,9,9,9,1,45,41,2
96,814,18,9,9,9,1,35,45,2
96,815,18,9,9,9,1,25,48,2
96,816,18,9,9,9,1,15,52,2
96,817,18,9,9,9,1,14,55,2
96,818,18,9,9,9,1,16,59,2
96,819,18,6,9,9,1,23,62,2
96,820,18,6,9,9,1,27,65,2
96,821,18,6,9,9,1,47,59,3
96,822,18,5,9,9,1,71,61,3
96,823,19,5,9,10,1,95,63,3
96,824,18,5,8,10,2,111,65,3
96,825,18,5,8,10,2,122,67,3
96,826,19,5,8,11,2,130,62,4
96,827,19,4,8,11,2,142,69,4
96,828,19,3,8,11,2,156,75,4
96,829,19,2,8,11,2,173,71,5
96,830,19,2,8,11,2,189,78,5
96,831,19,2,8,11,2,209,94,5
96,832,20,3,8,12,2,225,112,5
96,833,20,3,8,12,2,241,129,5
96,834,20,3,8,12,2,256,146,5
96,835,20,3,8,12,2,269,163,5
96,836,20,3,8,12,2,283,178,5
96,837,20,3,8,12,2,294,194,5
96,838,20,3,8,12,2,307,211,5
96,839,21,4,7,14,3,318,229,5
96,840,20,4,6,14,4,319,244,5
96,841,21,6,5,16,5,316,252,6
96,842,21,5,5,16,5,308,258,6
96,843,21,6,4,17,6,303,266,6
96,844,21,6,4,17,6,297,270,6
96,845,21,6,4,17,6,297,279,6
96,846,22,7,4,18,6,299,290,6
96,847,22,7,4,18,6,300,304,6
96,848,22,6,4,18,6,298,318,6
96,849,22,6,4,18,6,295,332,6
96,850,24,8,4,20,6,293,346,6
97,800,10,0,10,0,0,30,5,0
97,801,13,3,10,3,0,29,11,0
97,802,13,3,10,3,0,14,10,1
97,803,13,3,10,3,0,1,22,1
97,804,13,3,10,3,0,0,23,2
97,805,13,3,10,3,0,0,36,2
97,806,13,3,10,3,0,0,49,2
97,807,13,3,10,3,0,1,62,2
97,808,13,3,10,3,0,3,73,2
97,809,13,3,10,3,0,5,86,2
97,810,13,3,10,3,0,7,99,2
97,811,13,3,10,3,0,8,112,2
97,812,13,3,10,3,0,11,124,2
97,813,13,3,10,3,0,12,137,2
97,814,13,3,10,3,0,13,149,2
97,815,13,3,10,3,0,14,162,2
97,816,13,3,10,3,0,16,174,2
97,817,13,0,10,3,0,13,186,2
97,818,13,0,10,3,0,10,198,2
97,819,13,0,10,3,0,6,211,2
97,820,13,0,10,3,0,1,221,2
97,821,13,0,10,3,0,9,233,2
97,822,13,0,10,3,0,15,244,2
97,823,13,0,10,3,0,23,254,2
97,824,13,0,10,3,0,28,266,2
97,825,13,0,10,3,0,35,275,2
97,826,13,0,10,3,0,41,276,3
97,827,14,1,10,4,0,53,284,3
97,828,14,1,10,4,0,55,292,3
97,829,14,1,10,4,0,60,300,3
97,830,15,2,10,5,0,62,308,3
97,831,15,2,10,5,0,63,315,3
97,832,15,2,10,5,0,65,322,3
97,833,15,2,10,5,0,65,328,3
97,834,16,3,10,6,0,63,336,3
97,835,16,3,10,6,0,61,342,3
97,836,15,3,9,6,1,62,347,3
97,837,16,4,9,7,1,61,351,3
97,838,16,4,9,7,1,59,354,3
97,839,15,4,8,7,2,58,357,3
97,840,15,4,8,7,2,59,357,3
97,841,15,4,8,7,2,58,358,3
97,842,15,4,8,7,2,57,359,3
97,843,15,3,8,7,2,64,360,3
97,844,14,3,7,7,3,71,360,3
97,845,14,3,7,7,3,77,362,3
97,846,14,2,7,7,3,84,363,3
97,847,14,2,7,7,3,89,370,2
97,848,14,2,7,7,3,94,370,2
97,849,13,2,6,7,4,101,372,2
97,850,13,1,6,7,4,108,362,3
98,800,10,0,10,0,0,30,5,0
98,801,10,0,10,0,0,31,9,0
98,802,11,1,10,1,0,35,6,1
98,803,11,1,10,1,0,34,13,1
98,804,12,2,10,2,0,34,21,1
98,805,12,2,10,2,0,28,27,1
98,806,12,2,10,2,0,22,35,1
98,807,12,2,10,2,0,17,42,1
98,808,12,2,10,2,0,20,48,1
98,809,12,2,10,2,0,23,55,1
98,810,13,3,10,3,0,28,63,1
98,811,13,3,10,3,0,25,69,1
98,812,13,3,10,3,0,22,77,1
98,813,13,3,10,3,0,19,84,1
98,814,13,3,10,3,0,16,91,1
98,815,13,3,10,3,0,13,97,1
98,816,13,3,10,3,0,19,105,1
98,817,13,3,10,3,0,23,111,1
98,818,13,2,10,3,0,26,118,1
98,819,13,2,10,3,0,31,126,1
98,820,13,1,10,3,0,33,133,1
98,821,13,1,10,3,0,37,139,1
98,822,13,1,10,3,0,40,146,1
98,823,13,1,10,3,0,43,153,1
98,824,13,1,10,3,0,46,160,1
98,825,13,1,10,3,0,47,166,1
98,826,13,0,10,3,0,49,173,1
98,827,13,0,10,3,0,49,178,1
98,828,13,0,10,3,0,51,186,1
98,829,13,0,10,3,0,51,191,1
98,830,13,0,10,3,0,51,197,1
98,831,13,0,10,3,0,51,203,1
98,832,13,0,10,3,0,50,209,1
98,833,12,0,9,3,1,50,215,1
98,834,12,0,9,3,1,49,218,1
98,835,12,0,9,3,1,50,222,1
98,836,12,0,9,3,1,48,225,1
98,837,12,0,9,3,1,47,229,1
98,838,12,0,9,3,1,44,233,1
98,839,12,0,9,3,1,43,237,1
98,840,11,0,8,3,2,40,239,1
98,841,9,0,6,3,4,44,241,1
98,842,9,0,6,3,4,41,244,1
98,843,9,0,6,3,4,37,245,1
98,844,9,0,6,3,4,34,247,1
98,845,9,0,6,3,4,31,249,1
98,846,9,0,6,3,4,27,240,2
98,847,9,0,6,3,4,25,242,2
98,848,8,0,5,3,5,25,233,3
98,849,8,0,5,3,5,22,233,3
98,850,7,0,4,3,6,20,233,3
99,800,10,0,10,0,0,30,5,0
99,801,10,0,10,0,0,29,10,0
99,802,10,0,10,0,0,32,18,0
99,803,10,0,10,0,0,36,16,1
99,804,11,1,10,1,0,43,22,1
99,805,11,1,10,1,0,46,29,1
99,806,11,1,10,1,0,50,36,1
99,807,12,2,10,2,0,52,42,1
99,808,12,2,10,2,0,51,47,1
99,809,12,2,10,2,0,53,52,1
99,810,12,2,10,2,0,60,57,1
99,811,12,2,10,2,0,67,62,1
99,812,12,2,10,2,0,75,66,1
99,813,12,2,10,2,0,82,73,1
99,814,13,3,10,3,0,88,70,2
99,815,13,3,10,3,0,92,77,2
99,816,13,3,10,3,0,95,84,2
99,817,13,3,10,3,0,98,92,2
99,818,13,3,10,3,0,101,99,2
99,819,14,4,10,4,0,104,106,2
99,820,13,3,9,4,1,104,114,2
99,821,13,3,9,4,1,104,119,2
99,822,13,3,9,4,1,102,127,2
99,823,13,2,9,4,1,105,133,2
99,824,13,2,9,4,1,107,139,2
99,825,13,2,9,4,1,109,145,2
99,826,14,3,9,5,1,110,140,3
99,827,14,3,9,5,1,111,147,3
99,828,14,3,9,5,1,110,151,3
99,829,14,4,8,6,2,112,157,3
99,830,14,3,8,6,2,107,163,3
99,831,14,3,8,6,2,102,167,3
99,832,14,3,8,6,2,97,171,3
99,833,14,3,8,6,2,92,177,3
99,834,14,3,8,6,2,85,181,3
99,835,13,2,8,6,3,78,184,3
99,836,12,2,7,6,4,74,188,3
99,837,11,2,6,6,5,72,191,3
99,838,11,2,6,6,5,68,191,3
99,839,11,2,6,6,5,65,192,3
99,840,11,2,6,6,5,60,192,3
99,841,11,2,6,6,5,57,192,3
99,842,10,1,5,6,6,53,193,3
99,843,10,1,5,6,6,47,193,3
99,844,10,1,5,6,6,41,192,3
99,845,10,0,5,6,6,34,192,3
99,846,10,0,5,6,6,26,192,3
99,847,10,0,5,6,6,17,192,3
99,848,10,0,5,6,6,9,192,3
99,849,9,0,4,6,7,2,192,3
99,850,9,0,4,6,7,0,181,4
