seed,policy,winter,weather,food,materials,population,cattle,produced,consumed,shortfall,exposedResidents,exposedCattle,cattleBirths
0,opening-farmyard,800,Normal,50,14,11,4,43,23,0,9,0,1
0,opening-farmyard,801,Normal,76,3,11,5,50,24,0,9,0,1
0,opening-farmyard,802,Normal,110,1,11,5,59,25,0,7,0,0
0,opening-farmyard,803,Harsh,122,0,11,6,43,31,0,7,0,1
0,opening-farmyard,804,Normal,156,0,11,8,60,26,0,7,0,2
0,opening-farmyard,805,Normal,192,5,11,8,63,27,0,7,0,0
0,opening-farmyard,806,Severe,176,4,11,9,29,45,0,9,0,1
0,opening-farmyard,807,Normal,214,3,11,10,66,28,0,9,0,2
0,opening-farmyard,808,Normal,249,2,12,9,62,27,0,9,0,1
0,opening-farmyard,809,Normal,278,1,12,10,58,29,0,10,0,2
0,opening-farmyard,810,Normal,307,0,12,10,59,30,0,10,0,1
0,opening-farmyard,811,Mild,344,0,12,7,65,28,0,10,0,0
0,opening-farmyard,812,Normal,367,0,13,8,51,28,0,10,0,2
0,opening-farmyard,813,Normal,386,5,14,8,47,28,0,11,0,1
0,opening-farmyard,814,Normal,389,5,14,9,34,31,0,14,8,1
0,opening-farmyard,815,Normal,394,5,14,12,37,32,0,14,9,3
0,opening-farmyard,816,Normal,399,5,15,15,39,34,0,14,12,3
0,opening-farmyard,817,Mild,404,5,15,16,42,37,0,15,15,2
0,opening-farmyard,818,Normal,408,5,15,21,44,40,0,15,16,5
0,opening-farmyard,819,Mild,421,5,15,24,55,42,0,15,21,3
0,opening-farmyard,820,Normal,422,5,15,26,47,46,0,15,24,3
0,opening-farmyard,821,Normal,425,5,15,27,51,48,0,15,26,2
0,opening-farmyard,822,Normal,432,5,15,33,58,51,0,15,27,6
0,opening-farmyard,823,Normal,442,5,15,33,61,51,0,15,33,2
0,opening-farmyard,824,Mild,445,5,15,43,61,58,0,15,33,10
1,passive-outside,800,Normal,45,5,10,5,38,23,0,10,3,2
1,passive-outside,801,Mild,66,5,10,5,44,23,0,10,5,0
1,passive-outside,802,Mild,87,5,10,7,46,25,0,10,5,2
1,passive-outside,803,Normal,107,5,10,8,45,25,0,10,7,1
1,passive-outside,804,Normal,128,5,11,9,48,27,0,10,8,1
1,passive-outside,805,Harsh,124,5,11,11,31,35,0,11,9,3
1,passive-outside,806,Normal,139,5,11,13,44,29,0,11,11,2
1,passive-outside,807,Mild,156,5,12,15,49,32,0,11,13,2
1,passive-outside,808,Normal,167,5,12,18,46,35,0,12,15,3
1,passive-outside,809,Severe,129,5,13,17,23,61,0,12,18,2
1,passive-outside,810,Normal,137,5,13,20,46,38,0,13,17,3
1,passive-outside,811,Severe,89,5,13,22,23,71,0,13,20,3
1,passive-outside,812,Normal,95,5,13,23,47,41,0,13,22,2
1,passive-outside,813,Harsh,72,5,12,25,38,61,0,13,23,3
1,passive-outside,814,Harsh,50,5,12,25,39,61,0,12,25,2
1,passive-outside,815,Normal,62,5,12,30,56,44,0,12,25,5
1,passive-outside,816,Mild,72,5,12,28,56,46,0,12,30,0
1,passive-outside,817,Mild,90,5,12,32,65,47,0,12,28,6
1,passive-outside,818,Normal,102,5,12,32,58,46,0,12,32,2
1,passive-outside,819,Normal,111,5,12,34,57,48,0,12,32,5
1,passive-outside,820,Mild,127,5,12,35,66,50,0,12,34,2
1,passive-outside,821,Harsh,84,5,12,35,41,84,0,12,35,3
1,passive-outside,822,Severe,23,5,12,29,33,94,0,12,35,3
1,passive-outside,823,Mild,34,5,12,33,58,47,0,12,29,6
1,passive-outside,824,Mild,48,5,12,31,61,47,0,12,33,1
2,opening-farmyard,800,Normal,40,19,11,4,33,23,0,9,0,1
2,opening-farmyard,801,Harsh,43,24,12,2,28,25,0,9,0,0
2,opening-farmyard,802,Mild,53,18,12,2,34,24,0,9,0,0
2,opening-farmyard,803,Severe,42,24,13,2,17,28,0,7,0,0
2,opening-farmyard,804,Normal,52,16,14,2,35,25,0,7,0,0
2,opening-farmyard,805,Normal,66,18,14,2,40,26,0,6,0,0
2,opening-farmyard,806,Harsh,67,21,15,2,29,28,0,6,0,0
2,opening-farmyard,807,Mild,89,24,16,2,49,27,0,6,0,0
2,opening-farmyard,808,Normal,108,22,16,1,46,27,0,6,0,0
2,opening-farmyard,809,Normal,124,21,16,1,43,27,0,6,0,0
2,opening-farmyard,810,Normal,141,20,17,1,44,27,0,6,0,0
2,opening-farmyard,811,Normal,158,18,17,1,45,28,0,6,0,0
2,opening-farmyard,812,Normal,174,21,17,1,44,28,0,6,0,0
2,opening-farmyard,813,Normal,192,23,18,1,46,28,0,6,0,0
2,opening-farmyard,814,Normal,207,26,18,1,44,29,0,6,0,0
2,opening-farmyard,815,Normal,223,30,18,1,45,29,0,6,0,0
2,opening-farmyard,816,Normal,237,32,19,1,44,30,0,6,0,0
2,opening-farmyard,817,Severe,228,35,18,1,23,32,0,6,0,0
2,opening-farmyard,818,Normal,236,38,18,1,38,30,0,5,0,0
2,opening-farmyard,819,Mild,249,44,18,1,44,31,0,5,0,0
2,opening-farmyard,820,Normal,256,58,18,1,39,32,0,5,0,0
2,opening-farmyard,821,Mild,265,64,18,1,41,32,0,5,0,0
2,opening-farmyard,822,Severe,250,80,18,1,20,35,0,4,0,0
2,opening-farmyard,823,Normal,253,96,18,1,37,34,0,4,0,0
2,opening-farmyard,824,Severe,240,113,17,0,18,31,0,4,0,0
3,passive-outside,800,Normal,36,9,10,4,29,23,0,10,3,1
3,passive-outside,801,Harsh,34,13,10,3,22,24,0,10,4,0
3,passive-outside,802,Mild,41,19,10,4,30,23,0,10,3,1
3,passive-outside,803,Harsh,40,13,11,3,23,24,0,10,4,0
3,passive-outside,804,Normal,42,21,13,4,26,24,0,9,3,1
3,passive-outside,805,Normal,38,25,13,4,22,26,0,10,4,0
3,passive-outside,806,Normal,32,30,13,6,21,27,0,10,4,2
3,passive-outside,807,Normal,28,34,13,5,22,26,0,10,6,0
3,passive-outside,808,Normal,24,39,13,7,24,28,0,10,5,2
3,passive-outside,809,Normal,22,33,13,7,26,28,0,10,7,0
3,passive-outside,810,Normal,31,40,14,8,39,30,0,8,7,1
3,passive-outside,811,Normal,44,43,15,8,43,30,0,8,8,1
3,passive-outside,812,Severe,20,47,15,7,16,40,0,8,8,1
3,passive-outside,813,Normal,18,50,15,8,29,31,0,8,7,1
3,passive-outside,814,Normal,20,52,15,8,33,31,0,8,8,1
3,passive-outside,815,Severe,0,56,15,7,17,37,6,8,8,1
3,passive-outside,816,Mild,3,61,15,9,34,31,0,8,7,2
3,passive-outside,817,Mild,14,67,15,10,43,32,0,8,9,1
3,passive-outside,818,Normal,23,73,15,12,43,34,0,8,10,2
3,passive-outside,819,Mild,33,78,15,13,46,36,0,8,12,1
3,passive-outside,820,Normal,40,83,15,15,47,40,0,8,13,2
3,passive-outside,821,Mild,55,78,16,16,55,40,0,8,15,2
3,passive-outside,822,Harsh,38,82,16,15,36,53,0,6,16,1
3,passive-outside,823,Harsh,26,86,16,18,45,57,0,6,15,3
3,passive-outside,824,Normal,43,90,15,19,59,42,0,6,18,1
4,opening-farmyard,800,Normal,37,9,10,3,30,23,0,9,0,0
4,opening-farmyard,801,Normal,55,14,10,4,41,23,0,7,0,1
4,opening-farmyard,802,Normal,74,20,10,5,42,23,0,7,0,1
4,opening-farmyard,803,Normal,92,25,11,5,42,24,0,7,0,0
4,opening-farmyard,804,Harsh,92,29,12,7,31,31,0,6,0,2
4,opening-farmyard,805,Normal,103,32,12,7,38,27,0,7,0,0
4,opening-farmyard,806,Harsh,96,36,12,9,27,34,0,7,0,3
4,opening-farmyard,807,Normal,110,39,13,8,42,28,0,7,0,0
4,opening-farmyard,808,Severe,83,43,15,8,17,44,0,7,0,1
4,opening-farmyard,809,Normal,86,46,15,9,35,32,0,8,0,1
4,opening-farmyard,810,Normal,87,50,15,7,33,32,0,8,0,0
4,opening-farmyard,811,Normal,91,52,15,8,36,32,0,8,0,1
4,opening-farmyard,812,Harsh,79,55,15,7,25,37,0,8,0,0
4,opening-farmyard,813,Severe,52,59,15,9,19,46,0,8,0,2
4,opening-farmyard,814,Severe,29,66,15,8,23,46,0,8,0,0
4,opening-farmyard,815,Normal,41,74,15,9,45,33,0,8,0,1
4,opening-farmyard,816,Harsh,40,81,15,7,36,37,0,8,0,0
4,opening-farmyard,817,Normal,54,89,15,6,45,31,0,8,0,0
4,opening-farmyard,818,Harsh,52,96,15,8,35,37,0,8,0,2
4,opening-farmyard,819,Normal,69,104,15,7,48,31,0,8,0,0
4,opening-farmyard,820,Normal,79,111,15,8,43,33,0,8,0,2
4,opening-farmyard,821,Harsh,76,107,15,8,34,37,0,8,0,1
4,opening-farmyard,822,Harsh,66,114,15,9,31,41,0,7,0,1
4,opening-farmyard,823,Normal,76,120,15,11,45,35,0,7,0,3
4,opening-farmyard,824,Harsh,67,125,15,11,35,44,0,7,0,1
5,passive-outside,800,Normal,37,7,11,4,30,23,0,10,3,1
5,passive-outside,801,Mild,49,1,12,5,36,24,0,11,4,1
5,passive-outside,802,Harsh,38,5,12,6,19,30,0,9,5,1
5,passive-outside,803,Normal,38,9,13,6,27,27,0,9,6,0
5,passive-outside,804,Normal,33,3,13,7,24,29,0,10,6,1
5,passive-outside,805,Normal,35,7,13,7,31,29,0,8,7,0
5,passive-outside,806,Normal,40,10,13,8,35,30,0,8,7,1
5,passive-outside,807,Normal,54,13,13,7,43,29,0,8,8,0
5,passive-outside,808,Mild,71,16,13,9,47,30,0,8,7,2
5,passive-outside,809,Normal,89,19,13,9,48,30,0,8,9,0
5,passive-outside,810,Harsh,85,22,13,8,35,39,0,8,9,0
5,passive-outside,811,Normal,105,25,13,8,50,30,0,8,8,1
5,passive-outside,812,Normal,123,28,13,8,48,30,0,8,8,0
5,passive-outside,813,Normal,143,31,13,8,50,30,0,8,8,1
5,passive-outside,814,Mild,165,34,13,8,51,29,0,8,8,1
5,passive-outside,815,Normal,182,37,12,9,45,28,0,8,8,1
5,passive-outside,816,Mild,196,40,12,10,44,30,0,8,9,1
5,passive-outside,817,Normal,206,42,12,12,42,32,0,8,10,2
5,passive-outside,818,Harsh,200,44,12,9,31,37,0,8,12,0
5,passive-outside,819,Mild,207,47,12,10,40,33,0,8,9,1
5,passive-outside,820,Normal,216,55,12,12,42,33,0,8,10,2
5,passive-outside,821,Mild,226,66,12,12,44,34,0,8,12,0
5,passive-outside,822,Normal,232,75,12,14,41,35,0,8,12,3
5,passive-outside,823,Mild,245,85,12,14,48,35,0,8,14,0
5,passive-outside,824,Mild,255,96,11,17,45,35,0,8,14,4
6,opening-farmyard,800,Normal,37,20,10,4,30,23,0,9,0,1
6,opening-farmyard,801,Normal,49,7,11,5,35,23,0,9,0,1
6,opening-farmyard,802,Normal,69,10,11,6,45,25,0,5,0,1
6,opening-farmyard,803,Mild,98,12,11,5,54,25,0,5,0,0
6,opening-farmyard,804,Harsh,102,16,11,6,35,31,0,5,0,1
6,opening-farmyard,805,Normal,126,19,11,8,50,26,0,5,0,2
6,opening-farmyard,806,Mild,154,21,12,7,53,25,0,5,0,1
6,opening-farmyard,807,Normal,169,28,13,8,43,28,0,6,0,1
6,opening-farmyard,808,Harsh,168,34,14,8,34,35,0,5,0,1
6,opening-farmyard,809,Normal,175,39,14,9,38,31,0,5,0,1
6,opening-farmyard,810,Normal,181,44,14,11,37,31,0,5,0,3
6,opening-farmyard,811,Harsh,176,49,15,10,33,38,0,5,0,1
6,opening-farmyard,812,Normal,190,55,15,10,45,31,0,5,0,3
6,opening-farmyard,813,Normal,201,63,15,10,43,32,0,5,0,0
6,opening-farmyard,814,Normal,212,71,15,12,45,34,0,5,0,3
6,opening-farmyard,815,Normal,228,80,15,8,48,32,0,5,0,0
6,opening-farmyard,816,Mild,248,89,15,11,53,33,0,5,0,3
6,opening-farmyard,817,Mild,278,98,15,13,64,34,0,5,0,2
6,opening-farmyard,818,Harsh,285,106,15,9,45,38,0,5,0,1
6,opening-farmyard,819,Severe,268,115,15,11,27,44,0,5,0,4
6,opening-farmyard,820,Mild,292,123,15,10,57,33,0,5,0,0
6,opening-farmyard,821,Mild,318,131,15,9,59,33,0,5,0,2
6,opening-farmyard,822,Harsh,324,139,15,7,43,37,0,5,0,0
6,opening-farmyard,823,Normal,343,147,15,7,54,35,0,5,0,0
6,opening-farmyard,824,Normal,368,153,15,7,61,36,0,5,0,0
7,passive-outside,800,Normal,33,9,10,5,26,23,0,10,3,2
7,passive-outside,801,Normal,36,15,11,5,26,23,0,10,5,0
7,passive-outside,802,Harsh,22,11,11,7,17,31,0,11,5,2
7,passive-outside,803,Harsh,15,18,11,7,24,31,0,9,7,0
7,passive-outside,804,Normal,16,25,11,8,29,28,0,9,7,1
7,passive-outside,805,Normal,17,30,11,9,29,28,0,9,8,1
7,passive-outside,806,Normal,19,37,11,8,30,28,0,9,9,0
7,passive-outside,807,Mild,25,44,11,9,35,29,0,9,8,1
7,passive-outside,808,Harsh,16,50,11,9,26,35,0,9,9,1
7,passive-outside,809,Normal,18,57,11,9,30,28,0,9,9,1
7,passive-outside,810,Normal,20,53,11,9,31,29,0,9,9,0
7,passive-outside,811,Harsh,11,59,11,8,28,37,0,7,9,0
7,passive-outside,812,Normal,20,65,11,9,38,29,0,7,8,1
7,passive-outside,813,Harsh,14,71,11,8,29,35,0,7,9,0
7,passive-outside,814,Mild,26,77,11,7,40,28,0,7,8,0
7,passive-outside,815,Normal,34,82,12,7,36,28,0,7,7,0
7,passive-outside,816,Mild,41,87,12,6,35,28,0,7,7,0
7,passive-outside,817,Normal,43,93,13,4,29,27,0,7,6,0
7,passive-outside,818,Mild,46,95,14,4,31,28,0,7,4,0
7,passive-outside,819,Normal,43,97,14,4,26,29,0,7,4,0
7,passive-outside,820,Normal,42,98,14,4,28,29,0,7,4,0
7,passive-outside,821,Normal,41,100,14,4,28,29,0,7,4,0
7,passive-outside,822,Normal,38,102,14,4,26,29,0,7,4,0
7,passive-outside,823,Mild,40,108,14,3,30,28,0,7,4,0
7,passive-outside,824,Severe,24,113,14,2,15,31,0,7,3,0
8,opening-farmyard,800,Normal,43,5,10,3,36,23,0,9,0,0
8,opening-farmyard,801,Harsh,55,5,11,5,38,26,0,7,0,2
8,opening-farmyard,802,Normal,80,5,13,5,49,24,0,7,0,0
8,opening-farmyard,803,Normal,93,5,13,5,40,27,0,8,0,1
8,opening-farmyard,804,Mild,110,5,13,6,44,27,0,8,0,1
8,opening-farmyard,805,Normal,122,4,14,7,40,28,0,8,0,1
8,opening-farmyard,806,Normal,137,4,14,6,44,29,0,8,0,0
8,opening-farmyard,807,Normal,153,4,14,8,46,30,0,8,0,2
8,opening-farmyard,808,Mild,185,4,15,7,61,29,0,8,0,1
8,opening-farmyard,809,Normal,199,4,17,8,45,31,0,9,0,1
8,opening-farmyard,810,Mild,213,3,17,8,47,33,0,9,0,1
8,opening-farmyard,811,Normal,229,3,16,9,49,33,0,9,0,2
8,opening-farmyard,812,Normal,255,3,16,9,59,33,0,9,0,0
8,opening-farmyard,813,Harsh,261,3,15,7,44,38,0,9,0,0
8,opening-farmyard,814,Normal,287,3,15,7,57,31,0,8,0,0
8,opening-farmyard,815,Mild,329,2,15,7,73,31,0,8,0,0
8,opening-farmyard,816,Normal,362,2,15,7,64,31,0,8,0,0
8,opening-farmyard,817,Normal,395,2,15,7,65,32,0,8,0,0
8,opening-farmyard,818,Normal,429,2,15,2,63,29,0,8,0,0
8,opening-farmyard,819,Mild,453,2,15,2,53,29,0,8,0,0
8,opening-farmyard,820,Mild,478,7,15,2,54,29,0,8,0,0
8,opening-farmyard,821,Normal,494,15,15,2,46,30,0,8,0,0
8,opening-farmyard,822,Mild,516,23,15,2,52,30,0,8,0,0
8,opening-farmyard,823,Normal,534,21,14,2,46,28,0,8,0,0
8,opening-farmyard,824,Mild,556,32,13,1,48,26,0,5,0,0
9,passive-outside,800,Normal,30,1,12,4,23,23,0,10,3,1
9,passive-outside,801,Harsh,20,8,12,5,18,28,0,10,4,1
9,passive-outside,802,Mild,23,15,12,6,29,26,0,10,5,1
9,passive-outside,803,Harsh,11,21,12,5,20,32,0,10,6,0
9,passive-outside,804,Normal,12,28,12,8,28,27,0,10,5,3
9,passive-outside,805,Harsh,0,35,12,8,20,32,0,10,8,0
9,passive-outside,806,Harsh,0,42,11,9,25,25,11,10,8,1
9,passive-outside,807,Normal,4,47,11,10,31,27,0,10,9,2
9,passive-outside,808,Normal,9,52,11,10,33,28,0,10,10,0
9,passive-outside,809,Harsh,0,58,10,12,22,31,7,10,10,2
9,passive-outside,810,Harsh,0,63,10,11,25,25,11,9,12,0
9,passive-outside,811,Mild,5,68,10,10,33,28,0,9,11,0
9,passive-outside,812,Normal,5,73,10,11,28,28,0,9,10,1
9,passive-outside,813,Normal,3,78,10,12,26,28,0,9,11,1
9,passive-outside,814,Normal,4,83,10,11,29,28,0,9,12,0
9,passive-outside,815,Normal,4,88,10,12,29,29,0,9,11,1
9,passive-outside,816,Normal,1,93,10,12,28,31,0,9,12,0
9,passive-outside,817,Normal,1,99,10,10,30,30,0,9,12,0
9,passive-outside,818,Normal,0,104,10,13,28,29,1,9,10,3
9,passive-outside,819,Mild,0,108,10,13,30,30,0,9,13,0
9,passive-outside,820,Normal,4,113,10,15,36,32,0,9,13,3
9,passive-outside,821,Harsh,0,119,10,15,29,33,11,9,15,1
9,passive-outside,822,Harsh,0,124,10,14,30,30,14,9,15,1
9,passive-outside,823,Normal,4,128,10,17,37,33,0,9,14,3
9,passive-outside,824,Harsh,0,133,10,17,26,30,18,9,17,0
10,opening-farmyard,800,Normal,50,16,12,4,43,23,0,8,0,1
10,opening-farmyard,801,Mild,66,7,12,4,41,25,0,9,0,0
10,opening-farmyard,802,Mild,85,0,12,5,45,26,0,7,0,1
10,opening-farmyard,803,Mild,115,1,12,5,56,26,0,5,0,0
10,opening-farmyard,804,Normal,137,3,12,6,49,27,0,5,0,1
10,opening-farmyard,805,Normal,164,4,13,6,54,27,0,5,0,0
10,opening-farmyard,806,Normal,191,6,14,9,56,29,0,5,0,3
10,opening-farmyard,807,Mild,216,7,14,8,54,29,0,5,0,0
10,opening-farmyard,808,Mild,240,9,14,13,56,32,0,5,0,5
10,opening-farmyard,809,Harsh,249,10,16,11,47,38,0,5,0,1
10,opening-farmyard,810,Normal,270,12,16,10,54,33,0,6,0,2
10,opening-farmyard,811,Harsh,278,13,16,8,48,40,0,6,0,1
10,opening-farmyard,812,Normal,311,15,16,11,66,33,0,6,0,3
10,opening-farmyard,813,Harsh,321,16,16,10,48,38,0,6,0,1
10,opening-farmyard,814,Normal,345,18,16,10,59,35,0,6,0,1
10,opening-farmyard,815,Normal,393,19,16,10,81,33,0,6,0,2
10,opening-farmyard,816,Normal,431,21,16,8,71,33,0,6,0,1
10,opening-farmyard,817,Normal,459,22,16,9,63,35,0,6,0,1
10,opening-farmyard,818,Harsh,468,24,16,7,49,40,0,6,0,0
10,opening-farmyard,819,Normal,497,25,16,8,63,34,0,6,0,2
10,opening-farmyard,820,Normal,529,33,16,9,66,34,0,6,0,1
10,opening-farmyard,821,Severe,514,40,15,9,33,48,0,6,0,1
10,opening-farmyard,822,Normal,533,47,15,9,55,36,0,6,0,1
10,opening-farmyard,823,Mild,558,55,15,9,60,35,0,6,0,1
10,opening-farmyard,824,Normal,582,62,15,10,59,35,0,5,0,2
11,passive-outside,800,Normal,39,7,10,4,32,23,0,10,3,1
11,passive-outside,801,Mild,53,11,10,4,37,23,0,10,4,0
11,passive-outside,802,Mild,66,15,12,5,37,24,0,10,4,1
11,passive-outside,803,Normal,69,18,12,6,29,26,0,12,5,1
11,passive-outside,804,Harsh,57,22,11,8,19,31,0,12,6,2
11,passive-outside,805,Mild,68,16,13,8,38,27,0,11,8,0
11,passive-outside,806,Normal,66,21,14,9,29,31,0,11,8,1
11,passive-outside,807,Normal,62,27,14,10,28,32,0,12,9,1
11,passive-outside,808,Normal,55,34,16,12,26,33,0,12,10,2
11,passive-outside,809,Severe,17,39,16,11,15,53,0,14,12,0
11,passive-outside,810,Normal,7,46,16,11,26,36,0,14,11,1
11,passive-outside,811,Normal,0,52,16,11,27,34,2,14,11,0
11,passive-outside,812,Normal,0,58,16,12,28,28,9,14,11,1
11,passive-outside,813,Mild,0,64,16,13,34,34,3,14,12,1
11,passive-outside,814,Normal,0,70,16,15,37,37,1,14,13,2
11,passive-outside,815,Normal,2,76,16,15,41,39,0,14,15,0
11,passive-outside,816,Normal,4,82,16,17,43,41,0,14,15,2
11,passive-outside,817,Normal,3,88,16,17,40,41,0,14,17,0
11,passive-outside,818,Harsh,0,94,16,20,28,31,30,14,17,3
11,passive-outside,819,Normal,5,100,16,20,48,43,0,14,20,1
11,passive-outside,820,Normal,7,95,16,22,47,45,0,14,20,3
11,passive-outside,821,Normal,17,100,16,25,58,48,0,12,22,3
11,passive-outside,822,Mild,29,105,16,26,62,50,0,12,25,3
11,passive-outside,823,Normal,34,110,16,28,58,53,0,12,26,2
11,passive-outside,824,Normal,32,104,16,30,55,57,0,12,28,3
12,opening-farmyard,800,Normal,44,18,10,4,37,23,0,9,0,1
12,opening-farmyard,801,Normal,64,11,11,5,43,23,0,9,0,1
12,opening-farmyard,802,Normal,87,3,12,5,48,25,0,8,0,0
12,opening-farmyard,803,Normal,104,7,12,6,44,27,0,6,0,1
12,opening-farmyard,804,Normal,120,10,12,6,43,27,0,6,0,0
12,opening-farmyard,805,Normal,135,14,14,6,42,27,0,6,0,1
12,opening-farmyard,806,Severe,116,17,14,5,17,36,0,6,0,0
12,opening-farmyard,807,Normal,120,21,15,5,33,29,0,6,0,0
12,opening-farmyard,808,Normal,117,24,15,5,27,30,0,7,0,0
12,opening-farmyard,809,Normal,115,31,17,5,28,30,0,6,0,0
12,opening-farmyard,810,Normal,112,36,18,4,28,31,0,6,0,0
12,opening-farmyard,811,Mild,103,42,18,4,23,32,0,6,0,0
12,opening-farmyard,812,Harsh,80,47,19,4,13,36,0,6,0,0
12,opening-farmyard,813,Mild,75,52,20,4,28,33,0,6,0,0
12,opening-farmyard,814,Harsh,54,59,20,4,17,38,0,6,0,0
12,opening-farmyard,815,Normal,52,64,20,4,32,34,0,6,0,0
12,opening-farmyard,816,Normal,50,70,23,4,32,34,0,6,0,0
12,opening-farmyard,817,Normal,32,75,23,4,20,38,0,7,0,0
12,opening-farmyard,818,Normal,13,82,23,4,20,39,0,7,0,0
12,opening-farmyard,819,Harsh,0,87,23,3,19,32,9,7,0,0
12,opening-farmyard,820,Normal,4,93,23,2,41,37,0,7,0,0
12,opening-farmyard,821,Normal,6,98,23,2,41,39,0,7,0,0
12,opening-farmyard,822,Harsh,9,94,23,2,44,41,0,7,0,0
12,opening-farmyard,823,Normal,39,89,23,2,70,40,0,5,0,0
12,opening-farmyard,824,Normal,73,93,23,1,73,39,0,4,0,0
13,passive-outside,800,Normal,38,6,11,5,31,23,0,10,3,2
13,passive-outside,801,Normal,45,8,11,5,31,24,0,11,5,0
13,passive-outside,802,Severe,26,10,10,6,15,34,0,11,5,1
13,passive-outside,803,Normal,30,12,10,5,27,23,0,10,6,0
13,passive-outside,804,Mild,37,13,11,5,31,24,0,10,5,0
13,passive-outside,805,Normal,36,5,11,7,24,25,0,11,5,2
13,passive-outside,806,Normal,46,6,11,7,35,25,0,9,7,0
13,passive-outside,807,Harsh,39,7,11,7,25,32,0,9,7,1
13,passive-outside,808,Normal,52,7,11,9,39,26,0,9,7,2
13,passive-outside,809,Mild,65,8,12,8,39,26,0,9,9,0
13,passive-outside,810,Normal,73,9,12,9,37,29,0,10,8,1
13,passive-outside,811,Normal,79,10,12,9,35,29,0,10,9,0
13,passive-outside,812,Severe,56,11,12,8,19,42,0,10,9,1
13,passive-outside,813,Normal,64,11,12,8,36,28,0,10,8,0
13,passive-outside,814,Normal,72,12,12,7,36,28,0,10,8,0
13,passive-outside,815,Mild,87,13,12,6,42,27,0,10,7,0
13,passive-outside,816,Harsh,81,14,12,7,28,34,0,10,6,1
13,passive-outside,817,Normal,89,14,12,8,36,28,0,10,7,1
13,passive-outside,818,Normal,98,15,12,10,38,29,0,10,8,2
13,passive-outside,819,Harsh,88,16,12,9,28,38,0,10,10,0
13,passive-outside,820,Harsh,76,17,12,11,29,41,0,10,9,2
13,passive-outside,821,Normal,87,20,12,9,43,32,0,10,11,0
13,passive-outside,822,Mild,100,23,12,9,44,31,0,10,9,1
13,passive-outside,823,Normal,110,25,12,8,39,29,0,10,9,1
13,passive-outside,824,Normal,115,28,12,8,35,30,0,10,8,0
14,opening-farmyard,800,Normal,37,11,10,5,30,23,0,9,0,2
14,opening-farmyard,801,Harsh,39,21,10,5,28,26,0,6,0,0
14,opening-farmyard,802,Mild,57,20,12,6,42,24,0,6,0,2
14,opening-farmyard,803,Normal,69,30,12,6,38,26,0,5,0,0
14,opening-farmyard,804,Harsh,64,38,12,8,29,34,0,5,0,2
14,opening-farmyard,805,Normal,75,49,12,7,38,27,0,5,0,0
14,opening-farmyard,806,Normal,87,59,13,6,39,27,0,5,0,1
14,opening-farmyard,807,Normal,93,70,13,7,34,28,0,6,0,1
14,opening-farmyard,808,Harsh,92,81,13,7,34,35,0,6,0,0
14,opening-farmyard,809,Normal,109,92,13,8,47,30,0,6,0,1
14,opening-farmyard,810,Normal,126,104,14,9,47,30,0,6,0,1
14,opening-farmyard,811,Normal,133,115,15,9,39,32,0,6,0,0
14,opening-farmyard,812,Harsh,122,125,16,8,26,37,0,6,0,2
14,opening-farmyard,813,Harsh,102,137,17,8,18,38,0,7,0,0
14,opening-farmyard,814,Harsh,79,148,17,8,18,41,0,7,0,1
14,opening-farmyard,815,Mild,70,159,17,8,25,34,0,7,0,0
14,opening-farmyard,816,Harsh,44,170,17,8,17,43,0,7,0,0
14,opening-farmyard,817,Mild,44,179,18,6,33,33,0,7,0,0
14,opening-farmyard,818,Mild,44,190,18,5,35,35,0,7,0,0
14,opening-farmyard,819,Normal,37,201,17,5,26,33,0,7,0,0
14,opening-farmyard,820,Normal,26,210,17,5,22,33,0,6,0,0
14,opening-farmyard,821,Harsh,10,221,17,5,22,38,0,6,0,0
14,opening-farmyard,822,Normal,7,231,17,5,31,34,0,6,0,0
14,opening-farmyard,823,Harsh,0,240,17,5,22,29,10,6,0,0
14,opening-farmyard,824,Mild,0,251,17,4,33,33,0,6,0,0
15,passive-outside,800,Normal,28,9,10,5,21,23,0,10,3,2
15,passive-outside,801,Normal,32,7,11,5,27,23,0,10,5,0
15,passive-outside,802,Mild,29,17,11,5,23,26,0,9,5,0
15,passive-outside,803,Normal,24,27,11,5,21,26,0,9,5,0
15,passive-outside,804,Normal,23,37,11,5,25,26,0,9,5,0
15,passive-outside,805,Harsh,9,47,11,6,17,31,0,9,5,1
15,passive-outside,806,Normal,4,56,11,7,21,26,0,9,6,1
15,passive-outside,807,Normal,6,66,11,9,28,26,0,9,7,3
15,passive-outside,808,Normal,8,76,11,8,28,26,0,9,9,0
15,passive-outside,809,Normal,3,85,11,9,24,29,0,9,8,1
15,passive-outside,810,Normal,6,96,11,9,31,28,0,9,9,1
15,passive-outside,811,Normal,4,105,11,11,27,29,0,9,9,2
15,passive-outside,812,Normal,6,115,11,14,32,30,0,9,11,4
15,passive-outside,813,Normal,9,125,11,16,34,31,0,9,14,2
15,passive-outside,814,Severe,0,135,11,17,15,24,36,9,16,3
15,passive-outside,815,Normal,0,145,11,18,34,34,1,9,17,1
15,passive-outside,816,Normal,0,154,11,19,36,36,0,9,18,3
15,passive-outside,817,Normal,0,163,11,20,32,32,6,9,19,1
15,passive-outside,818,Severe,0,173,11,18,18,18,52,9,20,2
15,passive-outside,819,Harsh,0,183,11,18,23,23,25,9,18,3
15,passive-outside,820,Normal,0,190,11,21,32,32,5,9,18,3
15,passive-outside,821,Severe,0,199,11,20,19,19,48,9,21,2
15,passive-outside,822,Harsh,0,198,11,21,32,32,26,9,20,1
15,passive-outside,823,Normal,7,207,11,22,48,41,0,7,21,2
15,passive-outside,824,Normal,11,215,11,26,46,42,0,7,22,4
16,opening-farmyard,800,Normal,41,7,10,5,34,23,0,9,0,2
16,opening-farmyard,801,Harsh,49,11,10,5,34,26,0,7,0,0
16,opening-farmyard,802,Harsh,54,15,10,5,33,28,0,7,0,1
16,opening-farmyard,803,Normal,77,18,10,6,47,24,0,7,0,1
16,opening-farmyard,804,Normal,97,22,11,6,44,24,0,7,0,1
16,opening-farmyard,805,Normal,104,16,12,7,33,26,0,7,0,1
16,opening-farmyard,806,Normal,115,20,12,8,38,27,0,6,0,2
16,opening-farmyard,807,Harsh,115,25,12,4,30,30,0,6,0,0
16,opening-farmyard,808,Mild,128,30,12,5,39,26,0,6,0,1
16,opening-farmyard,809,Normal,141,34,12,5,39,26,0,6,0,0
16,opening-farmyard,810,Normal,158,39,12,6,44,27,0,6,0,1
16,opening-farmyard,811,Normal,184,44,12,7,53,27,0,6,0,1
16,opening-farmyard,812,Normal,210,48,12,7,52,26,0,6,0,2
16,opening-farmyard,813,Normal,232,52,12,6,48,26,0,6,0,0
16,opening-farmyard,814,Normal,256,57,12,6,52,28,0,6,0,0
16,opening-farmyard,815,Normal,283,62,12,7,55,28,0,6,0,1
16,opening-farmyard,816,Normal,310,66,11,5,51,24,0,6,0,0
16,opening-farmyard,817,Normal,337,69,11,5,52,25,0,5,0,0
16,opening-farmyard,818,Normal,363,72,11,6,51,25,0,5,0,1
16,opening-farmyard,819,Harsh,374,65,11,5,39,28,0,5,0,0
16,opening-farmyard,820,Normal,403,69,11,7,55,26,0,3,0,2
16,opening-farmyard,821,Harsh,412,73,11,7,41,32,0,3,0,0
16,opening-farmyard,822,Severe,399,75,11,6,27,40,0,3,0,0
16,opening-farmyard,823,Normal,426,79,12,7,55,28,0,3,0,1
16,opening-farmyard,824,Mild,455,82,12,5,56,27,0,2,0,0
17,passive-outside,800,Normal,31,11,11,3,24,23,0,10,3,0
17,passive-outside,801,Normal,33,7,12,5,26,24,0,11,3,2
17,passive-outside,802,Normal,35,3,12,5,27,25,0,10,5,0
17,passive-outside,803,Mild,43,9,12,7,35,27,0,8,5,2
17,passive-outside,804,Normal,46,17,12,7,30,27,0,8,7,0
17,passive-outside,805,Normal,48,14,14,10,31,29,0,8,7,3
17,passive-outside,806,Normal,59,16,14,11,42,31,0,7,10,1
17,passive-outside,807,Harsh,46,19,15,14,31,44,0,7,11,3
17,passive-outside,808,Normal,60,21,16,17,50,36,0,8,14,3
17,passive-outside,809,Severe,25,24,16,15,24,59,0,8,17,1
17,passive-outside,810,Normal,35,26,16,17,50,40,0,8,15,2
17,passive-outside,811,Normal,44,31,16,18,50,41,0,8,17,1
17,passive-outside,812,Normal,52,36,16,22,51,43,0,8,18,4
17,passive-outside,813,Normal,63,40,16,27,55,44,0,8,22,5
17,passive-outside,814,Normal,72,48,16,28,57,48,0,8,27,1
17,passive-outside,815,Normal,75,56,16,30,56,53,0,8,28,2
17,passive-outside,816,Mild,83,63,16,35,63,55,0,8,30,5
17,passive-outside,817,Mild,93,71,16,35,66,56,0,8,35,2
17,passive-outside,818,Normal,92,79,16,39,59,60,0,8,35,5
17,passive-outside,819,Normal,101,86,16,40,69,60,0,8,39,3
17,passive-outside,820,Normal,104,93,16,40,66,63,0,8,40,2
17,passive-outside,821,Harsh,47,100,16,41,43,100,0,8,40,4
17,passive-outside,822,Mild,62,108,16,43,80,65,0,8,41,4
17,passive-outside,823,Normal,61,115,16,52,68,69,0,8,43,10
17,passive-outside,824,Normal,61,122,16,56,73,73,0,8,52,5
18,opening-farmyard,800,Normal,39,8,11,4,32,23,0,9,0,1
18,opening-farmyard,801,Severe,29,14,11,5,19,29,0,8,0,1
18,opening-farmyard,802,Normal,38,11,11,5,34,25,0,7,0,0
18,opening-farmyard,803,Harsh,41,18,13,6,32,29,0,4,0,2
18,opening-farmyard,804,Normal,42,26,13,6,28,27,0,5,0,0
18,opening-farmyard,805,Harsh,33,32,14,5,24,33,0,5,0,0
18,opening-farmyard,806,Normal,37,30,14,7,33,29,0,5,0,2
18,opening-farmyard,807,Harsh,32,39,14,8,29,34,0,3,0,1
18,opening-farmyard,808,Harsh,20,47,14,9,26,38,0,3,0,1
18,opening-farmyard,809,Normal,43,55,14,9,55,32,0,3,0,0
18,opening-farmyard,810,Normal,68,63,16,11,58,33,0,3,0,2
18,opening-farmyard,811,Normal,88,72,16,10,54,34,0,4,0,0
18,opening-farmyard,812,Harsh,83,80,17,9,35,40,0,4,0,2
18,opening-farmyard,813,Normal,90,89,17,9,41,34,0,4,0,1
18,opening-farmyard,814,Severe,59,96,18,10,20,51,0,4,0,1
18,opening-farmyard,815,Normal,65,101,18,8,40,34,0,4,0,1
18,opening-farmyard,816,Mild,77,105,18,8,47,35,0,4,0,0
18,opening-farmyard,817,Normal,88,110,18,9,48,37,0,4,0,1
18,opening-farmyard,818,Normal,107,114,18,8,55,36,0,4,0,0
18,opening-farmyard,819,Normal,122,118,18,6,52,37,0,4,0,0
18,opening-farmyard,820,Mild,132,125,18,5,46,36,0,4,0,0
18,opening-farmyard,821,Mild,138,123,19,5,43,37,0,4,0,0
18,opening-farmyard,822,Severe,116,130,19,4,23,45,0,4,0,0
18,opening-farmyard,823,Harsh,105,135,19,4,30,41,0,4,0,0
18,opening-farmyard,824,Normal,107,141,19,4,39,37,0,4,0,0
19,passive-outside,800,Normal,34,9,11,3,27,23,0,10,3,0
19,passive-outside,801,Harsh,28,13,11,4,21,27,0,11,3,1
19,passive-outside,802,Normal,34,16,12,3,30,24,0,11,4,0
19,passive-outside,803,Normal,41,18,12,4,32,25,0,12,3,1
19,passive-outside,804,Normal,45,19,13,5,29,25,0,12,4,1
19,passive-outside,805,Normal,48,21,13,7,30,27,0,13,5,2
19,passive-outside,806,Harsh,40,23,13,7,25,33,0,13,7,1
19,passive-outside,807,Harsh,30,24,13,10,25,35,0,13,7,3
19,passive-outside,808,Mild,38,18,14,11,38,30,0,13,10,1
19,passive-outside,809,Severe,7,10,14,16,23,54,0,12,11,5
19,passive-outside,810,Harsh,2,14,14,15,41,46,0,10,16,0
19,passive-outside,811,Normal,20,17,14,19,56,38,0,10,15,5
19,passive-outside,812,Normal,42,21,14,22,60,38,0,10,19,3
19,passive-outside,813,Normal,60,25,14,24,60,42,0,10,22,3
19,passive-outside,814,Mild,84,28,15,27,69,45,0,10,24,3
19,passive-outside,815,Normal,96,32,15,30,60,48,0,11,27,4
19,passive-outside,816,Normal,108,35,15,35,64,52,0,11,30,5
19,passive-outside,817,Mild,120,39,15,37,68,56,0,11,35,2
19,passive-outside,818,Harsh,77,43,15,37,48,91,0,11,37,3
19,passive-outside,819,Normal,84,46,15,45,68,61,0,11,37,8
19,passive-outside,820,Harsh,42,54,15,47,56,98,0,11,45,4
19,passive-outside,821,Harsh,0,61,15,49,53,95,15,11,47,4
19,passive-outside,822,Mild,13,69,15,52,86,73,0,11,49,3
19,passive-outside,823,Mild,27,75,14,56,88,74,0,11,52,5
19,passive-outside,824,Normal,27,82,14,61,76,76,0,11,56,7
20,opening-farmyard,800,Normal,45,18,11,4,38,23,0,8,0,1
20,opening-farmyard,801,Harsh,48,9,12,4,30,27,0,8,0,0
20,opening-farmyard,802,Mild,69,9,12,4,47,26,0,6,0,0
20,opening-farmyard,803,Harsh,70,9,12,6,31,30,0,6,0,2
20,opening-farmyard,804,Normal,86,9,13,6,42,26,0,6,0,0
20,opening-farmyard,805,Normal,96,9,13,9,39,29,0,7,0,3
20,opening-farmyard,806,Severe,75,13,13,9,20,41,0,7,0,0
20,opening-farmyard,807,Normal,94,15,14,11,51,32,0,7,0,2
20,opening-farmyard,808,Normal,114,19,15,10,51,31,0,7,0,2
20,opening-farmyard,809,Normal,127,20,15,11,45,32,0,8,0,2
20,opening-farmyard,810,Normal,146,22,16,10,52,33,0,8,0,0
20,opening-farmyard,811,Mild,164,24,16,11,53,35,0,8,0,2
20,opening-farmyard,812,Normal,182,25,16,10,52,34,0,8,0,0
20,opening-farmyard,813,Normal,197,27,17,11,51,36,0,8,0,1
20,opening-farmyard,814,Normal,217,28,17,14,57,37,0,9,0,3
20,opening-farmyard,815,Normal,240,29,17,8,55,32,0,9,0,1
20,opening-farmyard,816,Normal,264,31,17,10,59,35,0,9,0,2
20,opening-farmyard,817,Normal,293,32,17,10,65,36,0,9,0,1
20,opening-farmyard,818,Normal,315,33,17,12,59,37,0,9,0,4
20,opening-farmyard,819,Harsh,328,36,17,8,52,39,0,9,0,0
20,opening-farmyard,820,Normal,347,47,17,7,54,35,0,9,0,2
20,opening-farmyard,821,Normal,368,59,17,8,56,35,0,9,0,1
20,opening-farmyard,822,Mild,389,71,17,9,58,37,0,9,0,1
20,opening-farmyard,823,Mild,414,82,17,12,64,39,0,9,0,3
20,opening-farmyard,824,Normal,441,92,17,12,65,38,0,9,0,3
21,passive-outside,800,Normal,32,9,10,5,25,23,0,10,3,2
21,passive-outside,801,Normal,41,15,11,4,31,22,0,10,5,0
21,passive-outside,802,Normal,39,21,12,6,23,25,0,11,4,2
21,passive-outside,803,Harsh,28,27,12,5,17,28,0,12,6,0
21,passive-outside,804,Normal,22,22,12,6,21,27,0,12,5,1
21,passive-outside,805,Normal,22,29,12,7,27,27,0,10,6,1
21,passive-outside,806,Mild,27,37,11,9,31,26,0,10,7,2
21,passive-outside,807,Mild,36,42,11,11,36,27,0,9,9,2
21,passive-outside,808,Normal,45,47,12,13,38,29,0,9,11,2
21,passive-outside,809,Normal,55,51,12,15,42,32,0,10,13,2
21,passive-outside,810,Normal,63,56,12,17,41,33,0,10,15,3
21,passive-outside,811,Normal,72,61,13,21,44,35,0,10,17,4
21,passive-outside,812,Normal,82,66,13,26,49,39,0,11,21,6
21,passive-outside,813,Normal,90,71,13,27,49,41,0,11,26,2
21,passive-outside,814,Normal,93,75,13,34,50,47,0,11,27,7
21,passive-outside,815,Mild,101,80,13,38,56,48,0,11,34,5
21,passive-outside,816,Harsh,49,85,13,39,34,86,0,11,38,4
21,passive-outside,817,Normal,56,90,13,44,65,58,0,11,39,5
21,passive-outside,818,Mild,63,94,13,48,69,62,0,11,44,6
21,passive-outside,819,Normal,69,99,13,51,70,64,0,11,48,6
21,passive-outside,820,Normal,74,104,13,59,72,67,0,11,51,10
21,passive-outside,821,Mild,84,108,13,65,83,73,0,11,59,6
21,passive-outside,822,Harsh,0,113,13,74,51,135,7,11,65,9
21,passive-outside,823,Normal,4,107,12,82,88,84,0,11,74,11
21,passive-outside,824,Normal,8,110,12,89,94,90,0,8,82,11
22,opening-farmyard,800,Normal,57,4,12,4,50,23,0,8,0,1
22,opening-farmyard,801,Normal,83,2,12,4,51,25,0,7,0,0
22,opening-farmyard,802,Harsh,91,0,13,4,38,30,0,7,0,0
22,opening-farmyard,803,Normal,115,0,13,6,51,27,0,8,0,2
22,opening-farmyard,804,Harsh,123,0,14,6,39,31,0,8,0,0
22,opening-farmyard,805,Normal,144,4,16,9,51,30,0,8,0,3
22,opening-farmyard,806,Harsh,133,3,15,7,23,34,0,12,9,0
22,opening-farmyard,807,Mild,136,2,15,10,34,31,0,11,7,3
22,opening-farmyard,808,Normal,142,1,15,11,37,31,0,11,10,1
22,opening-farmyard,809,Mild,149,0,15,10,40,33,0,11,11,0
22,opening-farmyard,810,Mild,167,0,16,11,51,33,0,11,10,2
22,opening-farmyard,811,Normal,181,0,16,10,47,33,0,12,11,0
22,opening-farmyard,812,Normal,194,5,17,11,48,35,0,12,10,1
22,opening-farmyard,813,Normal,195,5,17,14,37,36,0,17,11,3
22,opening-farmyard,814,Harsh,172,5,17,14,25,48,0,17,14,0
22,opening-farmyard,815,Normal,168,5,17,15,36,40,0,17,14,1
22,opening-farmyard,816,Harsh,152,5,18,13,36,52,0,17,15,0
22,opening-farmyard,817,Harsh,126,5,18,14,27,53,0,18,13,2
22,opening-farmyard,818,Severe,86,5,18,14,20,60,0,18,14,2
22,opening-farmyard,819,Severe,47,5,18,13,21,60,0,18,14,1
22,opening-farmyard,820,Normal,52,5,18,14,47,42,0,18,13,2
22,opening-farmyard,821,Normal,55,5,18,15,47,44,0,18,14,2
22,opening-farmyard,822,Mild,62,5,18,17,53,46,0,18,15,2
22,opening-farmyard,823,Harsh,36,5,18,18,35,61,0,18,17,2
22,opening-farmyard,824,Normal,41,5,18,19,53,48,0,18,18,2
23,passive-outside,800,Normal,36,7,10,3,29,23,0,10,3,0
23,passive-outside,801,Normal,48,1,10,5,35,23,0,10,3,2
23,passive-outside,802,Normal,63,6,11,5,38,23,0,8,5,0
23,passive-outside,803,Normal,70,11,11,6,33,26,0,9,5,1
23,passive-outside,804,Mild,84,16,13,8,40,26,0,9,6,2
23,passive-outside,805,Harsh,73,19,14,7,22,33,0,10,8,1
23,passive-outside,806,Normal,73,22,14,7,30,30,0,11,7,0
23,passive-outside,807,Normal,72,25,14,10,30,31,0,11,7,3
23,passive-outside,808,Mild,73,28,14,11,32,31,0,11,10,1
23,passive-outside,809,Normal,68,30,15,12,29,34,0,11,11,1
23,passive-outside,810,Harsh,54,33,16,13,33,47,0,12,12,1
23,passive-outside,811,Normal,54,36,16,14,38,38,0,12,13,1
23,passive-outside,812,Normal,54,39,16,16,39,39,0,12,14,2
23,passive-outside,813,Normal,59,42,16,15,42,37,0,12,16,2
23,passive-outside,814,Normal,55,45,16,17,35,39,0,12,15,2
23,passive-outside,815,Mild,55,50,17,19,41,41,0,12,17,2
23,passive-outside,816,Normal,58,53,17,23,47,44,0,13,19,4
23,passive-outside,817,Harsh,35,55,17,19,36,59,0,13,23,0
23,passive-outside,818,Mild,36,58,17,20,48,47,0,13,19,1
23,passive-outside,819,Normal,35,61,17,24,46,47,0,13,20,4
23,passive-outside,820,Mild,44,54,17,23,58,49,0,13,24,1
23,passive-outside,821,Normal,50,58,16,23,55,49,0,11,23,2
23,passive-outside,822,Mild,57,62,16,24,57,50,0,10,23,1
23,passive-outside,823,Normal,60,66,16,24,53,50,0,10,24,2
23,passive-outside,824,Mild,64,70,16,25,55,51,0,10,24,1
24,opening-farmyard,800,Normal,44,7,10,4,37,23,0,9,0,1
24,opening-farmyard,801,Harsh,53,11,12,4,35,26,0,7,0,0
24,opening-farmyard,802,Normal,68,15,13,5,41,26,0,9,0,1
24,opening-farmyard,803,Normal,76,9,13,6,35,27,0,9,0,1
24,opening-farmyard,804,Normal,88,14,13,8,40,28,0,7,0,2
24,opening-farmyard,805,Mild,105,20,15,8,45,28,0,7,0,1
24,opening-farmyard,806,Normal,114,24,15,10,41,32,0,9,0,2
24,opening-farmyard,807,Mild,126,29,15,10,45,33,0,9,0,0
24,opening-farmyard,808,Mild,151,34,15,10,58,33,0,9,0,2
24,opening-farmyard,809,Normal,175,40,16,10,57,33,0,9,0,0
24,opening-farmyard,810,Normal,197,45,16,10,57,35,0,10,0,1
24,opening-farmyard,811,Normal,225,50,17,8,61,33,0,10,0,1
24,opening-farmyard,812,Normal,244,54,18,7,52,33,0,11,0,0
24,opening-farmyard,813,Mild,267,60,18,7,56,33,0,11,0,2
24,opening-farmyard,814,Harsh,268,65,18,7,39,38,0,11,0,0
24,opening-farmyard,815,Mild,290,70,18,7,56,34,0,11,0,1
24,opening-farmyard,816,Normal,313,76,18,8,57,34,0,11,0,1
24,opening-farmyard,817,Normal,336,81,18,8,59,36,0,11,0,1
24,opening-farmyard,818,Harsh,333,85,18,8,42,45,0,11,0,0
24,opening-farmyard,819,Normal,352,90,17,8,56,37,0,11,0,0
24,opening-farmyard,820,Severe,329,96,17,8,27,50,0,10,0,1
24,opening-farmyard,821,Normal,345,91,17,7,53,37,0,10,0,0
24,opening-farmyard,822,Severe,319,95,17,6,23,49,0,5,0,0
24,opening-farmyard,823,Normal,335,99,17,6,52,36,0,5,0,1
24,opening-farmyard,824,Harsh,330,93,17,5,34,39,0,5,0,0
25,passive-outside,800,Normal,41,6,12,5,34,23,0,10,3,2
25,passive-outside,801,Normal,46,8,12,5,30,25,0,12,5,0
25,passive-outside,802,Harsh,37,0,12,6,23,32,0,12,5,1
25,passive-outside,803,Normal,46,0,12,7,36,27,0,10,6,1
25,passive-outside,804,Normal,55,1,14,7,37,28,0,10,7,0
25,passive-outside,805,Mild,64,2,14,9,40,31,0,12,7,2
25,passive-outside,806,Normal,75,2,15,9,42,31,0,12,9,0
25,passive-outside,807,Mild,74,3,16,12,33,34,0,12,9,3
25,passive-outside,808,Mild,74,4,16,12,35,35,0,13,12,0
25,passive-outside,809,Harsh,46,5,16,16,22,50,0,13,12,4
25,passive-outside,810,Normal,50,5,16,16,42,38,0,13,16,0
25,passive-outside,811,Harsh,27,6,16,18,33,56,0,13,16,3
25,passive-outside,812,Severe,0,7,15,16,26,53,10,13,18,1
25,passive-outside,813,Harsh,0,7,15,21,40,40,14,12,16,5
25,passive-outside,814,Normal,16,8,15,22,56,40,0,12,21,2
25,passive-outside,815,Mild,34,9,15,27,62,44,0,12,22,5
25,passive-outside,816,Normal,49,9,16,33,63,48,0,12,27,6
25,passive-outside,817,Harsh,17,10,16,34,45,77,0,13,33,4
25,passive-outside,818,Harsh,0,1,16,36,47,64,17,13,34,5
25,passive-outside,819,Normal,18,1,16,46,76,58,0,9,36,10
25,passive-outside,820,Harsh,0,0,16,45,63,81,12,9,46,3
25,passive-outside,821,Harsh,0,0,16,48,67,67,32,9,45,10
25,passive-outside,822,Severe,0,0,16,56,47,47,91,9,48,10
25,passive-outside,823,Mild,20,0,16,64,96,76,0,9,56,9
25,passive-outside,824,Normal,31,0,16,74,97,86,0,9,64,10
26,opening-farmyard,800,Normal,41,18,11,5,34,23,0,9,0,2
26,opening-farmyard,801,Mild,56,23,11,4,39,24,0,10,0,0
26,opening-farmyard,802,Normal,69,27,11,6,38,25,0,10,0,2
26,opening-farmyard,803,Normal,84,33,12,7,40,25,0,10,0,1
26,opening-farmyard,804,Normal,94,38,13,7,37,27,0,11,0,1
26,opening-farmyard,805,Normal,100,31,13,8,35,29,0,12,0,1
26,opening-farmyard,806,Mild,126,35,13,6,54,28,0,10,0,0
26,opening-farmyard,807,Normal,137,40,13,8,40,29,0,10,0,2
26,opening-farmyard,808,Harsh,138,43,13,7,34,33,0,10,0,0
26,opening-farmyard,809,Normal,158,47,13,8,50,30,0,10,0,1
26,opening-farmyard,810,Normal,181,50,13,9,52,29,0,10,0,2
26,opening-farmyard,811,Normal,203,54,13,10,52,30,0,10,0,1
26,opening-farmyard,812,Normal,225,58,13,11,54,32,0,10,0,2
26,opening-farmyard,813,Mild,261,61,13,9,65,29,0,10,0,1
26,opening-farmyard,814,Harsh,266,65,12,10,42,37,0,10,0,1
26,opening-farmyard,815,Harsh,271,67,12,9,42,37,0,9,0,0
26,opening-farmyard,816,Normal,300,68,12,11,59,30,0,9,0,3
26,opening-farmyard,817,Normal,332,70,12,10,60,28,0,9,0,1
26,opening-farmyard,818,Harsh,337,72,12,8,41,36,0,9,0,1
26,opening-farmyard,819,Normal,361,73,12,8,53,29,0,9,0,1
26,opening-farmyard,820,Harsh,363,65,12,7,36,34,0,9,0,1
26,opening-farmyard,821,Severe,345,68,12,6,24,42,0,7,0,0
26,opening-farmyard,822,Normal,362,72,12,5,45,28,0,7,0,1
26,opening-farmyard,823,Severe,348,75,12,3,19,33,0,7,0,0
26,opening-farmyard,824,Mild,366,79,11,4,43,25,0,7,0,1
27,passive-outside,800,Normal,42,6,13,5,35,23,0,10,3,2
27,passive-outside,801,Normal,43,8,13,5,27,26,0,13,5,0
27,passive-outside,802,Normal,41,9,14,6,26,28,0,13,5,1
27,passive-outside,803,Harsh,28,9,14,6,21,34,0,14,6,0
27,passive-outside,804,Harsh,20,9,14,8,26,34,0,14,6,3
27,passive-outside,805,Normal,20,9,14,8,29,29,0,14,8,0
27,passive-outside,806,Harsh,10,9,14,10,30,40,0,14,8,2
27,passive-outside,807,Normal,24,9,14,10,45,31,0,14,10,1
27,passive-outside,808,Normal,35,11,15,13,44,33,0,14,10,3
27,passive-outside,809,Mild,46,13,17,15,46,35,0,15,13,2
27,passive-outside,810,Normal,41,14,18,15,34,39,0,17,15,1
27,passive-outside,811,Mild,38,14,18,17,39,42,0,18,15,2
27,passive-outside,812,Normal,38,14,17,21,41,41,0,18,17,4
27,passive-outside,813,Normal,30,14,17,24,35,43,0,17,21,3
27,passive-outside,814,Mild,30,14,17,27,47,47,0,17,24,4
27,passive-outside,815,Normal,34,14,17,31,53,49,0,17,27,4
27,passive-outside,816,Harsh,0,16,16,32,37,71,8,17,31,2
27,passive-outside,817,Normal,0,17,16,37,55,55,2,16,32,5
27,passive-outside,818,Severe,0,9,14,33,31,31,71,16,37,4
27,passive-outside,819,Normal,7,10,14,38,60,53,0,11,33,5
27,passive-outside,820,Normal,24,10,14,41,74,57,0,11,38,4
27,passive-outside,821,Mild,50,11,14,43,85,59,0,11,41,4
27,passive-outside,822,Normal,70,12,14,47,82,62,0,11,43,5
27,passive-outside,823,Mild,97,2,15,52,91,64,0,11,47,7
27,passive-outside,824,Harsh,52,2,14,53,57,102,0,9,52,7
28,opening-farmyard,800,Normal,43,18,10,4,36,23,0,8,0,1
28,opening-farmyard,801,Normal,61,23,10,4,41,23,0,8,0,0
28,opening-farmyard,802,Mild,81,28,10,5,44,24,0,8,0,1
28,opening-farmyard,803,Normal,105,33,11,7,48,24,0,8,0,2
28,opening-farmyard,804,Mild,124,38,11,7,45,26,0,9,0,0
28,opening-farmyard,805,Normal,137,43,12,8,40,27,0,9,0,2
28,opening-farmyard,806,Harsh,138,38,14,7,33,32,0,10,0,0
28,opening-farmyard,807,Normal,146,42,14,9,39,31,0,9,0,2
28,opening-farmyard,808,Normal,156,36,14,11,41,31,0,9,0,2
28,opening-farmyard,809,Harsh,152,39,15,12,38,42,0,7,0,2
28,opening-farmyard,810,Severe,132,42,14,9,30,50,0,7,0,0
28,opening-farmyard,811,Mild,153,44,14,12,53,32,0,7,0,3
28,opening-farmyard,812,Normal,175,47,15,10,52,30,0,7,0,0
28,opening-farmyard,813,Normal,194,50,15,10,50,31,0,8,0,3
28,opening-farmyard,814,Severe,176,53,15,10,24,42,0,8,0,1
28,opening-farmyard,815,Harsh,171,56,16,11,37,42,0,8,0,1
28,opening-farmyard,816,Normal,196,59,16,12,59,34,0,9,0,2
28,opening-farmyard,817,Normal,225,62,16,9,61,32,0,9,0,0
28,opening-farmyard,818,Normal,249,65,17,9,58,34,0,9,0,0
28,opening-farmyard,819,Normal,278,68,17,9,63,34,0,10,0,2
28,opening-farmyard,820,Mild,301,71,17,8,56,33,0,10,0,0
28,opening-farmyard,821,Normal,316,74,17,5,48,33,0,10,0,0
28,opening-farmyard,822,Normal,331,76,17,4,49,34,0,10,0,0
28,opening-farmyard,823,Normal,341,78,17,3,43,33,0,10,0,0
28,opening-farmyard,824,Normal,352,81,17,3,43,32,0,10,0,1
29,passive-outside,800,Normal,27,0,12,5,20,23,0,10,3,2
29,passive-outside,801,Harsh,21,3,12,4,20,26,0,9,5,0
29,passive-outside,802,Harsh,13,6,12,4,22,30,0,9,4,0
29,passive-outside,803,Mild,20,9,12,4,33,26,0,9,4,0
29,passive-outside,804,Mild,27,12,12,4,33,26,0,9,4,0
29,passive-outside,805,Normal,31,15,12,4,30,26,0,9,4,0
29,passive-outside,806,Mild,37,24,13,4,32,26,0,9,4,0
29,passive-outside,807,Normal,42,29,13,4,32,27,0,9,4,0
29,passive-outside,808,Harsh,38,34,13,3,25,29,0,9,4,0
29,passive-outside,809,Harsh,28,37,13,3,19,29,0,9,3,0
29,passive-outside,810,Normal,32,42,13,3,30,26,0,9,3,0
29,passive-outside,811,Mild,36,47,13,3,30,26,0,9,3,0
29,passive-outside,812,Normal,39,56,13,3,29,26,0,9,3,0
29,passive-outside,813,Normal,43,65,12,3,28,24,0,9,3,0
29,passive-outside,814,Normal,46,73,12,1,25,22,0,8,3,0
29,passive-outside,815,Normal,45,82,13,1,21,22,0,8,1,0
29,passive-outside,816,Normal,40,87,13,1,20,25,0,8,1,0
29,passive-outside,817,Harsh,30,91,13,1,16,26,0,8,1,0
29,passive-outside,818,Normal,25,85,14,1,20,25,0,8,1,0
29,passive-outside,819,Normal,19,92,14,1,20,26,0,7,1,0
29,passive-outside,820,Normal,20,100,14,1,27,26,0,7,1,0
29,passive-outside,821,Normal,20,106,14,1,26,26,0,7,1,0
29,passive-outside,822,Normal,20,113,14,1,27,27,0,7,1,0
29,passive-outside,823,Mild,21,120,14,1,28,27,0,7,1,0
29,passive-outside,824,Normal,21,127,14,1,27,27,0,7,1,0
30,opening-farmyard,800,Normal,37,18,10,3,30,23,0,9,0,0
30,opening-farmyard,801,Normal,49,23,10,4,35,23,0,9,0,1
30,opening-farmyard,802,Normal,62,29,10,4,36,23,0,8,0,0
30,opening-farmyard,803,Mild,78,35,11,4,39,23,0,8,0,1
30,opening-farmyard,804,Normal,87,32,12,5,33,24,0,9,0,1
30,opening-farmyard,805,Normal,98,35,12,5,37,26,0,7,0,0
30,opening-farmyard,806,Normal,110,38,13,7,39,27,0,7,0,2
30,opening-farmyard,807,Severe,89,42,13,7,17,38,0,7,0,0
30,opening-farmyard,808,Harsh,79,35,13,7,25,35,0,7,0,1
30,opening-farmyard,809,Normal,90,40,13,9,40,29,0,5,0,2
30,opening-farmyard,810,Harsh,89,48,13,5,28,29,0,5,0,0
30,opening-farmyard,811,Normal,95,56,13,5,33,27,0,5,0,1
30,opening-farmyard,812,Normal,110,64,13,5,42,27,0,5,0,0
30,opening-farmyard,813,Normal,125,72,13,7,43,28,0,5,0,2
30,opening-farmyard,814,Normal,144,80,13,8,47,28,0,5,0,1
30,opening-farmyard,815,Normal,159,87,13,9,45,30,0,5,0,1
30,opening-farmyard,816,Normal,175,96,13,9,46,30,0,5,0,1
30,opening-farmyard,817,Normal,196,104,13,8,51,30,0,5,0,0
30,opening-farmyard,818,Normal,216,110,13,11,50,30,0,5,0,4
30,opening-farmyard,819,Mild,239,119,13,9,53,30,0,5,0,0
30,opening-farmyard,820,Normal,252,126,13,11,46,33,0,5,0,3
30,opening-farmyard,821,Normal,269,133,13,11,50,33,0,5,0,0
30,opening-farmyard,822,Harsh,263,141,13,9,36,42,0,5,0,1
30,opening-farmyard,823,Mild,279,148,13,8,49,33,0,5,0,0
30,opening-farmyard,824,Harsh,274,155,13,7,33,38,0,5,0,1
31,passive-outside,800,Normal,41,7,11,4,34,23,0,10,3,1
31,passive-outside,801,Harsh,39,9,12,4,25,27,0,11,4,0
31,passive-outside,802,Normal,42,11,13,5,29,26,0,12,4,1
31,passive-outside,803,Mild,44,13,13,5,29,27,0,13,5,0
31,passive-outside,804,Normal,43,15,14,6,27,28,0,13,5,1
31,passive-outside,805,Harsh,27,17,14,6,18,34,0,14,6,0
31,passive-outside,806,Normal,24,19,14,9,27,30,0,14,6,3
31,passive-outside,807,Harsh,10,21,14,8,22,36,0,14,9,0
31,passive-outside,808,Normal,16,23,14,10,38,32,0,14,8,2
31,passive-outside,809,Normal,24,25,14,10,40,32,0,14,10,0
31,passive-outside,810,Mild,38,27,14,14,48,34,0,14,10,4
31,passive-outside,811,Harsh,33,29,14,12,35,40,0,14,14,0
31,passive-outside,812,Normal,45,31,14,14,48,36,0,14,12,2
31,passive-outside,813,Normal,52,33,14,15,43,36,0,14,14,1
31,passive-outside,814,Normal,62,35,14,16,48,38,0,14,15,1
31,passive-outside,815,Normal,69,27,14,18,46,39,0,14,16,2
31,passive-outside,816,Normal,79,30,14,21,51,41,0,12,18,3
31,passive-outside,817,Normal,89,33,14,21,53,43,0,12,21,1
31,passive-outside,818,Severe,39,37,14,19,25,75,0,12,21,2
31,passive-outside,819,Normal,46,40,13,20,49,42,0,12,19,1
31,passive-outside,820,Normal,45,37,13,21,43,44,0,11,20,2
31,passive-outside,821,Normal,45,48,13,22,45,45,0,9,21,1
31,passive-outside,822,Mild,47,60,13,23,49,47,0,9,22,1
31,passive-outside,823,Normal,46,72,13,25,46,47,0,9,23,3
31,passive-outside,824,Harsh,12,83,13,22,30,64,0,9,25,0
32,opening-farmyard,800,Normal,50,15,11,4,43,23,0,8,0,1
32,opening-farmyard,801,Mild,79,16,11,5,53,24,0,9,0,1
32,opening-farmyard,802,Normal,100,7,12,6,46,25,0,9,0,1
32,opening-farmyard,803,Normal,124,6,13,7,51,27,0,8,0,1
32,opening-farmyard,804,Normal,140,6,14,6,45,29,0,8,0,0
32,opening-farmyard,805,Harsh,128,6,14,8,24,36,0,8,0,2
32,opening-farmyard,806,Normal,137,5,14,8,39,30,0,8,0,0
32,opening-farmyard,807,Mild,145,5,14,9,39,31,0,8,0,2
32,opening-farmyard,808,Normal,161,5,15,9,47,31,0,8,0,0
32,opening-farmyard,809,Normal,179,4,15,9,51,33,0,9,0,1
32,opening-farmyard,810,Mild,209,4,15,9,63,33,0,9,0,0
32,opening-farmyard,811,Normal,235,4,15,9,59,33,0,9,0,1
32,opening-farmyard,812,Normal,260,4,15,9,58,33,0,9,0,0
32,opening-farmyard,813,Harsh,260,3,16,10,43,43,0,9,0,1
32,opening-farmyard,814,Mild,292,3,16,9,66,34,0,10,0,0
32,opening-farmyard,815,Normal,318,3,17,12,61,35,0,10,0,3
32,opening-farmyard,816,Harsh,319,2,17,10,43,42,0,10,0,0
32,opening-farmyard,817,Mild,336,2,17,9,53,36,0,10,0,1
32,opening-farmyard,818,Harsh,327,2,18,8,34,43,0,10,0,0
32,opening-farmyard,819,Harsh,319,1,18,10,39,47,0,10,0,2
32,opening-farmyard,820,Normal,330,7,18,7,49,38,0,10,0,0
32,opening-farmyard,821,Normal,340,5,18,6,47,37,0,10,0,1
32,opening-farmyard,822,Mild,352,16,18,7,49,37,0,8,0,1
32,opening-farmyard,823,Harsh,342,15,18,8,34,44,0,8,0,1
32,opening-farmyard,824,Mild,360,25,19,9,57,39,0,8,0,2
33,passive-outside,800,Normal,32,8,10,5,25,23,0,10,3,2
33,passive-outside,801,Mild,45,14,10,5,36,23,0,10,5,0
33,passive-outside,802,Normal,50,8,10,6,30,25,0,10,5,1
33,passive-outside,803,Normal,65,3,11,7,40,25,0,8,6,1
33,passive-outside,804,Normal,81,5,13,8,43,27,0,6,7,1
33,passive-outside,805,Normal,88,6,13,10,37,30,0,8,8,2
33,passive-outside,806,Normal,96,7,13,12,39,31,0,8,10,2
33,passive-outside,807,Normal,101,9,15,12,38,33,0,8,12,0
33,passive-outside,808,Normal,97,9,15,15,33,37,0,8,12,3
33,passive-outside,809,Normal,95,11,15,15,35,37,0,8,15,0
33,passive-outside,810,Normal,92,14,15,15,37,40,0,8,15,0
33,passive-outside,811,Mild,96,17,15,17,44,40,0,8,15,2
33,passive-outside,812,Harsh,68,21,16,19,27,55,0,8,17,2
33,passive-outside,813,Normal,76,23,16,19,50,42,0,8,19,1
33,passive-outside,814,Normal,81,26,16,24,49,44,0,8,19,5
33,passive-outside,815,Normal,87,29,16,25,51,45,0,8,24,1
33,passive-outside,816,Normal,92,32,16,29,54,49,0,8,25,5
33,passive-outside,817,Severe,33,35,16,27,27,86,0,8,29,2
33,passive-outside,818,Normal,44,38,16,32,61,50,0,8,27,6
33,passive-outside,819,Normal,59,40,16,32,67,52,0,8,32,2
33,passive-outside,820,Harsh,28,46,16,28,48,79,0,8,32,1
33,passive-outside,821,Normal,40,53,16,30,67,55,0,8,28,3
33,passive-outside,822,Severe,0,60,16,23,34,74,15,8,30,3
33,passive-outside,823,Normal,10,66,16,23,58,48,0,8,23,3
33,passive-outside,824,Severe,0,62,16,18,25,35,38,8,23,2
34,opening-farmyard,800,Normal,45,7,12,3,38,23,0,9,0,0
34,opening-farmyard,801,Normal,59,11,12,3,39,25,0,9,0,0
34,opening-farmyard,802,Normal,74,4,12,3,40,25,0,9,0,0
34,opening-farmyard,803,Normal,96,6,12,4,47,25,0,7,0,1
34,opening-farmyard,804,Mild,124,9,12,4,53,25,0,7,0,0
34,opening-farmyard,805,Normal,149,11,13,5,51,26,0,6,0,1
34,opening-farmyard,806,Normal,174,14,14,4,51,26,0,6,0,0
34,opening-farmyard,807,Mild,189,17,15,6,43,28,0,6,0,2
34,opening-farmyard,808,Mild,208,16,15,5,48,29,0,6,0,0
34,opening-farmyard,809,Normal,220,15,15,5,42,30,0,6,0,0
34,opening-farmyard,810,Harsh,221,14,15,5,34,33,0,6,0,1
34,opening-farmyard,811,Normal,244,13,15,5,51,28,0,6,0,1
34,opening-farmyard,812,Mild,275,12,16,4,59,28,0,6,0,0
34,opening-farmyard,813,Harsh,276,15,17,5,35,34,0,6,0,1
34,opening-farmyard,814,Normal,281,17,17,5,36,31,0,6,0,0
34,opening-farmyard,815,Normal,288,20,17,5,38,31,0,6,0,1
34,opening-farmyard,816,Severe,267,22,17,5,20,41,0,6,0,0
34,opening-farmyard,817,Normal,274,25,17,6,41,34,0,6,0,1
34,opening-farmyard,818,Harsh,273,27,17,6,38,39,0,6,0,0
34,opening-farmyard,819,Normal,295,29,17,6,57,35,0,6,0,0
34,opening-farmyard,820,Normal,320,36,17,8,60,35,0,6,0,2
34,opening-farmyard,821,Normal,348,33,18,5,62,34,0,6,0,0
34,opening-farmyard,822,Normal,366,39,18,7,55,37,0,4,0,2
34,opening-farmyard,823,Harsh,365,46,18,7,42,43,0,4,0,0
34,opening-farmyard,824,Normal,382,55,19,8,56,39,0,4,0,2
35,passive-outside,800,Normal,35,0,11,4,28,23,0,10,3,1
35,passive-outside,801,Normal,44,3,11,4,33,24,0,8,4,0
35,passive-outside,802,Mild,54,6,11,6,35,25,0,8,4,2
35,passive-outside,803,Normal,65,9,12,7,36,25,0,8,6,1
35,passive-outside,804,Mild,77,12,12,9,40,28,0,8,7,2
35,passive-outside,805,Normal,86,15,13,8,37,28,0,8,9,0
35,passive-outside,806,Normal,89,18,14,11,34,31,0,9,8,3
35,passive-outside,807,Harsh,71,11,14,11,22,40,0,10,11,0
35,passive-outside,808,Mild,77,15,14,12,41,35,0,8,11,1
35,passive-outside,809,Mild,87,24,15,15,45,35,0,8,12,3
35,passive-outside,810,Normal,91,32,16,17,41,37,0,9,15,2
35,passive-outside,811,Normal,96,36,16,19,46,41,0,9,17,2
35,passive-outside,812,Normal,101,40,16,22,48,43,0,9,19,3
35,passive-outside,813,Normal,105,44,16,24,49,45,0,9,22,2
35,passive-outside,814,Normal,110,48,16,27,52,47,0,9,24,4
35,passive-outside,815,Normal,118,52,16,28,56,48,0,9,27,2
35,passive-outside,816,Normal,120,59,16,32,55,53,0,9,28,4
35,passive-outside,817,Normal,124,67,17,36,58,54,0,9,32,5
35,passive-outside,818,Normal,121,75,17,38,54,57,0,10,36,4
35,passive-outside,819,Harsh,69,82,17,38,35,87,0,10,38,5
35,passive-outside,820,Normal,84,80,16,43,75,60,0,10,38,5
35,passive-outside,821,Mild,112,85,16,49,92,64,0,8,43,8
35,passive-outside,822,Normal,134,89,16,55,91,69,0,8,49,7
35,passive-outside,823,Normal,154,94,16,65,97,77,0,8,55,10
35,passive-outside,824,Mild,181,99,16,75,110,83,0,8,65,12
36,opening-farmyard,800,Normal,40,20,9,3,31,21,0,8,0,0
36,opening-farmyard,801,Normal,56,24,9,5,37,21,0,7,0,2
36,opening-farmyard,802,Normal,72,18,10,5,37,21,0,7,0,0
36,opening-farmyard,803,Normal,88,9,12,6,40,24,0,5,0,1
36,opening-farmyard,804,Mild,119,6,12,7,57,26,0,4,0,1
36,opening-farmyard,805,Harsh,125,3,13,8,38,32,0,4,0,1
36,opening-farmyard,806,Normal,148,0,13,10,52,29,0,3,0,2
36,opening-farmyard,807,Harsh,150,0,13,11,40,38,0,3,0,1
36,opening-farmyard,808,Normal,169,0,14,11,50,31,0,3,0,1
36,opening-farmyard,809,Normal,187,3,14,15,51,33,0,3,0,4
36,opening-farmyard,810,Harsh,170,1,16,15,26,43,0,7,15,1
36,opening-farmyard,811,Mild,171,3,16,19,40,39,0,8,15,4
36,opening-farmyard,812,Normal,172,4,16,22,41,40,0,8,19,3
36,opening-farmyard,813,Normal,171,5,18,25,43,44,0,8,22,3
36,opening-farmyard,814,Normal,167,8,19,27,45,49,0,9,25,2
36,opening-farmyard,815,Normal,162,10,19,33,48,53,0,10,27,6
36,opening-farmyard,816,Normal,158,11,20,36,51,55,0,10,33,4
36,opening-farmyard,817,Normal,149,12,20,40,52,61,0,11,36,4
36,opening-farmyard,818,Normal,142,13,20,46,58,65,0,11,40,7
36,opening-farmyard,819,Normal,138,15,20,52,66,70,0,11,46,6
36,opening-farmyard,820,Normal,139,12,20,57,75,74,0,11,52,8
36,opening-farmyard,821,Harsh,70,20,20,58,52,121,0,10,57,6
36,opening-farmyard,822,Harsh,10,26,20,60,67,127,0,10,58,8
36,opening-farmyard,823,Harsh,0,24,20,66,54,64,71,10,60,7
36,opening-farmyard,824,Mild,1,31,19,76,92,91,0,9,66,11
37,passive-outside,800,Normal,39,7,11,5,32,23,0,10,3,2
37,passive-outside,801,Normal,50,9,11,5,35,24,0,11,5,0
37,passive-outside,802,Mild,62,11,11,7,38,26,0,11,5,2
37,passive-outside,803,Normal,70,13,11,7,34,26,0,11,7,0
37,passive-outside,804,Normal,74,5,11,10,32,28,0,11,7,3
37,passive-outside,805,Severe,61,6,11,9,25,38,0,9,10,0
37,passive-outside,806,Normal,73,7,11,13,42,30,0,9,9,4
37,passive-outside,807,Normal,88,8,12,14,45,30,0,9,13,1
37,passive-outside,808,Severe,53,9,12,15,20,55,0,9,14,4
37,passive-outside,809,Normal,62,0,14,16,42,33,0,9,15,1
37,passive-outside,810,Normal,68,0,15,17,45,39,0,8,16,1
37,passive-outside,811,Mild,82,0,15,20,55,41,0,8,17,3
37,passive-outside,812,Normal,95,4,17,21,53,40,0,8,20,3
37,passive-outside,813,Mild,99,3,17,23,49,45,0,13,21,2
37,passive-outside,814,Normal,99,2,18,24,48,48,0,13,23,1
37,passive-outside,815,Severe,36,1,18,24,22,85,0,14,24,4
37,passive-outside,816,Normal,37,0,18,26,49,48,0,14,24,2
37,passive-outside,817,Normal,36,0,18,28,51,52,0,14,26,2
37,passive-outside,818,Harsh,0,3,18,27,35,71,3,14,28,2
37,passive-outside,819,Normal,1,7,18,28,54,53,0,14,27,1
37,passive-outside,820,Normal,9,10,18,28,62,54,0,14,28,1
37,passive-outside,821,Normal,15,13,18,27,61,55,0,14,28,0
37,passive-outside,822,Normal,22,16,18,28,61,54,0,14,27,3
37,passive-outside,823,Normal,25,19,18,28,58,55,0,14,28,0
37,passive-outside,824,Normal,25,22,18,29,57,57,0,14,28,2
38,opening-farmyard,800,Normal,41,18,10,4,34,23,0,8,0,1
38,opening-farmyard,801,Normal,59,15,10,4,41,23,0,8,0,0
38,opening-farmyard,802,Mild,78,24,10,5,43,24,0,6,0,1
38,opening-farmyard,803,Mild,96,24,10,6,42,24,0,6,0,1
38,opening-farmyard,804,Severe,86,34,9,6,23,33,0,4,0,0
38,opening-farmyard,805,Normal,102,43,10,5,39,23,0,3,0,0
38,opening-farmyard,806,Normal,110,53,10,6,32,24,0,3,0,1
38,opening-farmyard,807,Mild,123,63,10,6,36,23,0,3,0,1
38,opening-farmyard,808,Mild,130,72,12,7,31,24,0,3,0,1
38,opening-farmyard,809,Normal,134,77,13,7,31,27,0,4,0,0
38,opening-farmyard,810,Normal,138,81,13,7,33,29,0,4,0,0
38,opening-farmyard,811,Severe,113,86,14,10,18,43,0,4,0,3
38,opening-farmyard,812,Harsh,102,91,14,10,26,37,0,5,0,0
38,opening-farmyard,813,Harsh,90,95,14,10,29,41,0,5,0,1
38,opening-farmyard,814,Mild,104,104,14,13,46,32,0,5,0,3
38,opening-farmyard,815,Normal,126,111,14,14,54,32,0,5,0,2
38,opening-farmyard,816,Mild,146,119,14,14,54,34,0,5,0,1
38,opening-farmyard,817,Harsh,141,128,14,15,40,45,0,5,0,3
38,opening-farmyard,818,Mild,167,138,14,13,58,32,0,5,0,1
38,opening-farmyard,819,Normal,188,147,14,14,55,34,0,5,0,3
38,opening-farmyard,820,Normal,216,156,14,16,61,33,0,5,0,3
38,opening-farmyard,821,Normal,238,165,14,11,54,32,0,5,0,1
38,opening-farmyard,822,Normal,255,175,14,12,50,33,0,5,0,3
38,opening-farmyard,823,Mild,284,183,14,10,61,32,0,5,0,0
38,opening-farmyard,824,Normal,306,180,14,8,56,34,0,5,0,0
39,passive-outside,800,Normal,29,0,12,4,22,23,0,10,3,1
39,passive-outside,801,Normal,26,7,13,4,22,25,0,9,4,0
39,passive-outside,802,Severe,3,13,13,5,12,35,0,10,4,1
39,passive-outside,803,Normal,0,8,13,5,21,24,3,10,5,0
39,passive-outside,804,Normal,0,13,13,6,27,27,1,8,5,1
39,passive-outside,805,Normal,0,20,13,6,25,25,3,8,6,0
39,passive-outside,806,Mild,8,28,13,5,36,28,0,8,6,0
39,passive-outside,807,Normal,12,37,13,6,32,28,0,8,5,1
39,passive-outside,808,Normal,16,47,12,5,29,25,0,8,6,0
39,passive-outside,809,Normal,21,57,12,5,31,26,0,7,5,0
39,passive-outside,810,Normal,26,65,13,5,31,26,0,7,5,0
39,passive-outside,811,Normal,31,74,14,5,32,27,0,8,5,0
39,passive-outside,812,Mild,28,81,14,6,25,28,0,8,5,1
39,passive-outside,813,Normal,24,88,14,6,24,28,0,8,6,0
39,passive-outside,814,Normal,19,97,14,8,24,29,0,8,6,2
39,passive-outside,815,Harsh,8,104,13,5,18,29,0,8,8,0
39,passive-outside,816,Normal,3,112,13,4,22,27,0,7,5,0
39,passive-outside,817,Mild,11,120,13,4,36,28,0,7,4,0
39,passive-outside,818,Harsh,3,128,13,4,24,32,0,7,4,0
39,passive-outside,819,Harsh,0,135,13,3,22,25,5,7,4,0
39,passive-outside,820,Harsh,8,133,13,2,36,28,0,7,3,0
39,passive-outside,821,Mild,42,140,14,2,60,26,0,5,2,0
39,passive-outside,822,Normal,60,145,14,2,45,27,0,5,2,0
39,passive-outside,823,Harsh,67,153,14,2,36,29,0,5,2,0
39,passive-outside,824,Mild,91,159,15,2,51,27,0,5,2,0
40,opening-farmyard,800,Normal,46,5,10,3,39,23,0,9,0,0
40,opening-farmyard,801,Harsh,59,5,10,4,39,26,0,7,0,1
40,opening-farmyard,802,Mild,93,5,11,5,57,23,0,7,0,1
40,opening-farmyard,803,Normal,114,5,12,4,45,24,0,7,0,0
40,opening-farmyard,804,Normal,129,5,12,6,41,26,0,8,0,2
40,opening-farmyard,805,Mild,149,5,12,7,46,26,0,8,0,1
40,opening-farmyard,806,Normal,166,5,12,7,44,27,0,8,0,1
40,opening-farmyard,807,Normal,182,5,13,7,44,28,0,8,0,0
40,opening-farmyard,808,Severe,161,5,13,9,23,44,0,8,0,2
40,opening-farmyard,809,Normal,184,5,14,9,53,30,0,8,0,1
40,opening-farmyard,810,Severe,160,5,15,10,24,48,0,9,0,1
40,opening-farmyard,811,Normal,176,5,15,10,49,33,0,10,0,1
40,opening-farmyard,812,Normal,190,4,16,10,47,33,0,10,0,1
40,opening-farmyard,813,Normal,207,4,17,10,52,35,0,11,0,0
40,opening-farmyard,814,Mild,233,4,17,9,61,35,0,12,0,1
40,opening-farmyard,815,Mild,254,4,17,9,55,34,0,12,0,1
40,opening-farmyard,816,Normal,271,4,17,7,49,32,0,12,0,1
40,opening-farmyard,817,Normal,284,4,17,7,45,32,0,12,0,1
40,opening-farmyard,818,Normal,297,4,17,8,47,34,0,12,0,1
40,opening-farmyard,819,Normal,318,4,17,6,55,34,0,12,0,0
40,opening-farmyard,820,Severe,299,10,17,6,25,44,0,12,0,1
40,opening-farmyard,821,Harsh,298,16,17,7,38,39,0,12,0,1
40,opening-farmyard,822,Harsh,300,24,17,5,39,37,0,11,0,0
40,opening-farmyard,823,Normal,311,32,17,5,46,35,0,11,0,0
40,opening-farmyard,824,Normal,323,39,17,6,47,35,0,11,0,1
41,passive-outside,800,Normal,39,7,10,5,32,23,0,10,3,2
41,passive-outside,801,Mild,54,9,10,5,38,23,0,10,5,0
41,passive-outside,802,Mild,69,1,13,6,40,25,0,10,5,1
41,passive-outside,803,Normal,68,2,14,7,27,28,0,10,6,1
41,passive-outside,804,Normal,67,1,14,8,29,30,0,11,7,1
41,passive-outside,805,Mild,67,0,15,11,31,31,0,11,8,3
41,passive-outside,806,Normal,67,0,15,10,32,32,0,12,11,0
41,passive-outside,807,Normal,63,0,16,12,31,35,0,12,10,2
41,passive-outside,808,Harsh,49,5,17,12,32,46,0,13,12,0
41,passive-outside,809,Normal,44,7,18,16,34,39,0,17,12,4
41,passive-outside,810,Normal,34,9,18,16,30,40,0,18,16,0
41,passive-outside,811,Normal,22,11,18,20,32,44,0,18,16,4
41,passive-outside,812,Normal,17,14,18,24,39,44,0,18,20,4
41,passive-outside,813,Mild,12,16,18,29,43,48,0,18,24,5
41,passive-outside,814,Severe,0,18,18,28,25,37,54,18,29,4
41,passive-outside,815,Normal,1,20,18,32,53,52,0,18,28,4
41,passive-outside,816,Normal,2,22,18,33,57,56,0,18,32,1
41,passive-outside,817,Severe,0,24,18,35,30,32,77,18,33,7
41,passive-outside,818,Mild,2,26,18,34,61,59,0,18,35,0
41,passive-outside,819,Mild,0,29,18,40,61,63,2,18,34,7
41,passive-outside,820,Normal,9,31,18,43,74,65,0,18,40,3
41,passive-outside,821,Normal,15,23,18,45,78,72,0,18,43,3
41,passive-outside,822,Normal,30,24,17,52,88,73,0,16,45,7
41,passive-outside,823,Harsh,0,25,17,50,59,89,25,15,52,3
41,passive-outside,824,Mild,11,26,17,55,91,80,0,15,50,5
42,opening-farmyard,800,Normal,42,8,11,3,35,23,0,8,0,0
42,opening-farmyard,801,Normal,55,4,11,4,37,24,0,6,0,1
42,opening-farmyard,802,Normal,75,9,13,5,44,24,0,4,0,1
42,opening-farmyard,803,Harsh,66,13,13,4,20,29,0,4,0,0
42,opening-farmyard,804,Normal,63,18,13,6,24,27,0,4,0,2
42,opening-farmyard,805,Severe,42,13,15,6,14,35,0,4,0,0
42,opening-farmyard,806,Severe,22,16,15,7,23,43,0,2,0,1
42,opening-farmyard,807,Normal,38,19,15,8,47,31,0,2,0,1
42,opening-farmyard,808,Severe,15,23,15,10,23,46,0,2,0,2
42,opening-farmyard,809,Mild,41,27,16,9,58,32,0,2,0,1
42,opening-farmyard,810,Mild,62,31,17,11,55,34,0,2,0,2
42,opening-farmyard,811,Normal,77,35,18,11,51,36,0,2,0,0
42,opening-farmyard,812,Mild,89,38,18,13,50,38,0,2,0,3
42,opening-farmyard,813,Mild,107,42,19,8,51,33,0,2,0,0
42,opening-farmyard,814,Mild,113,45,19,11,43,37,0,2,0,3
42,opening-farmyard,815,Normal,122,48,20,8,43,34,0,2,0,0
42,opening-farmyard,816,Severe,85,52,20,8,18,55,0,2,0,0
42,opening-farmyard,817,Normal,92,55,20,8,46,39,0,2,0,0
42,opening-farmyard,818,Normal,99,59,20,9,48,41,0,2,0,1
42,opening-farmyard,819,Normal,121,62,20,8,62,40,0,2,0,0
42,opening-farmyard,820,Mild,147,72,20,9,66,40,0,2,0,2
42,opening-farmyard,821,Normal,168,82,20,8,62,41,0,2,0,0
42,opening-farmyard,822,Severe,141,93,20,8,29,56,0,2,0,1
42,opening-farmyard,823,Normal,160,103,19,6,57,38,0,2,0,0
42,opening-farmyard,824,Normal,176,110,19,7,55,39,0,2,0,1
43,passive-outside,800,Normal,37,9,11,3,30,23,0,10,3,0
43,passive-outside,801,Normal,44,3,12,5,31,24,0,11,3,2
43,passive-outside,802,Normal,51,8,12,5,32,25,0,10,5,0
43,passive-outside,803,Normal,54,13,12,5,30,27,0,10,5,0
43,passive-outside,804,Mild,64,18,12,6,37,27,0,10,5,1
43,passive-outside,805,Harsh,56,23,12,6,24,32,0,10,6,0
43,passive-outside,806,Severe,35,28,12,9,19,40,0,10,6,3
43,passive-outside,807,Normal,48,34,13,9,41,28,0,10,9,0
43,passive-outside,808,Normal,55,39,13,15,39,32,0,11,9,6
43,passive-outside,809,Harsh,48,44,13,14,32,39,0,11,15,0
43,passive-outside,810,Mild,55,49,13,16,44,37,0,11,14,2
43,passive-outside,811,Normal,64,54,13,20,46,37,0,11,16,4
43,passive-outside,812,Normal,69,59,13,22,44,39,0,11,20,2
43,passive-outside,813,Mild,82,64,13,26,55,42,0,11,22,5
43,passive-outside,814,Severe,29,68,13,26,27,80,0,11,26,3
43,passive-outside,815,Mild,48,73,13,27,64,45,0,11,26,3
43,passive-outside,816,Mild,65,78,13,28,64,47,0,11,27,2
43,passive-outside,817,Harsh,29,82,13,31,39,75,0,11,28,4
43,passive-outside,818,Normal,36,87,13,39,59,52,0,11,31,8
43,passive-outside,819,Normal,43,90,13,41,62,55,0,11,39,3
43,passive-outside,820,Mild,65,84,13,50,85,63,0,11,41,9
43,passive-outside,821,Normal,86,88,13,53,86,65,0,9,50,4
43,passive-outside,822,Mild,100,91,13,60,87,73,0,9,53,8
43,passive-outside,823,Mild,119,93,13,67,97,78,0,9,60,7
43,passive-outside,824,Mild,134,96,13,72,98,83,0,9,67,8
44,opening-farmyard,800,Normal,42,6,10,4,35,23,0,9,0,1
44,opening-farmyard,801,Normal,67,10,12,4,48,23,0,6,0,0
44,opening-farmyard,802,Normal,82,13,12,5,41,26,0,8,0,1
44,opening-farmyard,803,Mild,101,16,12,5,45,26,0,8,0,1
44,opening-farmyard,804,Normal,115,19,12,5,40,26,0,8,0,0
44,opening-farmyard,805,Mild,133,22,13,7,45,27,0,8,0,2
44,opening-farmyard,806,Harsh,132,25,13,6,30,31,0,9,0,0
44,opening-farmyard,807,Normal,149,29,13,7,46,29,0,9,0,1
44,opening-farmyard,808,Normal,174,31,14,6,53,28,0,9,0,0
44,opening-farmyard,809,Normal,193,35,14,8,49,30,0,10,0,2
44,opening-farmyard,810,Mild,221,28,14,7,57,29,0,10,0,0
44,opening-farmyard,811,Harsh,230,30,14,11,45,36,0,8,0,5
44,opening-farmyard,812,Normal,266,33,15,10,66,30,0,8,0,0
44,opening-farmyard,813,Normal,296,34,15,14,65,35,0,9,0,4
44,opening-farmyard,814,Harsh,311,37,15,12,56,41,0,9,0,3
44,opening-farmyard,815,Normal,348,39,15,11,68,31,0,9,0,2
44,opening-farmyard,816,Mild,376,41,15,13,62,34,0,9,0,2
44,opening-farmyard,817,Normal,404,43,15,12,63,35,0,9,0,2
44,opening-farmyard,818,Mild,434,46,15,13,66,36,0,9,0,2
44,opening-farmyard,819,Harsh,432,47,15,14,45,47,0,9,0,2
44,opening-farmyard,820,Normal,462,52,15,14,68,38,0,9,0,1
44,opening-farmyard,821,Mild,493,57,15,17,72,41,0,9,0,3
44,opening-farmyard,822,Normal,524,63,15,15,72,41,0,9,0,1
44,opening-farmyard,823,Normal,564,69,15,10,77,37,0,9,0,0
44,opening-farmyard,824,Normal,592,74,15,14,67,39,0,9,0,4
45,passive-outside,800,Normal,30,10,10,4,23,23,0,10,3,1
45,passive-outside,801,Mild,37,18,10,5,30,23,0,10,4,1
45,passive-outside,802,Normal,39,16,10,7,26,24,0,10,5,2
45,passive-outside,803,Mild,52,13,11,7,38,25,0,8,7,0
45,passive-outside,804,Normal,67,16,13,9,43,28,0,7,7,2
45,passive-outside,805,Normal,72,20,13,11,33,28,0,8,9,2
45,passive-outside,806,Normal,75,20,13,12,34,31,0,7,11,1
45,passive-outside,807,Normal,77,20,14,15,35,33,0,7,12,3
45,passive-outside,808,Normal,80,20,14,19,38,35,0,8,15,4
45,passive-outside,809,Mild,83,22,14,20,41,38,0,8,19,1
45,passive-outside,810,Normal,93,24,14,26,52,42,0,8,20,6
45,passive-outside,811,Normal,103,30,15,27,53,43,0,8,26,1
45,passive-outside,812,Normal,111,36,15,32,58,50,0,9,27,5
45,passive-outside,813,Normal,124,42,15,33,64,51,0,9,32,1
45,passive-outside,814,Mild,134,48,15,43,65,55,0,9,33,11
45,passive-outside,815,Harsh,99,53,15,39,45,80,0,9,43,2
45,passive-outside,816,Normal,107,59,14,44,66,58,0,9,39,6
45,passive-outside,817,Normal,114,66,14,46,65,58,0,9,44,4
45,passive-outside,818,Normal,115,74,14,52,65,64,0,9,46,6
45,passive-outside,819,Severe,8,81,14,52,36,143,0,9,52,6
45,passive-outside,820,Normal,2,88,14,58,64,70,0,9,52,7
45,passive-outside,821,Normal,0,94,14,64,69,71,6,9,58,6
45,passive-outside,822,Normal,0,102,14,69,75,75,8,9,64,6
45,passive-outside,823,Normal,0,109,14,77,80,80,9,9,69,9
45,passive-outside,824,Normal,0,105,14,83,89,89,5,9,77,7
46,opening-farmyard,800,Normal,43,7,11,4,36,23,0,8,0,1
46,opening-farmyard,801,Normal,61,11,12,4,42,24,0,6,0,0
46,opening-farmyard,802,Mild,72,4,13,5,37,26,0,6,0,1
46,opening-farmyard,803,Normal,84,9,13,5,39,27,0,5,0,0
46,opening-farmyard,804,Harsh,79,14,14,6,28,33,0,5,0,1
46,opening-farmyard,805,Normal,85,17,14,8,35,29,0,5,0,2
46,opening-farmyard,806,Normal,97,22,14,6,41,29,0,5,0,1
46,opening-farmyard,807,Normal,116,27,15,6,48,29,0,5,0,0
46,opening-farmyard,808,Normal,136,31,16,6,50,30,0,6,0,1
46,opening-farmyard,809,Harsh,133,36,16,7,33,36,0,6,0,1
46,opening-farmyard,810,Normal,146,40,16,6,45,32,0,6,0,0
46,opening-farmyard,811,Mild,162,43,18,7,48,32,0,6,0,1
46,opening-farmyard,812,Normal,172,48,18,7,44,34,0,7,0,0
46,opening-farmyard,813,Harsh,164,52,18,7,34,42,0,7,0,0
46,opening-farmyard,814,Harsh,158,56,21,6,34,40,0,7,0,0
46,opening-farmyard,815,Normal,151,60,21,5,29,36,0,8,0,0
46,opening-farmyard,816,Normal,143,65,21,5,29,37,0,8,0,0
46,opening-farmyard,817,Normal,143,68,21,4,37,37,0,8,0,0
46,opening-farmyard,818,Normal,137,72,21,4,32,38,0,8,0,0
46,opening-farmyard,819,Mild,142,76,21,4,43,38,0,8,0,0
46,opening-farmyard,820,Normal,153,78,21,4,50,39,0,8,0,0
46,opening-farmyard,821,Normal,163,82,21,4,49,39,0,8,0,0
46,opening-farmyard,822,Mild,183,85,20,3,57,37,0,8,0,0
46,opening-farmyard,823,Normal,191,88,20,2,45,37,0,8,0,0
46,opening-farmyard,824,Normal,195,91,20,2,41,37,0,8,0,0
47,passive-outside,800,Normal,30,9,12,4,23,23,0,10,3,1
47,passive-outside,801,Normal,28,5,12,4,23,25,0,12,4,0
47,passive-outside,802,Mild,29,13,12,5,27,26,0,10,4,1
47,passive-outside,803,Normal,28,21,13,7,25,26,0,10,5,2
47,passive-outside,804,Harsh,13,19,13,8,18,33,0,11,7,1
47,passive-outside,805,Harsh,8,27,13,9,28,33,0,9,8,3
47,passive-outside,806,Harsh,1,33,13,9,28,35,0,9,9,0
47,passive-outside,807,Normal,11,40,13,12,42,32,0,9,9,3
47,passive-outside,808,Harsh,3,48,13,13,33,41,0,9,12,2
47,passive-outside,809,Normal,15,57,13,17,46,34,0,9,13,4
47,passive-outside,810,Normal,29,65,13,19,49,35,0,9,17,3
47,passive-outside,811,Normal,40,74,13,22,49,38,0,9,19,4
47,passive-outside,812,Mild,54,83,13,24,55,41,0,9,22,2
47,passive-outside,813,Normal,57,91,13,27,48,45,0,9,24,3
47,passive-outside,814,Severe,10,100,13,22,27,74,0,9,27,4
47,passive-outside,815,Normal,18,109,13,24,48,40,0,9,22,3
47,passive-outside,816,Normal,22,117,13,24,49,45,0,9,24,1
47,passive-outside,817,Mild,26,125,13,25,50,46,0,9,24,3
47,passive-outside,818,Normal,24,132,13,26,44,46,0,9,25,2
47,passive-outside,819,Normal,18,141,13,28,44,50,0,9,26,2
47,passive-outside,820,Normal,23,149,13,29,56,51,0,9,28,2
47,passive-outside,821,Normal,31,156,13,31,59,51,0,9,29,4
47,passive-outside,822,Normal,38,165,13,33,60,53,0,9,31,3
47,passive-outside,823,Mild,53,171,13,35,70,55,0,9,33,3
47,passive-outside,824,Normal,60,179,13,37,64,57,0,9,35,3
48,opening-farmyard,800,Normal,49,4,10,5,42,23,0,9,0,2
48,opening-farmyard,801,Harsh,68,2,10,5,45,26,0,6,0,0
48,opening-farmyard,802,Normal,102,0,11,6,59,25,0,6,0,1
48,opening-farmyard,803,Normal,131,0,13,7,55,26,0,6,0,1
48,opening-farmyard,804,Normal,148,0,13,8,46,29,0,7,0,1
48,opening-farmyard,805,Normal,162,4,13,9,44,30,0,7,0,1
48,opening-farmyard,806,Normal,168,3,13,10,37,31,0,10,9,1
48,opening-farmyard,807,Mild,176,2,14,11,40,32,0,10,10,1
48,opening-farmyard,808,Normal,184,1,14,16,42,34,0,10,11,5
48,opening-farmyard,809,Mild,202,0,14,17,53,35,0,10,16,1
48,opening-farmyard,810,Harsh,184,0,14,17,36,54,0,10,17,1
48,opening-farmyard,811,Normal,202,0,14,22,57,39,0,10,17,6
48,opening-farmyard,812,Harsh,192,5,14,23,46,56,0,10,22,1
48,opening-farmyard,813,Harsh,168,5,14,26,40,64,0,14,23,5
48,opening-farmyard,814,Mild,192,5,14,27,69,45,0,14,26,1
48,opening-farmyard,815,Normal,206,5,14,35,64,50,0,14,27,8
48,opening-farmyard,816,Normal,231,5,14,36,74,49,0,14,35,4
48,opening-farmyard,817,Harsh,194,5,14,41,47,84,0,14,36,7
48,opening-farmyard,818,Mild,214,5,14,47,79,59,0,14,41,6
48,opening-farmyard,819,Harsh,176,5,13,49,65,103,0,14,47,5
48,opening-farmyard,820,Severe,81,9,12,52,39,134,0,13,49,10
48,opening-farmyard,821,Mild,88,15,12,53,71,64,0,12,52,2
48,opening-farmyard,822,Mild,93,20,12,62,79,74,0,12,53,9
48,opening-farmyard,823,Harsh,31,26,12,69,60,122,0,12,62,11
48,opening-farmyard,824,Mild,35,31,12,75,85,81,0,12,69,7
49,passive-outside,800,Normal,30,0,13,3,23,23,0,10,3,0
49,passive-outside,801,Normal,20,1,13,4,16,26,0,11,3,1
49,passive-outside,802,Mild,15,12,13,4,21,26,0,9,4,0
49,passive-outside,803,Normal,7,24,13,6,19,27,0,9,4,2
49,passive-outside,804,Harsh,0,35,13,5,15,22,9,9,6,0
49,passive-outside,805,Normal,0,47,13,7,22,22,6,9,5,2
49,passive-outside,806,Severe,0,59,13,8,18,18,17,9,7,2
49,passive-outside,807,Normal,3,69,13,9,32,29,0,9,8,1
49,passive-outside,808,Severe,0,80,13,8,17,20,21,9,9,1
49,passive-outside,809,Normal,4,92,13,9,34,30,0,9,8,1
49,passive-outside,810,Normal,4,103,13,9,31,31,0,9,9,0
49,passive-outside,811,Severe,0,114,13,10,16,20,30,9,9,1
49,passive-outside,812,Normal,4,125,13,11,36,32,0,9,10,1
49,passive-outside,813,Normal,7,137,13,11,35,32,0,9,11,1
49,passive-outside,814,Normal,7,148,13,14,33,33,0,9,11,3
49,passive-outside,815,Normal,8,158,13,13,34,33,0,9,14,0
49,passive-outside,816,Mild,6,168,13,15,37,39,0,9,13,2
49,passive-outside,817,Harsh,0,179,13,14,24,30,18,9,15,1
49,passive-outside,818,Normal,0,190,13,16,34,34,5,9,14,2
49,passive-outside,819,Normal,0,201,13,16,34,34,6,9,16,0
49,passive-outside,820,Normal,4,211,13,18,46,42,0,9,16,2
49,passive-outside,821,Normal,15,222,13,16,52,41,0,9,18,1
49,passive-outside,822,Normal,26,233,13,16,51,40,0,9,16,1
49,passive-outside,823,Normal,34,242,13,18,49,41,0,9,16,2
49,passive-outside,824,Mild,45,252,13,21,53,42,0,9,18,3
50,opening-farmyard,800,Normal,36,10,11,3,29,23,0,9,0,0
50,opening-farmyard,801,Harsh,34,16,12,3,25,27,0,7,0,0
50,opening-farmyard,802,Harsh,32,19,12,4,26,28,0,8,0,1
50,opening-farmyard,803,Normal,45,23,14,5,38,25,0,7,0,1
50,opening-farmyard,804,Normal,51,25,15,5,34,28,0,9,0,0
50,opening-farmyard,805,Severe,24,27,15,7,13,40,0,9,0,2
50,opening-farmyard,806,Normal,34,29,15,7,39,29,0,9,0,1
50,opening-farmyard,807,Normal,40,33,15,9,37,31,0,9,0,2
50,opening-farmyard,808,Normal,52,37,16,11,44,32,0,9,0,2
50,opening-farmyard,809,Normal,67,40,16,12,50,35,0,10,0,1
50,opening-farmyard,810,Normal,98,44,17,11,66,35,0,10,0,1
50,opening-farmyard,811,Mild,119,47,17,12,56,35,0,10,0,3
50,opening-farmyard,812,Severe,101,51,18,11,27,45,0,10,0,2
50,opening-farmyard,813,Harsh,91,55,18,11,34,44,0,11,0,1
50,opening-farmyard,814,Mild,103,58,18,10,48,36,0,11,0,2
50,opening-farmyard,815,Mild,116,62,19,9,48,35,0,11,0,0
50,opening-farmyard,816,Normal,121,65,19,8,42,37,0,11,0,1
50,opening-farmyard,817,Normal,132,68,18,8,47,36,0,11,0,0
50,opening-farmyard,818,Mild,139,73,18,8,42,35,0,11,8,2
50,opening-farmyard,819,Normal,141,79,18,9,39,37,0,11,8,1
50,opening-farmyard,820,Normal,138,84,18,10,37,40,0,11,9,1
50,opening-farmyard,821,Harsh,119,79,17,10,27,46,0,11,10,1
50,opening-farmyard,822,Normal,120,83,17,10,40,39,0,7,10,0
50,opening-farmyard,823,Normal,119,86,17,10,38,39,0,7,10,1
50,opening-farmyard,824,Severe,90,90,17,6,17,46,0,7,10,0
51,passive-outside,800,Normal,36,8,11,4,29,23,0,10,3,1
51,passive-outside,801,Normal,44,10,12,5,32,24,0,11,4,1
51,passive-outside,802,Normal,46,12,12,5,28,26,0,12,5,0
51,passive-outside,803,Normal,47,13,13,6,28,27,0,12,5,1
51,passive-outside,804,Normal,49,13,13,8,30,28,0,13,6,2
51,passive-outside,805,Harsh,35,13,13,8,21,35,0,13,8,1
51,passive-outside,806,Harsh,23,15,13,7,25,37,0,13,8,0
51,passive-outside,807,Normal,28,17,13,8,34,29,0,13,7,2
51,passive-outside,808,Harsh,19,19,13,8,24,33,0,13,8,1
51,passive-outside,809,Normal,24,13,13,8,35,30,0,13,8,0
51,passive-outside,810,Harsh,15,16,13,10,30,39,0,11,8,2
51,passive-outside,811,Severe,0,18,13,10,21,36,11,11,10,0
51,passive-outside,812,Normal,11,21,13,12,44,33,0,11,10,2
51,passive-outside,813,Mild,30,24,13,13,51,32,0,11,12,2
51,passive-outside,814,Normal,40,26,14,16,44,34,0,11,13,3
51,passive-outside,815,Normal,46,29,14,16,42,36,0,12,16,1
51,passive-outside,816,Normal,50,32,14,18,43,39,0,12,16,3
51,passive-outside,817,Harsh,28,33,14,19,34,56,0,12,18,2
51,passive-outside,818,Normal,29,36,14,20,43,42,0,12,19,2
51,passive-outside,819,Harsh,0,39,14,22,34,63,0,12,20,2
51,passive-outside,820,Normal,13,41,14,26,60,47,0,12,22,4
51,passive-outside,821,Normal,31,43,14,23,64,46,0,12,26,0
51,passive-outside,822,Harsh,7,46,14,23,45,69,0,12,23,2
51,passive-outside,823,Harsh,0,47,14,22,48,55,6,12,23,3
51,passive-outside,824,Mild,19,50,14,23,65,46,0,12,22,1
52,opening-farmyard,800,Normal,40,18,10,5,33,23,0,8,0,2
52,opening-farmyard,801,Normal,55,15,13,5,38,23,0,8,0,0
52,opening-farmyard,802,Normal,54,19,13,5,26,27,0,7,0,1
52,opening-farmyard,803,Normal,53,24,13,6,26,27,0,7,0,1
52,opening-farmyard,804,Normal,50,28,14,7,25,28,0,7,0,1
52,opening-farmyard,805,Mild,48,34,14,7,28,30,0,7,0,0
52,opening-farmyard,806,Mild,44,27,14,9,27,31,0,7,0,2
52,opening-farmyard,807,Normal,60,32,14,7,45,29,0,5,0,1
52,opening-farmyard,808,Mild,78,38,16,6,47,29,0,5,0,0
52,opening-farmyard,809,Normal,79,43,17,8,33,32,0,6,0,2
52,opening-farmyard,810,Harsh,65,49,17,7,25,39,0,6,0,0
52,opening-farmyard,811,Normal,65,55,19,7,34,34,0,6,0,0
52,opening-farmyard,812,Mild,68,59,19,7,39,36,0,7,0,0
52,opening-farmyard,813,Normal,69,63,19,7,36,35,0,7,0,1
52,opening-farmyard,814,Severe,39,68,19,7,17,47,0,7,0,0
52,opening-farmyard,815,Normal,43,73,19,8,40,36,0,7,0,1
52,opening-farmyard,816,Harsh,35,78,19,5,29,37,0,7,0,0
52,opening-farmyard,817,Normal,45,82,19,5,46,36,0,7,0,1
52,opening-farmyard,818,Normal,57,86,19,3,46,34,0,7,0,0
52,opening-farmyard,819,Normal,68,91,19,2,45,34,0,7,0,0
52,opening-farmyard,820,Harsh,66,95,19,2,35,37,0,7,0,0
52,opening-farmyard,821,Mild,80,98,19,2,49,35,0,7,0,0
52,opening-farmyard,822,Normal,89,103,19,2,44,35,0,7,0,0
52,opening-farmyard,823,Harsh,85,106,19,2,33,37,0,7,0,0
52,opening-farmyard,824,Normal,94,110,18,2,44,35,0,7,0,0
53,passive-outside,800,Normal,25,2,10,5,18,23,0,10,3,2
53,passive-outside,801,Normal,28,2,10,5,26,23,0,8,5,0
53,passive-outside,802,Mild,36,3,10,7,33,25,0,6,5,2
53,passive-outside,803,Harsh,28,6,10,7,22,30,0,4,7,0
53,passive-outside,804,Normal,42,17,11,8,41,27,0,2,7,1
53,passive-outside,805,Normal,47,27,12,10,33,28,0,2,8,2
53,passive-outside,806,Normal,51,34,12,10,34,30,0,2,10,0
53,passive-outside,807,Normal,52,42,12,11,33,32,0,2,10,1
53,passive-outside,808,Mild,57,50,12,12,36,31,0,2,11,2
53,passive-outside,809,Severe,27,57,12,10,16,46,0,2,12,0
53,passive-outside,810,Mild,41,65,13,10,45,31,0,2,10,1
53,passive-outside,811,Mild,52,72,13,9,42,31,0,2,10,0
53,passive-outside,812,Harsh,43,80,13,9,30,39,0,2,9,1
53,passive-outside,813,Mild,51,87,13,9,39,31,0,2,9,0
53,passive-outside,814,Harsh,41,94,13,8,29,39,0,2,9,0
53,passive-outside,815,Normal,45,100,14,9,35,31,0,2,8,1
53,passive-outside,816,Normal,42,111,14,9,29,32,0,2,9,0
53,passive-outside,817,Normal,37,122,14,8,27,32,0,2,9,0
53,passive-outside,818,Normal,30,132,14,9,25,32,0,2,8,1
53,passive-outside,819,Normal,27,142,14,8,28,31,0,2,9,0
53,passive-outside,820,Normal,18,150,14,8,23,32,0,2,8,1
53,passive-outside,821,Normal,18,162,14,7,32,32,0,2,8,0
53,passive-outside,822,Normal,18,169,14,7,33,33,0,2,7,0
53,passive-outside,823,Normal,15,179,14,8,30,33,0,2,7,1
53,passive-outside,824,Mild,20,189,14,6,36,31,0,2,8,0
54,opening-farmyard,800,Normal,44,15,12,4,37,23,0,9,0,1
54,opening-farmyard,801,Mild,56,16,13,5,37,25,0,11,0,1
54,opening-farmyard,802,Normal,63,17,13,6,34,27,0,12,0,1
54,opening-farmyard,803,Harsh,57,18,13,7,27,33,0,12,0,1
54,opening-farmyard,804,Normal,63,19,14,8,35,29,0,12,0,1
54,opening-farmyard,805,Normal,70,20,14,10,38,31,0,13,0,2
54,opening-farmyard,806,Normal,80,21,14,7,40,30,0,13,0,0
54,opening-farmyard,807,Normal,93,21,14,6,42,29,0,13,0,1
54,opening-farmyard,808,Normal,106,22,14,6,42,29,0,13,0,0
54,opening-farmyard,809,Mild,120,23,15,7,43,29,0,13,0,2
54,opening-farmyard,810,Harsh,119,24,15,6,32,33,0,14,0,0
54,opening-farmyard,811,Harsh,112,15,15,7,30,37,0,14,0,1
54,opening-farmyard,812,Harsh,112,17,15,6,35,35,0,12,0,0
54,opening-farmyard,813,Normal,128,18,15,7,47,31,0,12,0,1
54,opening-farmyard,814,Harsh,126,20,15,7,35,37,0,12,0,0
54,opening-farmyard,815,Normal,146,22,16,9,52,32,0,12,0,2
54,opening-farmyard,816,Normal,160,24,16,9,49,35,0,13,0,0
54,opening-farmyard,817,Normal,173,25,16,11,51,38,0,13,0,2
54,opening-farmyard,818,Harsh,167,27,15,10,37,43,0,13,0,0
54,opening-farmyard,819,Harsh,158,29,15,11,36,45,0,12,0,2
54,opening-farmyard,820,Normal,179,31,15,9,56,35,0,12,0,0
54,opening-farmyard,821,Harsh,172,35,15,9,37,44,0,12,0,1
54,opening-farmyard,822,Mild,197,38,15,9,61,36,0,12,0,0
54,opening-farmyard,823,Mild,219,41,15,12,59,37,0,12,0,3
54,opening-farmyard,824,Normal,243,47,15,10,58,34,0,11,0,1
55,passive-outside,800,Normal,39,9,10,4,32,23,0,10,3,1
55,passive-outside,801,Normal,51,13,10,4,35,23,0,10,4,0
55,passive-outside,802,Mild,63,8,11,6,36,24,0,10,4,2
55,passive-outside,803,Mild,82,9,11,6,44,25,0,8,6,0
55,passive-outside,804,Normal,93,0,12,7,38,27,0,8,6,1
55,passive-outside,805,Severe,74,0,13,7,21,40,0,7,7,0
55,passive-outside,806,Normal,84,0,13,8,40,30,0,8,7,1
55,passive-outside,807,Mild,101,0,14,7,46,29,0,8,8,0
55,passive-outside,808,Normal,109,5,14,10,39,31,0,9,7,3
55,passive-outside,809,Normal,121,0,14,10,43,31,0,9,10,0
55,passive-outside,810,Normal,135,3,16,12,48,34,0,7,10,2
55,passive-outside,811,Normal,146,8,16,14,47,36,0,8,12,2
55,passive-outside,812,Mild,162,12,16,13,51,35,0,8,14,2
55,passive-outside,813,Normal,172,16,18,15,47,37,0,8,13,2
55,passive-outside,814,Normal,179,20,18,17,48,41,0,9,15,2
55,passive-outside,815,Normal,186,23,18,21,50,43,0,9,17,4
55,passive-outside,816,Normal,195,27,19,24,54,45,0,9,21,3
55,passive-outside,817,Harsh,165,30,19,25,39,69,0,10,24,2
55,passive-outside,818,Harsh,137,33,19,28,48,76,0,10,25,3
55,passive-outside,819,Normal,155,37,19,33,72,54,0,10,28,6
55,passive-outside,820,Normal,171,44,19,38,74,58,0,10,33,5
55,passive-outside,821,Mild,183,52,19,44,77,65,0,10,38,6
55,passive-outside,822,Normal,204,59,19,49,88,67,0,10,44,8
55,passive-outside,823,Normal,221,66,19,57,90,73,0,10,49,9
55,passive-outside,824,Severe,109,74,19,55,47,159,0,10,57,6
56,opening-farmyard,800,Normal,52,4,10,4,45,23,0,8,0,1
56,opening-farmyard,801,Normal,87,2,12,5,58,23,0,6,0,1
56,opening-farmyard,802,Mild,110,0,12,5,49,26,0,6,0,0
56,opening-farmyard,803,Harsh,111,0,12,6,33,32,0,6,0,1
56,opening-farmyard,804,Mild,132,0,13,7,48,27,0,6,0,1
56,opening-farmyard,805,Severe,114,4,13,7,20,38,0,6,0,1
56,opening-farmyard,806,Normal,124,3,14,6,39,29,0,9,7,0
56,opening-farmyard,807,Normal,133,2,14,7,39,30,0,10,6,1
56,opening-farmyard,808,Normal,142,1,15,9,39,30,0,10,7,2
56,opening-farmyard,809,Harsh,131,0,15,9,28,39,0,10,9,0
56,opening-farmyard,810,Harsh,117,0,15,10,29,43,0,10,9,1
56,opening-farmyard,811,Harsh,107,0,15,8,29,39,0,10,10,0
56,opening-farmyard,812,Normal,119,5,15,8,45,33,0,10,8,0
56,opening-farmyard,813,Normal,123,5,16,9,37,33,0,15,8,1
56,opening-farmyard,814,Normal,131,5,16,8,40,32,0,16,9,1
56,opening-farmyard,815,Normal,135,5,16,7,37,33,0,16,8,0
56,opening-farmyard,816,Mild,141,5,16,8,39,33,0,16,7,1
56,opening-farmyard,817,Normal,143,5,16,8,36,34,0,16,8,1
56,opening-farmyard,818,Normal,145,5,16,7,36,34,0,16,8,0
56,opening-farmyard,819,Mild,152,5,16,8,42,35,0,16,7,1
56,opening-farmyard,820,Normal,154,7,16,7,37,35,0,16,8,0
56,opening-farmyard,821,Normal,155,11,16,8,36,35,0,16,7,2
56,opening-farmyard,822,Normal,158,15,16,7,38,35,0,16,8,0
56,opening-farmyard,823,Normal,157,19,16,9,36,37,0,16,7,2
56,opening-farmyard,824,Harsh,140,22,16,8,26,43,0,16,9,0
57,passive-outside,800,Normal,31,9,12,4,24,23,0,10,3,1
57,passive-outside,801,Mild,29,15,13,3,23,25,0,12,4,0
57,passive-outside,802,Harsh,13,21,13,2,11,27,0,13,3,0
57,passive-outside,803,Normal,6,26,13,2,18,25,0,13,2,0
57,passive-outside,804,Harsh,0,32,12,2,14,20,5,13,2,0
57,passive-outside,805,Normal,0,39,12,2,14,14,9,12,2,0
57,passive-outside,806,Severe,0,44,11,1,11,11,11,12,2,0
57,passive-outside,807,Normal,0,49,11,0,19,19,0,11,1,0
57,passive-outside,808,Harsh,0,55,11,0,14,14,5,11,0,0
57,passive-outside,809,Normal,0,61,11,0,17,17,2,11,0,0
57,passive-outside,810,Harsh,0,68,11,0,14,14,5,11,0,0
57,passive-outside,811,Normal,0,63,11,0,17,17,2,11,0,0
57,passive-outside,812,Severe,0,69,10,0,11,11,6,8,0,0
57,passive-outside,813,Harsh,0,74,10,0,16,16,1,7,0,0
57,passive-outside,814,Mild,7,79,10,0,24,17,0,7,0,0
57,passive-outside,815,Normal,12,84,10,0,22,17,0,7,0,0
57,passive-outside,816,Normal,14,90,10,0,21,19,0,7,0,0
57,passive-outside,817,Harsh,13,94,9,0,17,18,0,7,0,0
57,passive-outside,818,Normal,15,99,9,0,20,18,0,7,0,0
57,passive-outside,819,Normal,17,104,9,0,20,18,0,7,0,0
57,passive-outside,820,Harsh,24,98,9,0,23,16,0,7,0,0
57,passive-outside,821,Harsh,30,102,9,0,23,17,0,3,0,0
57,passive-outside,822,Harsh,36,96,9,0,23,17,0,3,0,0
57,passive-outside,823,Normal,50,100,10,0,31,17,0,2,0,0
57,passive-outside,824,Normal,61,104,10,0,29,18,0,2,0,0
58,opening-farmyard,800,Normal,37,10,11,4,30,23,0,8,0,1
58,opening-farmyard,801,Normal,43,19,11,5,30,24,0,6,0,1
58,opening-farmyard,802,Mild,50,27,11,6,32,25,0,6,0,1
58,opening-farmyard,803,Normal,59,26,13,8,35,26,0,6,0,2
58,opening-farmyard,804,Mild,67,35,13,8,36,28,0,4,0,1
58,opening-farmyard,805,Normal,74,46,13,8,36,29,0,4,0,1
58,opening-farmyard,806,Harsh,63,45,16,7,24,35,0,4,0,0
58,opening-farmyard,807,Mild,65,49,16,7,34,32,0,2,0,1
58,opening-farmyard,808,Harsh,50,53,16,7,23,38,0,2,0,0
58,opening-farmyard,809,Normal,56,57,16,9,39,33,0,2,0,2
58,opening-farmyard,810,Normal,66,62,16,8,42,32,0,2,0,0
58,opening-farmyard,811,Harsh,51,67,16,8,27,42,0,2,0,0
58,opening-farmyard,812,Normal,58,78,17,8,41,34,0,2,0,0
58,opening-farmyard,813,Mild,72,76,17,9,48,34,0,2,0,2
58,opening-farmyard,814,Normal,84,85,17,8,45,33,0,0,0,0
58,opening-farmyard,815,Normal,96,95,19,11,47,35,0,0,0,3
58,opening-farmyard,816,Normal,113,101,19,9,53,36,0,0,0,0
58,opening-farmyard,817,Mild,130,106,20,8,55,38,0,0,0,0
58,opening-farmyard,818,Normal,138,110,20,9,47,39,0,0,0,1
58,opening-farmyard,819,Normal,144,115,20,8,45,39,0,0,0,1
58,opening-farmyard,820,Harsh,131,120,21,8,32,45,0,0,0,1
58,opening-farmyard,821,Harsh,117,133,21,8,32,46,0,0,0,1
58,opening-farmyard,822,Mild,128,145,21,8,55,44,0,0,0,0
58,opening-farmyard,823,Normal,137,147,21,9,53,44,0,0,0,2
58,opening-farmyard,824,Normal,146,159,21,7,51,42,0,0,0,0
59,passive-outside,800,Normal,41,5,10,5,34,23,0,10,3,2
59,passive-outside,801,Harsh,45,5,11,5,30,26,0,10,5,0
59,passive-outside,802,Harsh,45,5,12,7,31,31,0,11,5,2
59,passive-outside,803,Mild,57,5,13,8,39,27,0,12,7,1
59,passive-outside,804,Normal,61,5,13,9,33,29,0,13,8,2
59,passive-outside,805,Normal,64,5,14,10,33,30,0,13,9,1
59,passive-outside,806,Normal,60,5,14,13,29,33,0,14,10,3
59,passive-outside,807,Normal,62,5,14,13,36,34,0,14,13,0
59,passive-outside,808,Mild,66,5,15,13,40,36,0,14,13,1
59,passive-outside,809,Normal,72,5,16,15,43,37,0,15,13,2
59,passive-outside,810,Severe,37,5,15,13,19,54,0,16,15,2
59,passive-outside,811,Mild,40,5,17,13,38,35,0,15,13,0
59,passive-outside,812,Harsh,16,5,17,11,22,46,0,17,13,1
59,passive-outside,813,Normal,12,5,17,12,32,36,0,17,11,1
59,passive-outside,814,Normal,4,5,17,15,29,37,0,17,12,3
59,passive-outside,815,Harsh,0,5,17,14,26,30,16,17,15,1
59,passive-outside,816,Mild,0,5,17,16,33,33,6,17,14,2
59,passive-outside,817,Mild,9,5,16,18,48,39,0,17,16,2
59,passive-outside,818,Mild,15,5,16,21,48,42,0,16,18,3
59,passive-outside,819,Mild,17,5,16,22,47,45,0,16,21,1
59,passive-outside,820,Normal,28,5,16,26,58,47,0,16,22,5
59,passive-outside,821,Mild,50,5,17,27,69,47,0,16,26,3
59,passive-outside,822,Normal,59,5,17,29,61,52,0,17,27,3
59,passive-outside,823,Normal,72,5,17,31,67,54,0,17,29,4
59,passive-outside,824,Mild,92,5,18,38,75,55,0,17,31,9
60,opening-farmyard,800,Normal,43,18,10,4,36,23,0,8,0,1
60,opening-farmyard,801,Mild,67,23,11,3,46,22,0,8,0,0
60,opening-farmyard,802,Normal,80,26,13,3,37,24,0,9,0,0
60,opening-farmyard,803,Normal,86,27,13,3,32,26,0,10,0,0
60,opening-farmyard,804,Normal,91,18,13,4,31,26,0,10,0,1
60,opening-farmyard,805,Normal,105,17,14,4,40,26,0,8,0,0
60,opening-farmyard,806,Normal,108,17,14,4,31,28,0,8,0,0
60,opening-farmyard,807,Harsh,102,19,14,6,26,32,0,8,0,2
60,opening-farmyard,808,Severe,86,23,14,6,20,36,0,8,0,0
60,opening-farmyard,809,Normal,99,27,14,7,43,30,0,8,0,1
60,opening-farmyard,810,Normal,120,30,15,6,50,29,0,8,0,0
60,opening-farmyard,811,Mild,140,33,16,8,51,31,0,8,0,2
60,opening-farmyard,812,Mild,156,38,16,6,46,30,0,8,0,0
60,opening-farmyard,813,Severe,134,42,15,5,17,39,0,8,0,0
60,opening-farmyard,814,Normal,144,34,15,5,39,29,0,7,0,0
60,opening-farmyard,815,Harsh,143,34,15,5,33,34,0,5,0,0
60,opening-farmyard,816,Mild,171,35,16,5,57,29,0,5,0,0
60,opening-farmyard,817,Normal,196,36,16,4,55,30,0,5,0,0
60,opening-farmyard,818,Mild,217,37,16,3,52,31,0,5,0,0
60,opening-farmyard,819,Mild,240,38,16,3,54,31,0,5,0,0
60,opening-farmyard,820,Harsh,242,44,16,3,36,34,0,5,0,0
60,opening-farmyard,821,Normal,257,53,16,3,47,32,0,5,0,0
60,opening-farmyard,822,Normal,278,62,16,3,53,32,0,5,0,0
60,opening-farmyard,823,Mild,304,70,16,3,58,32,0,5,0,0
60,opening-farmyard,824,Normal,324,69,17,3,52,32,0,5,0,0
61,passive-outside,800,Normal,28,1,11,4,21,23,0,10,3,1
61,passive-outside,801,Harsh,17,9,11,5,16,27,0,8,4,1
61,passive-outside,802,Normal,16,6,11,5,24,25,0,8,5,0
61,passive-outside,803,Normal,12,15,11,6,22,26,0,6,5,1
61,passive-outside,804,Normal,11,24,11,7,25,26,0,6,6,1
61,passive-outside,805,Normal,10,33,11,8,26,27,0,6,7,1
61,passive-outside,806,Normal,7,47,11,8,25,28,0,6,8,0
61,passive-outside,807,Normal,3,60,11,10,25,29,0,6,8,2
61,passive-outside,808,Normal,0,71,11,10,25,28,1,6,10,0
61,passive-outside,809,Normal,0,75,11,11,24,24,7,6,10,1
61,passive-outside,810,Severe,0,86,11,10,19,19,29,4,11,0
61,passive-outside,811,Mild,7,99,11,10,37,30,0,4,10,1
61,passive-outside,812,Normal,13,110,11,10,36,30,0,4,10,0
61,passive-outside,813,Mild,22,121,11,14,40,31,0,4,10,4
61,passive-outside,814,Harsh,11,133,11,12,28,39,0,4,14,0
61,passive-outside,815,Harsh,0,144,11,14,29,40,5,4,12,2
61,passive-outside,816,Mild,10,156,11,16,44,34,0,4,14,2
61,passive-outside,817,Normal,13,168,11,17,38,35,0,4,16,2
61,passive-outside,818,Normal,13,179,11,19,37,37,0,4,17,2
61,passive-outside,819,Normal,13,191,11,20,38,38,0,4,19,2
61,passive-outside,820,Normal,17,200,11,21,44,40,0,4,20,1
61,passive-outside,821,Harsh,0,212,11,23,34,51,9,4,21,3
61,passive-outside,822,Normal,7,225,11,23,48,41,0,4,23,1
61,passive-outside,823,Normal,14,236,11,25,51,44,0,4,23,2
61,passive-outside,824,Normal,20,248,11,26,51,45,0,4,25,1
62,opening-farmyard,800,Normal,40,18,10,4,33,23,0,9,0,1
62,opening-farmyard,801,Normal,55,23,11,5,38,23,0,9,0,1
62,opening-farmyard,802,Severe,40,27,10,6,16,31,0,10,0,1
62,opening-farmyard,803,Normal,56,30,13,6,40,24,0,8,0,0
62,opening-farmyard,804,Severe,36,31,13,6,16,36,0,10,0,1
62,opening-farmyard,805,Normal,44,32,13,8,35,27,0,10,0,2
62,opening-farmyard,806,Harsh,39,33,13,8,27,32,0,10,0,1
62,opening-farmyard,807,Normal,41,33,15,10,31,29,0,10,0,2
62,opening-farmyard,808,Normal,47,34,15,10,38,32,0,11,0,0
62,opening-farmyard,809,Mild,59,38,16,10,45,33,0,11,0,1
62,opening-farmyard,810,Normal,72,39,15,8,43,30,0,12,0,1
62,opening-farmyard,811,Normal,81,40,16,5,36,27,0,11,0,1
62,opening-farmyard,812,Harsh,70,41,16,5,21,32,0,11,0,0
62,opening-farmyard,813,Normal,73,42,16,6,32,29,0,11,0,1
62,opening-farmyard,814,Harsh,60,42,16,6,21,34,0,11,0,0
62,opening-farmyard,815,Harsh,49,45,16,6,23,34,0,11,0,1
62,opening-farmyard,816,Normal,51,48,16,6,31,29,0,11,0,0
62,opening-farmyard,817,Mild,63,51,16,6,41,29,0,11,0,1
62,opening-farmyard,818,Harsh,57,54,16,7,28,34,0,11,0,1
62,opening-farmyard,819,Mild,65,58,16,7,41,33,0,11,0,0
62,opening-farmyard,820,Normal,68,67,16,8,38,35,0,11,0,1
62,opening-farmyard,821,Normal,77,77,16,7,43,34,0,11,0,0
62,opening-farmyard,822,Mild,83,78,17,7,41,35,0,11,0,0
62,opening-farmyard,823,Normal,86,89,17,8,41,38,0,9,0,1
62,opening-farmyard,824,Normal,90,102,17,9,42,38,0,9,0,1
63,passive-outside,800,Normal,29,10,11,5,22,23,0,10,3,2
63,passive-outside,801,Mild,28,18,13,5,23,24,0,11,5,0
63,passive-outside,802,Normal,19,24,13,5,19,28,0,13,5,0
63,passive-outside,803,Mild,11,30,13,7,20,28,0,13,5,2
63,passive-outside,804,Normal,3,36,13,8,20,28,0,13,7,1
63,passive-outside,805,Harsh,0,42,13,8,14,17,18,13,8,1
63,passive-outside,806,Normal,0,48,13,11,23,23,7,13,8,3
63,passive-outside,807,Normal,2,45,13,12,33,31,0,13,11,1
63,passive-outside,808,Harsh,0,53,13,15,24,26,13,11,12,6
63,passive-outside,809,Harsh,0,62,13,16,27,27,14,11,15,1
63,passive-outside,810,Harsh,0,71,13,20,30,30,19,11,16,6
63,passive-outside,811,Severe,0,79,12,17,22,22,29,11,20,1
63,passive-outside,812,Normal,0,75,12,18,36,36,0,10,17,2
63,passive-outside,813,Normal,13,81,12,23,50,37,0,7,18,5
63,passive-outside,814,Normal,22,86,12,26,48,39,0,7,23,3
63,passive-outside,815,Mild,37,92,11,30,57,42,0,7,26,5
63,passive-outside,816,Mild,54,98,11,35,62,45,0,6,30,5
63,passive-outside,817,Harsh,16,103,11,35,42,80,0,6,35,3
63,passive-outside,818,Harsh,0,109,11,39,50,66,16,6,35,6
63,passive-outside,819,Mild,12,115,11,43,66,54,0,6,39,5
63,passive-outside,820,Harsh,0,119,11,50,56,68,24,6,43,11
63,passive-outside,821,Normal,24,125,11,51,82,58,0,6,50,4
63,passive-outside,822,Normal,34,131,11,61,79,69,0,6,51,10
63,passive-outside,823,Harsh,0,136,11,58,62,96,14,6,61,4
63,passive-outside,824,Normal,2,142,11,70,78,76,0,6,58,12
64,opening-farmyard,800,Normal,46,16,10,3,39,23,0,9,0,0
64,opening-farmyard,801,Normal,66,19,12,4,43,23,0,9,0,1
64,opening-farmyard,802,Mild,82,20,12,5,41,25,0,9,0,1
64,opening-farmyard,803,Mild,100,20,13,6,44,26,0,9,0,1
64,opening-farmyard,804,Normal,108,11,13,5,35,27,0,10,0,0
64,opening-farmyard,805,Normal,117,11,13,5,37,28,0,8,0,0
64,opening-farmyard,806,Normal,129,10,13,6,40,28,0,8,0,1
64,opening-farmyard,807,Mild,150,14,14,6,49,28,0,8,0,0
64,opening-farmyard,808,Normal,162,17,14,5,41,29,0,9,0,0
64,opening-farmyard,809,Normal,176,21,14,6,43,29,0,9,0,1
64,opening-farmyard,810,Normal,189,23,14,6,42,29,0,9,0,0
64,opening-farmyard,811,Normal,202,27,14,7,43,30,0,9,0,1
64,opening-farmyard,812,Harsh,201,30,14,6,33,34,0,9,0,0
64,opening-farmyard,813,Normal,219,33,14,5,46,28,0,9,0,1
64,opening-farmyard,814,Harsh,223,37,14,5,36,32,0,9,0,0
64,opening-farmyard,815,Harsh,224,40,14,6,35,34,0,9,0,1
64,opening-farmyard,816,Harsh,226,43,14,6,36,34,0,9,0,0
64,opening-farmyard,817,Normal,245,46,14,7,51,32,0,9,0,1
64,opening-farmyard,818,Mild,268,49,14,6,54,31,0,9,0,0
64,opening-farmyard,819,Normal,285,53,14,7,50,33,0,9,0,1
64,opening-farmyard,820,Mild,312,63,14,5,58,31,0,9,0,0
64,opening-farmyard,821,Normal,327,64,14,5,47,32,0,9,0,0
64,opening-farmyard,822,Harsh,335,76,14,4,43,35,0,7,0,0
64,opening-farmyard,823,Harsh,338,87,14,4,39,36,0,7,0,0
64,opening-farmyard,824,Normal,357,99,14,4,51,32,0,7,0,0
65,passive-outside,800,Normal,33,9,10,3,26,23,0,10,3,0
65,passive-outside,801,Normal,40,5,11,4,30,23,0,10,3,1
65,passive-outside,802,Normal,44,10,11,4,28,24,0,8,4,0
65,passive-outside,803,Harsh,34,4,12,7,19,29,0,8,4,3
65,passive-outside,804,Mild,43,10,12,7,35,26,0,7,7,0
65,passive-outside,805,Normal,46,16,12,9,32,29,0,7,7,2
65,passive-outside,806,Normal,53,11,13,9,36,29,0,7,9,0
65,passive-outside,807,Normal,68,17,13,13,47,32,0,6,9,4
65,passive-outside,808,Normal,88,23,15,13,52,32,0,6,13,0
65,passive-outside,809,Normal,84,31,15,20,34,38,0,6,13,7
65,passive-outside,810,Normal,89,37,15,21,43,38,0,6,20,1
65,passive-outside,811,Normal,86,44,15,28,42,45,0,6,21,7
65,passive-outside,812,Mild,99,50,16,34,59,46,0,6,28,6
65,passive-outside,813,Harsh,57,55,16,38,36,78,0,6,34,6
65,passive-outside,814,Normal,67,62,16,46,68,58,0,6,38,8
65,passive-outside,815,Mild,84,68,17,54,81,64,0,6,46,8
65,passive-outside,816,Severe,0,73,17,46,39,123,15,6,54,5
65,passive-outside,817,Harsh,0,80,17,52,59,59,47,6,46,8
65,passive-outside,818,Harsh,0,86,17,57,58,58,52,6,52,9
65,passive-outside,819,Mild,17,81,17,66,94,77,0,6,57,9
65,passive-outside,820,Harsh,0,87,17,72,67,84,51,5,66,10
65,passive-outside,821,Normal,19,93,17,79,109,90,0,5,72,9
65,passive-outside,822,Harsh,0,97,16,86,93,112,50,5,79,10
65,passive-outside,823,Harsh,0,100,16,92,88,88,84,5,86,10
65,passive-outside,824,Normal,19,102,16,102,130,111,0,5,92,11
66,opening-farmyard,800,Normal,58,4,11,4,51,23,0,8,0,1
66,opening-farmyard,801,Mild,98,2,11,4,64,24,0,7,0,0
66,opening-farmyard,802,Harsh,111,0,11,4,42,29,0,7,0,0
66,opening-farmyard,803,Normal,145,0,12,4,59,25,0,7,0,0
66,opening-farmyard,804,Severe,138,0,12,4,27,34,0,7,0,0
66,opening-farmyard,805,Harsh,146,4,12,5,38,30,0,7,0,1
66,opening-farmyard,806,Mild,167,3,13,5,47,26,0,9,5,0
66,opening-farmyard,807,Normal,182,2,14,5,43,28,0,9,5,0
66,opening-farmyard,808,Mild,195,1,14,6,42,29,0,10,5,1
66,opening-farmyard,809,Normal,204,0,15,6,38,29,0,10,6,0
66,opening-farmyard,810,Harsh,197,0,15,6,30,37,0,11,6,0
66,opening-farmyard,811,Normal,203,0,16,6,37,31,0,11,6,0
66,opening-farmyard,812,Normal,216,5,16,6,45,32,0,12,6,0
66,opening-farmyard,813,Normal,223,5,16,5,38,31,0,16,6,0
66,opening-farmyard,814,Normal,227,5,16,5,35,31,0,16,5,0
66,opening-farmyard,815,Normal,235,5,16,6,39,31,0,16,5,1
66,opening-farmyard,816,Severe,224,5,15,3,20,31,0,16,6,0
66,opening-farmyard,817,Severe,209,5,15,3,16,31,0,15,3,1
66,opening-farmyard,818,Mild,222,5,15,3,40,27,0,15,3,0
66,opening-farmyard,819,Normal,229,5,15,2,35,28,0,15,3,0
66,opening-farmyard,820,Normal,238,8,15,2,37,28,0,15,2,0
66,opening-farmyard,821,Mild,251,12,15,2,41,28,0,15,2,0
66,opening-farmyard,822,Normal,257,16,15,2,35,29,0,15,2,0
66,opening-farmyard,823,Harsh,254,20,14,2,27,30,0,15,2,0
66,opening-farmyard,824,Normal,258,14,14,2,32,28,0,14,2,0
67,passive-outside,800,Normal,36,8,11,4,29,23,0,10,3,1
67,passive-outside,801,Mild,45,1,10,4,31,22,0,11,4,0
67,passive-outside,802,Mild,59,2,11,4,37,23,0,8,4,0
67,passive-outside,803,Harsh,54,2,11,5,23,28,0,9,4,1
67,passive-outside,804,Normal,61,3,12,5,31,24,0,9,5,0
67,passive-outside,805,Harsh,54,3,13,5,24,31,0,10,5,0
67,passive-outside,806,Mild,59,4,13,6,32,27,0,11,5,1
67,passive-outside,807,Normal,62,4,13,7,30,27,0,11,6,1
67,passive-outside,808,Normal,66,5,13,7,32,28,0,11,7,0
67,passive-outside,809,Normal,70,5,13,8,33,29,0,11,7,1
67,passive-outside,810,Mild,83,5,12,8,40,27,0,11,8,0
67,passive-outside,811,Harsh,82,6,12,5,29,30,0,10,8,0
67,passive-outside,812,Normal,92,6,12,6,34,24,0,10,5,2
67,passive-outside,813,Normal,101,7,12,5,33,24,0,10,6,0
67,passive-outside,814,Normal,112,7,12,5,36,25,0,10,5,0
67,passive-outside,815,Mild,125,8,12,5,37,24,0,10,5,1
67,passive-outside,816,Mild,134,8,12,4,33,24,0,10,5,0
67,passive-outside,817,Normal,139,9,12,5,30,25,0,10,4,1
67,passive-outside,818,Normal,144,9,12,4,30,25,0,10,5,0
67,passive-outside,819,Normal,149,9,12,4,30,25,0,10,4,1
67,passive-outside,820,Normal,154,13,12,4,31,26,0,10,4,0
67,passive-outside,821,Normal,155,17,12,5,29,28,0,10,4,1
67,passive-outside,822,Harsh,145,22,12,5,22,32,0,10,5,0
67,passive-outside,823,Mild,147,6,12,7,31,29,0,10,5,2
67,passive-outside,824,Mild,151,12,12,7,33,29,0,6,7,0
68,opening-farmyard,800,Normal,45,17,10,3,38,23,0,9,0,0
68,opening-farmyard,801,Severe,38,10,12,5,22,29,0,9,0,2
68,opening-farmyard,802,Normal,58,12,13,5,45,25,0,8,0,0
68,opening-farmyard,803,Harsh,54,14,13,6,29,33,0,8,0,1
68,opening-farmyard,804,Harsh,53,16,13,6,32,33,0,8,0,0
68,opening-farmyard,805,Harsh,54,18,13,6,32,31,0,8,0,2
68,opening-farmyard,806,Harsh,56,20,13,5,31,29,0,8,0,0
68,opening-farmyard,807,Severe,46,24,12,5,24,34,0,8,0,0
68,opening-farmyard,808,Normal,60,28,13,6,39,25,0,6,0,1
68,opening-farmyard,809,Harsh,58,30,13,6,29,31,0,7,0,0
68,opening-farmyard,810,Normal,70,22,13,6,39,27,0,7,0,0
68,opening-farmyard,811,Normal,92,23,14,6,48,26,0,4,0,1
68,opening-farmyard,812,Normal,111,24,13,6,44,25,0,4,0,0
68,opening-farmyard,813,Mild,121,25,13,7,36,26,0,4,0,1
68,opening-farmyard,814,Normal,132,28,13,5,36,25,0,4,0,0
68,opening-farmyard,815,Normal,136,31,13,5,29,25,0,4,0,0
68,opening-farmyard,816,Normal,144,34,13,4,32,24,0,4,0,0
68,opening-farmyard,817,Normal,156,36,13,3,37,25,0,4,0,0
68,opening-farmyard,818,Normal,166,39,13,3,36,26,0,4,0,0
68,opening-farmyard,819,Normal,178,42,13,3,38,26,0,4,0,0
68,opening-farmyard,820,Normal,187,54,13,3,35,26,0,4,0,0
68,opening-farmyard,821,Mild,202,68,13,2,40,25,0,3,0,0
68,opening-farmyard,822,Normal,212,74,13,2,35,25,0,3,0,0
68,opening-farmyard,823,Mild,227,89,13,1,38,23,0,3,0,0
68,opening-farmyard,824,Normal,230,98,13,1,28,25,0,3,0,0
69,passive-outside,800,Normal,32,8,10,4,25,23,0,10,3,1
69,passive-outside,801,Mild,41,14,11,5,32,23,0,10,4,1
69,passive-outside,802,Normal,47,18,11,7,31,25,0,11,5,2
69,passive-outside,803,Normal,51,21,11,8,30,26,0,11,7,1
69,passive-outside,804,Normal,56,25,12,11,33,28,0,11,8,3
69,passive-outside,805,Normal,56,29,12,13,30,30,0,12,11,2
69,passive-outside,806,Normal,52,34,12,14,29,33,0,12,13,1
69,passive-outside,807,Harsh,25,42,12,16,21,48,0,12,14,2
69,passive-outside,808,Severe,0,50,12,16,17,42,19,12,16,2
69,passive-outside,809,Normal,0,58,12,17,31,31,5,12,16,1
69,passive-outside,810,Normal,1,65,12,19,39,38,0,12,17,2
69,passive-outside,811,Normal,4,72,12,22,41,38,0,12,19,4
69,passive-outside,812,Mild,7,70,12,25,42,39,0,12,22,4
69,passive-outside,813,Normal,11,78,12,27,47,43,0,10,25,2
69,passive-outside,814,Normal,13,87,12,29,49,47,0,10,27,2
69,passive-outside,815,Normal,17,96,12,32,52,48,0,10,29,4
69,passive-outside,816,Normal,20,103,12,33,53,50,0,10,32,1
69,passive-outside,817,Mild,23,112,12,36,57,54,0,10,33,4
69,passive-outside,818,Mild,36,120,12,42,68,55,0,10,36,6
69,passive-outside,819,Normal,42,118,12,47,65,59,0,10,42,5
69,passive-outside,820,Mild,57,125,12,55,79,64,0,8,47,10
69,passive-outside,821,Harsh,5,133,12,59,62,114,0,8,55,4
69,passive-outside,822,Normal,18,140,12,71,90,77,0,8,59,14
69,passive-outside,823,Severe,0,147,12,65,50,68,100,8,71,6
69,passive-outside,824,Normal,9,152,12,75,92,83,0,8,65,10
70,opening-farmyard,800,Normal,36,22,11,3,29,23,0,8,0,0
70,opening-farmyard,801,Normal,48,27,11,5,36,24,0,8,0,2
70,opening-farmyard,802,Mild,63,22,12,5,39,24,0,8,0,0
70,opening-farmyard,803,Normal,74,26,12,5,37,26,0,6,0,1
70,opening-farmyard,804,Normal,86,21,14,6,38,26,0,6,0,1
70,opening-farmyard,805,Harsh,81,24,14,7,29,34,0,4,0,1
70,opening-farmyard,806,Normal,90,27,15,8,39,30,0,4,0,1
70,opening-farmyard,807,Normal,98,29,16,9,40,32,0,4,0,1
70,opening-farmyard,808,Harsh,89,33,16,11,33,42,0,4,0,2
70,opening-farmyard,809,Harsh,83,36,16,10,36,42,0,4,0,0
70,opening-farmyard,810,Mild,92,43,19,10,45,36,0,4,0,0
70,opening-farmyard,811,Normal,95,51,19,8,40,37,0,5,0,0
70,opening-farmyard,812,Normal,88,58,20,9,30,37,0,5,0,1
70,opening-farmyard,813,Harsh,69,60,20,8,23,42,0,5,0,0
70,opening-farmyard,814,Mild,53,63,21,8,21,37,0,6,8,0
70,opening-farmyard,815,Normal,37,66,21,9,22,38,0,6,8,1
70,opening-farmyard,816,Severe,4,69,20,8,15,48,0,6,9,1
70,opening-farmyard,817,Normal,0,61,20,9,31,35,2,5,8,1
70,opening-farmyard,818,Normal,0,67,20,8,38,38,0,3,9,0
70,opening-farmyard,819,Normal,1,72,20,8,40,39,0,3,8,0
70,opening-farmyard,820,Normal,17,81,20,7,56,40,0,3,8,0
70,opening-farmyard,821,Mild,41,91,19,7,62,38,0,3,7,0
70,opening-farmyard,822,Normal,57,87,19,8,55,39,0,3,7,1
70,opening-farmyard,823,Harsh,53,92,19,7,41,45,0,3,8,0
70,opening-farmyard,824,Normal,70,96,18,6,54,37,0,3,7,0
71,passive-outside,800,Normal,30,0,10,4,23,23,0,10,3,1
71,passive-outside,801,Normal,37,9,10,4,30,23,0,8,4,0
71,passive-outside,802,Normal,43,8,12,5,30,24,0,8,4,1
71,passive-outside,803,Harsh,31,3,12,6,18,30,0,7,5,1
71,passive-outside,804,Normal,32,14,13,6,28,27,0,5,6,0
71,passive-outside,805,Harsh,16,24,13,8,19,35,0,5,6,2
71,passive-outside,806,Normal,15,35,12,7,26,27,0,5,8,0
71,passive-outside,807,Normal,16,43,12,11,30,29,0,4,7,4
71,passive-outside,808,Severe,0,54,12,11,21,37,3,4,11,1
71,passive-outside,809,Normal,3,63,12,13,35,32,0,4,11,3
71,passive-outside,810,Normal,18,73,12,15,47,32,0,4,13,2
71,passive-outside,811,Mild,32,82,12,17,49,35,0,4,15,2
71,passive-outside,812,Normal,44,92,12,17,49,37,0,4,17,0
71,passive-outside,813,Mild,60,102,12,18,53,37,0,4,17,3
71,passive-outside,814,Normal,71,111,12,20,48,37,0,4,18,2
71,passive-outside,815,Normal,78,121,12,22,47,40,0,4,20,3
71,passive-outside,816,Normal,88,129,13,24,50,40,0,4,22,3
71,passive-outside,817,Harsh,55,140,13,24,30,63,0,5,24,1
71,passive-outside,818,Mild,59,148,14,25,50,46,0,5,24,2
71,passive-outside,819,Normal,54,156,14,29,43,48,0,5,25,4
71,passive-outside,820,Normal,50,165,14,29,46,50,0,5,29,1
71,passive-outside,821,Harsh,5,174,14,31,35,80,0,5,29,3
71,passive-outside,822,Mild,18,182,14,33,66,53,0,5,31,3
71,passive-outside,823,Mild,30,189,14,35,67,55,0,5,33,3
71,passive-outside,824,Normal,32,196,14,36,59,57,0,5,35,2
72,opening-farmyard,800,Normal,47,16,11,5,40,23,0,9,0,2
72,opening-farmyard,801,Mild,75,17,12,4,51,23,0,9,0,0
72,opening-farmyard,802,Normal,87,8,12,5,38,26,0,9,0,1
72,opening-farmyard,803,Mild,112,8,12,5,51,26,0,7,0,0
72,opening-farmyard,804,Normal,131,8,15,6,46,27,0,7,0,1
72,opening-farmyard,805,Normal,145,6,15,7,44,30,0,9,0,1
72,opening-farmyard,806,Harsh,144,4,15,8,36,37,0,9,0,1
72,opening-farmyard,807,Normal,157,2,16,9,45,32,0,9,0,1
72,opening-farmyard,808,Normal,173,0,16,8,49,33,0,9,0,0
72,opening-farmyard,809,Mild,197,0,17,9,58,34,0,9,0,1
72,opening-farmyard,810,Harsh,192,0,17,8,36,41,0,10,0,0
72,opening-farmyard,811,Normal,212,0,16,5,50,30,0,10,0,0
72,opening-farmyard,812,Mild,237,0,18,4,54,29,0,10,0,0
72,opening-farmyard,813,Normal,251,0,18,4,45,31,0,12,0,0
72,opening-farmyard,814,Mild,271,0,18,4,51,31,0,12,0,0
72,opening-farmyard,815,Normal,286,4,18,3,45,30,0,12,0,0
72,opening-farmyard,816,Normal,291,3,18,4,36,31,0,16,3,1
72,opening-farmyard,817,Mild,295,2,18,4,36,32,0,16,4,0
72,opening-farmyard,818,Mild,307,3,19,3,44,32,0,16,4,0
72,opening-farmyard,819,Normal,316,4,19,1,40,31,0,17,3,0
72,opening-farmyard,820,Normal,321,7,20,1,39,34,0,17,1,0
72,opening-farmyard,821,Normal,319,1,21,1,33,35,0,18,1,0
72,opening-farmyard,822,Normal,319,5,22,1,36,36,0,14,1,0
72,opening-farmyard,823,Severe,300,8,22,1,21,40,0,16,1,0
72,opening-farmyard,824,Mild,303,10,22,1,41,38,0,16,1,0
73,passive-outside,800,Normal,25,15,10,3,18,23,0,10,3,0
73,passive-outside,801,Normal,20,17,10,4,18,23,0,10,3,1
73,passive-outside,802,Mild,22,29,10,5,25,23,0,8,4,1
73,passive-outside,803,Normal,20,42,10,6,22,24,0,8,5,1
73,passive-outside,804,Normal,19,55,10,8,24,25,0,8,6,2
73,passive-outside,805,Normal,17,67,10,9,24,26,0,8,8,1
73,passive-outside,806,Mild,20,80,10,13,31,28,0,8,9,4
73,passive-outside,807,Mild,26,94,10,12,34,28,0,8,13,0
73,passive-outside,808,Harsh,7,106,10,17,23,42,0,8,12,6
73,passive-outside,809,Severe,0,119,10,15,18,25,28,8,17,1
73,passive-outside,810,Mild,6,132,10,19,40,34,0,8,15,4
73,passive-outside,811,Mild,15,143,10,22,44,35,0,8,19,3
73,passive-outside,812,Harsh,0,156,10,25,28,43,13,8,22,5
73,passive-outside,813,Mild,12,169,10,30,52,40,0,8,25,5
73,passive-outside,814,Harsh,0,181,10,32,35,47,21,8,30,3
73,passive-outside,815,Normal,7,195,10,39,56,49,0,8,32,7
73,passive-outside,816,Normal,15,198,10,47,60,52,0,8,39,9
73,passive-outside,817,Normal,27,211,10,53,68,56,0,6,47,8
73,passive-outside,818,Normal,32,224,10,58,68,63,0,6,53,7
73,passive-outside,819,Harsh,0,239,10,60,49,81,31,6,58,7
73,passive-outside,820,Mild,5,251,10,68,77,72,0,6,60,9
73,passive-outside,821,Normal,4,264,10,79,78,79,0,6,68,11
73,passive-outside,822,Normal,0,276,10,89,83,87,1,6,79,11
73,passive-outside,823,Harsh,0,289,10,96,65,65,93,6,89,17
73,passive-outside,824,Normal,2,301,10,104,99,97,0,6,96,11
74,opening-farmyard,800,Normal,36,8,10,4,29,23,0,9,0,1
74,opening-farmyard,801,Normal,46,18,11,3,32,22,0,6,0,0
74,opening-farmyard,802,Harsh,42,28,13,3,23,27,0,7,0,0
74,opening-farmyard,803,Normal,37,34,13,4,21,26,0,7,0,1
74,opening-farmyard,804,Mild,35,40,13,4,24,26,0,7,0,0
74,opening-farmyard,805,Normal,30,47,14,5,22,27,0,7,0,1
74,opening-farmyard,806,Normal,25,53,14,5,23,28,0,7,0,0
74,opening-farmyard,807,Normal,23,60,14,6,27,29,0,7,0,1
74,opening-farmyard,808,Mild,32,66,15,7,38,29,0,7,0,1
74,opening-farmyard,809,Mild,46,73,16,5,43,29,0,7,0,0
74,opening-farmyard,810,Normal,43,78,16,7,28,31,0,7,0,2
74,opening-farmyard,811,Normal,46,85,17,6,33,30,0,7,0,0
74,opening-farmyard,812,Normal,47,92,17,8,34,33,0,7,0,2
74,opening-farmyard,813,Normal,51,99,18,8,37,33,0,7,0,0
74,opening-farmyard,814,Normal,51,105,18,9,35,35,0,8,0,2
74,opening-farmyard,815,Mild,67,111,18,7,48,32,0,8,0,1
74,opening-farmyard,816,Normal,67,118,18,8,34,34,0,8,0,1
74,opening-farmyard,817,Normal,69,129,19,9,37,35,0,8,0,2
74,opening-farmyard,818,Severe,28,138,19,9,12,53,0,8,0,0
74,opening-farmyard,819,Normal,16,147,19,10,29,41,0,8,0,1
74,opening-farmyard,820,Normal,25,156,19,7,47,38,0,8,0,0
74,opening-farmyard,821,Normal,33,166,19,6,46,38,0,8,0,1
74,opening-farmyard,822,Harsh,28,176,19,7,38,43,0,8,0,1
74,opening-farmyard,823,Severe,3,165,19,7,26,51,0,8,0,0
74,opening-farmyard,824,Normal,27,172,19,7,64,40,0,6,0,1
75,passive-outside,800,Normal,34,8,12,3,27,23,0,10,3,0
75,passive-outside,801,Harsh,23,2,12,4,17,28,0,12,3,1
75,passive-outside,802,Severe,8,6,11,5,14,29,0,10,4,1
75,passive-outside,803,Mild,10,11,11,6,26,24,0,9,5,1
75,passive-outside,804,Normal,8,15,11,7,23,25,0,9,6,1
75,passive-outside,805,Harsh,0,21,11,9,20,28,4,9,7,2
75,passive-outside,806,Mild,13,25,11,11,40,27,0,9,9,2
75,passive-outside,807,Harsh,6,30,10,13,27,34,0,9,11,3
75,passive-outside,808,Mild,19,35,10,14,41,28,0,8,13,1
75,passive-outside,809,Severe,0,39,10,17,19,38,13,8,14,5
75,passive-outside,810,Normal,10,45,10,17,40,30,0,8,17,0
75,passive-outside,811,Normal,16,49,10,21,40,34,0,8,17,5
75,passive-outside,812,Mild,32,44,10,24,50,34,0,8,21,3
75,passive-outside,813,Severe,0,47,10,26,26,58,20,5,24,4
75,passive-outside,814,Normal,18,52,10,31,58,40,0,5,26,5
75,passive-outside,815,Harsh,0,55,10,35,39,57,13,5,31,5
75,passive-outside,816,Normal,11,59,10,39,61,50,0,5,35,4
75,passive-outside,817,Normal,23,63,10,48,66,54,0,5,39,10
75,passive-outside,818,Mild,37,66,10,49,71,57,0,5,48,2
75,passive-outside,819,Mild,47,70,10,56,74,64,0,5,49,10
75,passive-outside,820,Normal,68,74,10,58,86,65,0,5,56,3
75,passive-outside,821,Normal,82,67,9,65,86,72,0,5,58,8
75,passive-outside,822,Normal,106,70,9,67,96,72,0,3,65,5
75,passive-outside,823,Normal,125,73,9,79,95,76,0,3,67,16
75,passive-outside,824,Normal,141,75,9,86,97,81,0,3,79,8
76,opening-farmyard,800,Normal,47,5,12,3,40,23,0,9,0,0
76,opening-farmyard,801,Normal,59,7,12,5,37,25,0,8,0,2
76,opening-farmyard,802,Mild,76,8,14,5,42,25,0,8,0,0
76,opening-farmyard,803,Mild,77,10,14,8,30,29,0,10,0,3
76,opening-farmyard,804,Harsh,73,11,14,8,28,32,0,10,0,1
76,opening-farmyard,805,Mild,83,13,14,10,41,31,0,9,0,2
76,opening-farmyard,806,Normal,105,14,16,12,54,32,0,9,0,2
76,opening-farmyard,807,Normal,119,16,16,13,48,34,0,11,0,3
76,opening-farmyard,808,Normal,137,17,16,13,53,35,0,11,0,2
76,opening-farmyard,809,Normal,162,18,17,12,61,36,0,11,0,0
76,opening-farmyard,810,Normal,188,20,17,12,61,35,0,12,0,4
76,opening-farmyard,811,Normal,209,21,18,8,53,32,0,12,0,0
76,opening-farmyard,812,Normal,216,23,19,10,43,36,0,13,0,2
76,opening-farmyard,813,Harsh,208,24,19,8,37,45,0,14,0,0
76,opening-farmyard,814,Normal,219,26,19,8,48,37,0,14,0,0
76,opening-farmyard,815,Harsh,210,27,19,8,36,45,0,14,0,0
76,opening-farmyard,816,Mild,224,29,21,8,52,38,0,14,0,1
76,opening-farmyard,817,Mild,234,30,20,8,47,37,0,16,0,1
76,opening-farmyard,818,Mild,237,31,20,8,42,39,0,16,0,1
76,opening-farmyard,819,Normal,245,32,20,7,46,38,0,16,0,1
76,opening-farmyard,820,Mild,258,37,20,8,52,39,0,16,0,1
76,opening-farmyard,821,Normal,266,42,20,9,48,40,0,15,0,1
76,opening-farmyard,822,Harsh,257,47,19,7,34,43,0,15,0,1
76,opening-farmyard,823,Normal,258,51,19,7,40,39,0,14,0,0
76,opening-farmyard,824,Mild,263,56,20,8,45,40,0,14,0,1
77,passive-outside,800,Normal,39,7,11,4,32,23,0,10,3,1
77,passive-outside,801,Harsh,36,9,12,4,24,27,0,11,4,0
77,passive-outside,802,Normal,40,11,12,5,30,26,0,12,4,1
77,passive-outside,803,Normal,46,13,12,6,32,26,0,12,5,1
77,passive-outside,804,Harsh,39,5,14,7,25,32,0,12,6,1
77,passive-outside,805,Normal,39,6,14,9,30,30,0,11,7,2
77,passive-outside,806,Mild,44,7,15,9,36,31,0,11,9,0
77,passive-outside,807,Mild,47,8,15,11,37,34,0,12,9,2
77,passive-outside,808,Normal,49,9,16,13,36,34,0,12,11,2
77,passive-outside,809,Normal,48,10,16,13,36,37,0,12,13,0
77,passive-outside,810,Mild,55,1,16,15,46,39,0,12,13,2
77,passive-outside,811,Harsh,45,1,16,15,36,46,0,10,15,3
77,passive-outside,812,Harsh,37,1,16,16,42,50,0,10,15,1
77,passive-outside,813,Mild,55,0,17,20,59,41,0,10,16,4
77,passive-outside,814,Harsh,44,0,16,20,42,53,0,11,20,2
77,passive-outside,815,Mild,62,0,17,23,61,43,0,10,20,3
77,passive-outside,816,Mild,80,0,18,27,65,47,0,11,23,4
77,passive-outside,817,Normal,89,0,18,27,59,50,0,12,27,2
77,passive-outside,818,Normal,96,0,18,30,60,53,0,12,27,4
77,passive-outside,819,Harsh,63,0,18,32,44,77,0,12,30,4
77,passive-outside,820,Normal,70,0,18,35,66,59,0,12,32,3
77,passive-outside,821,Normal,84,0,18,39,75,61,0,12,35,6
77,passive-outside,822,Mild,104,0,18,39,84,64,0,12,39,1
77,passive-outside,823,Normal,110,0,18,41,74,68,0,12,39,5
77,passive-outside,824,Normal,129,0,18,43,88,69,0,12,41,2
78,opening-farmyard,800,Normal,45,18,10,4,38,23,0,8,0,1
78,opening-farmyard,801,Mild,66,23,11,4,44,23,0,8,0,0
78,opening-farmyard,802,Normal,82,15,13,4,41,25,0,9,0,0
78,opening-farmyard,803,Normal,89,18,13,4,34,27,0,8,0,0
78,opening-farmyard,804,Normal,96,22,15,5,34,27,0,8,0,1
78,opening-farmyard,805,Severe,74,25,15,6,15,37,0,9,0,1
78,opening-farmyard,806,Normal,72,28,17,6,28,30,0,9,0,0
78,opening-farmyard,807,Mild,73,21,17,6,34,33,0,10,0,0
78,opening-farmyard,808,Mild,87,25,18,8,46,32,0,8,0,3
78,opening-farmyard,809,Severe,59,30,20,8,15,43,0,8,0,0
78,opening-farmyard,810,Normal,59,33,20,9,37,37,0,9,0,2
78,opening-farmyard,811,Harsh,52,37,21,8,33,40,0,9,0,1
78,opening-farmyard,812,Normal,53,41,23,11,39,38,0,9,0,3
78,opening-farmyard,813,Harsh,42,45,23,8,30,41,0,10,0,1
78,opening-farmyard,814,Mild,31,50,23,9,29,40,0,10,0,1
78,opening-farmyard,815,Mild,31,54,23,7,39,39,0,10,0,0
78,opening-farmyard,816,Normal,25,57,23,6,33,39,0,10,0,0
78,opening-farmyard,817,Normal,29,61,23,7,44,40,0,10,0,1
78,opening-farmyard,818,Normal,35,66,23,7,48,42,0,10,0,0
78,opening-farmyard,819,Harsh,26,72,23,6,37,46,0,10,0,1
78,opening-farmyard,820,Normal,45,78,23,6,62,43,0,10,0,0
78,opening-farmyard,821,Harsh,44,74,23,8,49,50,0,10,0,2
78,opening-farmyard,822,Normal,78,78,23,7,79,45,0,8,0,0
78,opening-farmyard,823,Normal,110,82,22,9,76,44,0,8,0,3
78,opening-farmyard,824,Normal,142,85,22,9,77,45,0,8,0,0
79,passive-outside,800,Normal,36,9,10,5,29,23,0,10,3,2
79,passive-outside,801,Harsh,32,5,11,5,22,26,0,10,5,0
79,passive-outside,802,Severe,15,7,11,7,19,36,0,9,5,2
79,passive-outside,803,Harsh,15,10,11,7,31,31,0,9,7,1
79,passive-outside,804,Normal,31,12,12,9,43,27,0,9,7,2
79,passive-outside,805,Normal,46,13,14,12,44,29,0,10,9,3
79,passive-outside,806,Mild,59,13,15,12,46,33,0,12,12,0
79,passive-outside,807,Mild,63,14,15,12,40,36,0,12,12,1
79,passive-outside,808,Normal,64,15,16,14,37,36,0,12,12,2
79,passive-outside,809,Mild,66,15,17,17,40,38,0,13,14,4
79,passive-outside,810,Mild,68,18,17,19,42,40,0,14,17,2
79,passive-outside,811,Harsh,39,20,17,21,30,59,0,14,19,3
79,passive-outside,812,Normal,46,23,18,24,51,44,0,14,21,4
79,passive-outside,813,Mild,59,24,19,27,61,48,0,15,24,3
79,passive-outside,814,Normal,64,25,19,31,58,53,0,16,27,4
79,passive-outside,815,Normal,73,26,19,35,65,56,0,16,31,4
79,passive-outside,816,Normal,84,26,19,41,70,59,0,16,35,7
79,passive-outside,817,Normal,97,27,20,44,76,63,0,16,41,4
79,passive-outside,818,Normal,99,29,20,52,73,71,0,17,44,8
79,passive-outside,819,Harsh,42,34,20,53,52,109,0,17,52,7
79,passive-outside,820,Normal,49,38,20,63,84,77,0,17,53,11
79,passive-outside,821,Mild,61,43,20,73,97,85,0,17,63,11
79,passive-outside,822,Harsh,0,47,20,75,78,139,10,17,73,8
79,passive-outside,823,Normal,5,42,20,85,106,101,0,17,75,11
79,passive-outside,824,Severe,0,46,20,81,58,63,156,15,85,12
80,opening-farmyard,800,Normal,41,8,10,3,34,23,0,9,0,0
80,opening-farmyard,801,Normal,58,3,11,3,40,23,0,7,0,0
80,opening-farmyard,802,Normal,79,5,12,5,45,24,0,5,0,2
80,opening-farmyard,803,Normal,101,4,12,5,47,25,0,5,0,0
80,opening-farmyard,804,Harsh,104,3,12,6,35,32,0,5,0,1
80,opening-farmyard,805,Harsh,107,1,12,5,33,30,0,5,0,0
80,opening-farmyard,806,Harsh,112,0,13,7,37,32,0,4,0,2
80,opening-farmyard,807,Normal,129,3,13,7,45,28,0,5,0,0
80,opening-farmyard,808,Mild,149,9,13,7,50,30,0,5,0,0
80,opening-farmyard,809,Mild,168,15,13,6,48,29,0,5,0,0
80,opening-farmyard,810,Mild,192,22,14,6,53,29,0,5,0,0
80,opening-farmyard,811,Normal,209,27,14,6,47,30,0,6,0,0
80,opening-farmyard,812,Mild,228,33,14,5,48,29,0,6,0,0
80,opening-farmyard,813,Normal,240,39,14,5,41,29,0,6,0,0
80,opening-farmyard,814,Normal,251,45,15,5,40,29,0,6,0,0
80,opening-farmyard,815,Mild,266,51,15,5,45,30,0,7,0,0
80,opening-farmyard,816,Mild,281,57,15,5,45,30,0,7,0,0
80,opening-farmyard,817,Normal,291,61,15,3,39,29,0,7,0,0
80,opening-farmyard,818,Harsh,287,67,15,2,27,31,0,7,0,0
80,opening-farmyard,819,Mild,297,73,15,2,39,29,0,7,0,0
80,opening-farmyard,820,Normal,307,84,15,2,39,29,0,7,0,0
80,opening-farmyard,821,Mild,317,97,15,1,38,28,0,7,0,0
80,opening-farmyard,822,Normal,327,110,15,0,38,28,0,7,0,0
80,opening-farmyard,823,Normal,333,122,15,0,34,28,0,7,0,0
80,opening-farmyard,824,Mild,343,135,15,0,38,28,0,7,0,0
81,passive-outside,800,Normal,27,13,11,5,20,23,0,10,3,2
81,passive-outside,801,Harsh,13,25,10,5,11,25,0,11,5,0
81,passive-outside,802,Normal,6,35,10,6,17,24,0,10,5,1
81,passive-outside,803,Harsh,0,24,10,7,15,21,8,10,6,1
81,passive-outside,804,Mild,10,34,10,6,35,25,0,6,7,0
81,passive-outside,805,Normal,16,44,10,7,31,25,0,6,6,1
81,passive-outside,806,Mild,29,54,11,8,38,25,0,6,7,1
81,passive-outside,807,Normal,39,59,11,9,37,27,0,6,8,1
81,passive-outside,808,Severe,18,65,11,8,17,38,0,6,9,1
81,passive-outside,809,Normal,27,71,12,10,36,27,0,6,8,2
81,passive-outside,810,Normal,29,77,13,10,31,29,0,6,10,0
81,passive-outside,811,Harsh,12,82,13,9,21,38,0,6,10,1
81,passive-outside,812,Normal,13,88,13,11,31,30,0,6,9,2
81,passive-outside,813,Mild,17,94,13,11,35,31,0,6,11,0
81,passive-outside,814,Normal,15,99,13,11,31,33,0,6,11,0
81,passive-outside,815,Normal,28,104,13,12,45,32,0,6,11,2
81,passive-outside,816,Normal,40,114,14,12,44,32,0,6,12,1
81,passive-outside,817,Normal,39,124,14,13,33,34,0,6,12,2
81,passive-outside,818,Normal,36,132,14,14,31,34,0,6,13,2
81,passive-outside,819,Normal,40,141,14,16,40,36,0,6,14,2
81,passive-outside,820,Mild,48,151,14,15,44,36,0,6,16,1
81,passive-outside,821,Mild,52,160,14,16,42,38,0,6,15,1
81,passive-outside,822,Mild,55,168,14,16,42,39,0,6,16,1
81,passive-outside,823,Mild,56,177,14,17,41,40,0,6,16,1
81,passive-outside,824,Normal,50,187,14,18,35,41,0,6,17,1
82,opening-farmyard,800,Normal,44,17,11,3,37,23,0,9,0,0
82,opening-farmyard,801,Normal,59,20,12,5,39,24,0,10,0,2
82,opening-farmyard,802,Harsh,58,13,13,5,27,28,0,11,0,0
82,opening-farmyard,803,Normal,64,16,13,7,34,28,0,10,0,2
82,opening-farmyard,804,Normal,82,20,13,9,46,28,0,9,0,2
82,opening-farmyard,805,Harsh,85,23,14,6,36,33,0,9,0,0
82,opening-farmyard,806,Normal,98,27,14,8,43,30,0,9,0,2
82,opening-farmyard,807,Mild,117,30,14,8,49,30,0,9,0,1
82,opening-farmyard,808,Mild,142,34,17,7,55,30,0,9,0,0
82,opening-farmyard,809,Normal,150,38,17,6,40,32,0,11,0,1
82,opening-farmyard,810,Normal,156,42,17,6,38,32,0,11,0,0
82,opening-farmyard,811,Normal,163,45,20,5,39,32,0,11,0,0
82,opening-farmyard,812,Harsh,151,49,20,6,28,40,0,13,0,1
82,opening-farmyard,813,Normal,156,52,20,6,39,34,0,13,0,1
82,opening-farmyard,814,Harsh,147,56,20,6,29,38,0,13,0,1
82,opening-farmyard,815,Normal,146,59,21,6,34,35,0,13,0,0
82,opening-farmyard,816,Normal,143,63,22,7,35,38,0,14,0,1
82,opening-farmyard,817,Normal,145,66,22,8,42,40,0,14,0,1
82,opening-farmyard,818,Mild,153,70,22,5,47,39,0,14,0,0
82,opening-farmyard,819,Normal,157,74,22,6,44,40,0,14,0,1
82,opening-farmyard,820,Harsh,153,76,22,7,41,45,0,14,0,1
82,opening-farmyard,821,Normal,165,79,22,8,54,42,0,14,0,1
82,opening-farmyard,822,Harsh,154,82,22,11,39,50,0,14,0,3
82,opening-farmyard,823,Mild,178,85,22,7,64,40,0,14,0,0
82,opening-farmyard,824,Normal,186,88,22,11,54,46,0,14,0,4
83,passive-outside,800,Normal,30,8,11,4,23,23,0,10,3,1
83,passive-outside,801,Harsh,21,4,11,2,16,25,0,11,4,0
83,passive-outside,802,Mild,21,13,11,3,23,23,0,9,2,1
83,passive-outside,803,Normal,19,22,11,3,21,23,0,9,3,0
83,passive-outside,804,Normal,16,31,11,3,21,24,0,9,3,0
83,passive-outside,805,Normal,16,40,11,4,24,24,0,9,3,1
83,passive-outside,806,Normal,19,49,11,3,26,23,0,9,4,0
83,passive-outside,807,Normal,22,57,11,3,27,24,0,9,3,0
83,passive-outside,808,Normal,26,66,11,3,28,24,0,9,3,0
83,passive-outside,809,Normal,32,75,11,3,30,24,0,9,3,0
83,passive-outside,810,Normal,37,84,12,3,29,24,0,9,3,0
83,passive-outside,811,Normal,41,91,12,3,29,25,0,10,3,0
83,passive-outside,812,Normal,46,98,12,3,30,25,0,10,3,0
83,passive-outside,813,Mild,51,105,12,3,30,25,0,10,3,0
83,passive-outside,814,Harsh,43,111,12,3,20,28,0,10,3,0
83,passive-outside,815,Normal,47,118,12,3,29,25,0,10,3,0
83,passive-outside,816,Mild,53,127,12,2,31,25,0,10,3,0
83,passive-outside,817,Normal,55,136,12,1,26,24,0,10,2,0
83,passive-outside,818,Mild,58,144,12,1,27,24,0,10,1,0
83,passive-outside,819,Harsh,49,153,12,1,16,25,0,10,1,0
83,passive-outside,820,Normal,51,161,11,1,24,22,0,10,1,0
83,passive-outside,821,Harsh,43,170,11,1,15,23,0,9,1,0
83,passive-outside,822,Normal,41,168,11,0,19,21,0,9,1,0
83,passive-outside,823,Normal,40,175,11,0,20,21,0,7,0,0
83,passive-outside,824,Mild,43,183,10,0,22,19,0,7,0,0
84,opening-farmyard,800,Normal,47,5,10,4,40,23,0,9,0,1
84,opening-farmyard,801,Normal,79,4,10,4,55,23,0,7,0,0
84,opening-farmyard,802,Normal,111,3,11,5,56,24,0,7,0,1
84,opening-farmyard,803,Normal,139,3,11,7,53,25,0,6,0,2
84,opening-farmyard,804,Normal,168,2,12,8,55,26,0,6,0,1
84,opening-farmyard,805,Mild,196,1,13,11,57,29,0,7,0,3
84,opening-farmyard,806,Harsh,198,1,13,12,39,37,0,7,0,2
84,opening-farmyard,807,Normal,217,0,13,9,49,30,0,7,0,1
84,opening-farmyard,808,Normal,246,0,13,11,60,31,0,7,0,2
84,opening-farmyard,809,Harsh,253,0,13,11,48,41,0,7,0,0
84,opening-farmyard,810,Normal,286,0,14,13,66,33,0,7,0,3
84,opening-farmyard,811,Mild,329,0,14,11,76,33,0,8,0,1
84,opening-farmyard,812,Severe,316,0,14,11,32,45,0,8,0,3
84,opening-farmyard,813,Normal,349,0,14,9,63,30,0,8,0,0
84,opening-farmyard,814,Normal,377,0,14,6,58,30,0,8,0,0
84,opening-farmyard,815,Mild,411,5,14,8,64,30,0,8,0,2
84,opening-farmyard,816,Normal,435,6,14,8,54,30,0,11,0,0
84,opening-farmyard,817,Normal,457,6,14,6,52,30,0,11,0,0
84,opening-farmyard,818,Normal,475,6,14,6,49,31,0,11,0,0
84,opening-farmyard,819,Mild,497,7,14,8,53,31,0,11,0,2
84,opening-farmyard,820,Mild,520,9,14,7,54,31,0,11,0,0
84,opening-farmyard,821,Normal,535,11,14,8,48,33,0,11,0,2
84,opening-farmyard,822,Normal,554,14,14,8,52,33,0,11,0,0
84,opening-farmyard,823,Mild,575,16,14,9,56,35,0,11,0,1
84,opening-farmyard,824,Normal,593,18,14,7,51,33,0,11,0,0
85,passive-outside,800,Normal,39,7,10,3,32,23,0,10,3,0
85,passive-outside,801,Harsh,41,10,11,1,24,22,0,10,3,0
85,passive-outside,802,Normal,51,12,11,1,32,22,0,11,1,0
85,passive-outside,803,Mild,64,3,13,1,35,22,0,11,1,0
85,passive-outside,804,Mild,79,2,15,1,39,24,0,11,1,0
85,passive-outside,805,Mild,88,1,15,1,35,26,0,13,1,0
85,passive-outside,806,Normal,94,0,15,1,32,26,0,13,1,0
85,passive-outside,807,Normal,99,0,15,0,30,25,0,13,1,0
85,passive-outside,808,Normal,105,0,15,0,31,25,0,13,0,0
85,passive-outside,809,Severe,95,1,16,0,15,25,0,13,0,0
85,passive-outside,810,Harsh,97,1,16,0,28,26,0,14,0,0
85,passive-outside,811,Mild,112,2,17,0,41,26,0,14,0,0
85,passive-outside,812,Harsh,113,1,18,0,28,27,0,15,0,0
85,passive-outside,813,Mild,122,0,18,0,37,28,0,16,0,0
85,passive-outside,814,Normal,127,0,19,0,33,28,0,16,0,0
85,passive-outside,815,Normal,130,0,19,0,32,29,0,17,0,0
85,passive-outside,816,Normal,133,5,19,0,32,29,0,17,0,0
85,passive-outside,817,Normal,131,6,19,0,28,30,0,19,0,0
85,passive-outside,818,Normal,131,8,19,0,30,30,0,19,0,0
85,passive-outside,819,Mild,131,9,19,0,32,32,0,19,0,0
85,passive-outside,820,Normal,126,16,19,0,29,34,0,19,0,0
85,passive-outside,821,Normal,120,26,19,0,28,34,0,19,0,0
85,passive-outside,822,Normal,116,15,19,0,30,34,0,19,0,0
85,passive-outside,823,Harsh,103,27,19,0,21,34,0,15,0,0
85,passive-outside,824,Mild,97,39,19,0,28,34,0,15,0,0
86,opening-farmyard,800,Normal,34,22,13,3,27,23,0,8,0,0
86,opening-farmyard,801,Normal,33,28,13,4,25,26,0,10,0,1
86,opening-farmyard,802,Normal,32,22,13,5,25,26,0,10,0,1
86,opening-farmyard,803,Normal,34,28,14,5,29,27,0,8,0,0
86,opening-farmyard,804,Normal,34,35,15,6,29,29,0,8,0,1
86,opening-farmyard,805,Mild,38,40,14,7,32,28,0,9,0,1
86,opening-farmyard,806,Normal,41,44,14,8,32,29,0,8,0,1
86,opening-farmyard,807,Mild,48,48,15,9,36,29,0,8,0,2
86,opening-farmyard,808,Severe,22,51,15,10,19,45,0,9,0,1
86,opening-farmyard,809,Normal,30,61,15,10,40,32,0,9,0,1
86,opening-farmyard,810,Mild,43,69,15,10,45,32,0,9,0,1
86,opening-farmyard,811,Normal,54,66,16,10,44,33,0,9,0,0
86,opening-farmyard,812,Severe,35,70,16,8,24,43,0,6,0,2
86,opening-farmyard,813,Normal,50,75,16,9,46,31,0,6,0,1
86,opening-farmyard,814,Normal,67,78,17,10,49,32,0,6,0,2
86,opening-farmyard,815,Mild,81,83,17,13,48,34,0,6,0,3
86,opening-farmyard,816,Harsh,79,87,18,10,39,41,0,6,0,1
86,opening-farmyard,817,Harsh,70,91,19,8,33,42,0,6,0,1
86,opening-farmyard,818,Normal,75,84,19,5,39,34,0,6,0,1
86,opening-farmyard,819,Normal,77,88,19,6,38,36,0,4,0,1
86,opening-farmyard,820,Normal,82,84,19,5,42,37,0,4,0,0
86,opening-farmyard,821,Harsh,71,87,19,5,30,41,0,4,0,1
86,opening-farmyard,822,Harsh,62,95,19,6,32,41,0,4,0,1
86,opening-farmyard,823,Harsh,48,103,19,7,30,44,0,4,0,1
86,opening-farmyard,824,Normal,51,110,20,7,41,38,0,4,0,2
87,passive-outside,800,Normal,32,8,10,4,25,23,0,10,3,1
87,passive-outside,801,Normal,38,13,11,5,29,23,0,10,4,1
87,passive-outside,802,Normal,39,19,13,5,26,25,0,11,5,0
87,passive-outside,803,Mild,33,24,13,8,22,28,0,13,5,3
87,passive-outside,804,Harsh,15,28,13,8,15,33,0,13,8,0
87,passive-outside,805,Normal,6,33,13,11,22,31,0,13,8,3
87,passive-outside,806,Normal,2,39,13,13,27,31,0,13,11,2
87,passive-outside,807,Harsh,0,44,13,13,25,27,18,13,13,0
87,passive-outside,808,Normal,3,49,13,16,39,36,0,13,13,3
87,passive-outside,809,Harsh,0,53,13,18,27,30,19,13,16,2
87,passive-outside,810,Harsh,0,59,13,20,32,32,19,13,18,4
87,passive-outside,811,Harsh,0,64,13,22,31,31,22,13,20,3
87,passive-outside,812,Normal,2,70,13,24,43,41,0,13,22,3
87,passive-outside,813,Normal,4,74,13,25,44,42,0,13,24,3
87,passive-outside,814,Normal,2,79,13,30,43,45,0,13,25,5
87,passive-outside,815,Normal,1,84,13,37,47,48,0,13,30,7
87,passive-outside,816,Mild,5,89,13,40,56,52,0,13,37,5
87,passive-outside,817,Mild,4,94,13,47,58,59,0,13,40,7
87,passive-outside,818,Normal,4,98,13,54,65,65,0,13,47,8
87,passive-outside,819,Normal,2,103,13,58,67,69,0,13,54,7
87,passive-outside,820,Harsh,0,108,13,63,53,55,69,13,58,9
87,passive-outside,821,Normal,5,112,13,68,85,80,0,13,63,5
87,passive-outside,822,Normal,3,117,13,81,86,88,0,13,68,14
87,passive-outside,823,Normal,9,121,13,92,98,92,0,13,81,13
87,passive-outside,824,Harsh,0,126,13,96,80,89,83,13,92,11
88,opening-farmyard,800,Normal,40,9,10,3,32,22,0,9,0,1
88,opening-farmyard,801,Mild,63,15,13,3,45,22,0,6,0,0
88,opening-farmyard,802,Harsh,51,21,13,3,17,29,0,7,0,0
88,opening-farmyard,803,Normal,48,26,13,3,23,26,0,7,0,0
88,opening-farmyard,804,Severe,26,22,13,3,10,32,0,7,0,0
88,opening-farmyard,805,Normal,30,27,13,4,30,26,0,5,0,1
88,opening-farmyard,806,Harsh,23,32,13,3,22,29,0,5,0,0
88,opening-farmyard,807,Normal,48,37,14,3,51,26,0,5,0,0
88,opening-farmyard,808,Normal,63,41,14,3,42,27,0,5,0,0
88,opening-farmyard,809,Harsh,65,47,14,3,32,30,0,5,0,0
88,opening-farmyard,810,Harsh,66,53,14,3,31,30,0,5,0,0
88,opening-farmyard,811,Harsh,67,57,14,3,31,30,0,5,0,0
88,opening-farmyard,812,Harsh,71,62,14,2,32,28,0,5,0,0
88,opening-farmyard,813,Normal,91,66,14,2,46,26,0,5,0,0
88,opening-farmyard,814,Mild,116,71,15,2,51,26,0,5,0,0
88,opening-farmyard,815,Normal,125,76,16,2,36,27,0,5,0,0
88,opening-farmyard,816,Normal,127,81,16,2,30,28,0,5,0,0
88,opening-farmyard,817,Harsh,117,86,16,2,23,33,0,5,0,0
88,opening-farmyard,818,Severe,100,91,16,1,15,32,0,5,0,0
88,opening-farmyard,819,Normal,100,95,16,1,30,30,0,5,0,0
88,opening-farmyard,820,Normal,114,100,17,0,43,29,0,5,0,0
88,opening-farmyard,821,Normal,129,105,17,0,45,30,0,5,0,0
88,opening-farmyard,822,Normal,142,100,17,0,43,30,0,5,0,0
88,opening-farmyard,823,Normal,156,104,17,0,45,31,0,4,0,0
88,opening-farmyard,824,Mild,174,107,17,0,49,31,0,4,0,0
89,passive-outside,800,Normal,34,1,11,4,27,23,0,10,3,1
89,passive-outside,801,Normal,48,6,12,5,38,24,0,9,4,1
89,passive-outside,802,Normal,50,1,12,6,28,26,0,9,5,1
89,passive-outside,803,Normal,58,8,12,7,35,27,0,7,6,1
89,passive-outside,804,Mild,69,14,12,9,39,28,0,7,7,2
89,passive-outside,805,Harsh,58,21,14,9,25,36,0,7,9,0
89,passive-outside,806,Harsh,46,27,14,8,26,38,0,7,9,1
89,passive-outside,807,Normal,51,23,14,7,35,30,0,7,8,0
89,passive-outside,808,Normal,55,32,14,10,35,31,0,5,7,3
89,passive-outside,809,Normal,60,39,14,11,36,31,0,5,10,1
89,passive-outside,810,Normal,62,47,14,12,36,34,0,5,11,2
89,passive-outside,811,Mild,87,55,14,12,59,34,0,5,12,1
89,passive-outside,812,Normal,106,63,14,15,54,35,0,5,12,3
89,passive-outside,813,Normal,127,70,14,17,57,36,0,5,15,2
89,passive-outside,814,Severe,89,78,14,17,28,66,0,5,17,2
89,passive-outside,815,Normal,107,85,14,21,57,39,0,5,17,4
89,passive-outside,816,Normal,126,83,15,19,59,40,0,5,21,0
89,passive-outside,817,Normal,135,90,15,23,55,46,0,3,19,4
89,passive-outside,818,Harsh,109,99,15,23,37,63,0,3,23,1
89,passive-outside,819,Normal,115,107,15,27,55,49,0,3,23,4
89,passive-outside,820,Harsh,93,120,14,30,47,69,0,3,27,4
89,passive-outside,821,Normal,98,132,14,33,57,52,0,3,30,4
89,passive-outside,822,Normal,115,142,14,34,71,54,0,3,33,3
89,passive-outside,823,Normal,127,154,13,37,68,56,0,3,34,3
89,passive-outside,824,Mild,139,165,13,41,71,59,0,3,37,4
90,opening-farmyard,800,Normal,44,16,10,3,37,23,0,9,0,0
90,opening-farmyard,801,Mild,66,9,10,5,45,23,0,9,0,2
90,opening-farmyard,802,Normal,87,11,10,5,44,23,0,7,0,0
90,opening-farmyard,803,Normal,108,15,10,7,46,25,0,7,0,2
90,opening-farmyard,804,Severe,102,17,10,7,26,32,0,7,0,1
90,opening-farmyard,805,Normal,125,20,10,10,49,26,0,7,0,3
90,opening-farmyard,806,Harsh,134,23,10,9,41,32,0,7,0,0
90,opening-farmyard,807,Mild,164,26,11,12,59,29,0,6,0,3
90,opening-farmyard,808,Normal,205,25,11,6,67,26,0,6,0,0
90,opening-farmyard,809,Severe,192,25,11,7,26,39,0,6,0,1
90,opening-farmyard,810,Severe,181,24,11,8,28,39,0,6,0,1
90,opening-farmyard,811,Normal,211,24,12,11,58,28,0,6,0,3
90,opening-farmyard,812,Severe,195,23,12,12,30,46,0,6,0,1
90,opening-farmyard,813,Normal,222,23,12,13,59,32,0,6,0,2
90,opening-farmyard,814,Normal,254,22,12,13,63,31,0,6,0,2
90,opening-farmyard,815,Harsh,261,22,12,12,45,38,0,6,0,3
90,opening-farmyard,816,Severe,259,21,12,6,29,31,0,6,0,1
90,opening-farmyard,817,Normal,278,24,12,6,46,27,0,6,0,0
90,opening-farmyard,818,Mild,301,27,12,8,51,28,0,6,0,2
90,opening-farmyard,819,Mild,324,30,12,9,51,28,0,6,0,1
90,opening-farmyard,820,Mild,348,33,12,12,54,30,0,6,0,3
90,opening-farmyard,821,Normal,374,36,12,12,56,30,0,6,0,1
90,opening-farmyard,822,Normal,395,38,12,16,54,33,0,6,0,4
90,opening-farmyard,823,Normal,427,42,12,19,67,35,0,6,0,3
90,opening-farmyard,824,Mild,464,44,12,11,68,31,0,6,0,1
91,passive-outside,800,Normal,42,6,10,4,35,23,0,10,3,1
91,passive-outside,801,Normal,60,8,11,4,41,23,0,10,4,0
91,passive-outside,802,Mild,73,9,11,5,38,25,0,11,4,1
91,passive-outside,803,Mild,87,11,12,6,39,25,0,11,5,1
91,passive-outside,804,Normal,97,11,12,7,37,27,0,12,6,1
91,passive-outside,805,Normal,107,11,14,9,38,28,0,12,7,2
91,passive-outside,806,Normal,114,11,14,12,38,31,0,14,9,3
91,passive-outside,807,Normal,120,1,15,13,39,33,0,14,12,1
91,passive-outside,808,Harsh,101,0,16,16,30,49,0,13,13,4
91,passive-outside,809,Mild,117,1,16,16,53,37,0,14,16,1
91,passive-outside,810,Normal,120,1,16,18,44,41,0,14,16,2
91,passive-outside,811,Normal,135,2,17,21,57,42,0,14,18,3
91,passive-outside,812,Normal,146,3,17,24,56,45,0,15,21,3
91,passive-outside,813,Normal,161,3,17,29,62,47,0,15,24,6
91,passive-outside,814,Mild,180,4,17,34,69,50,0,15,29,5
91,passive-outside,815,Normal,194,5,17,39,70,56,0,15,34,5
91,passive-outside,816,Normal,207,5,18,45,74,61,0,15,39,6
91,passive-outside,817,Mild,228,6,18,47,88,67,0,16,45,4
91,passive-outside,818,Mild,246,6,18,53,89,71,0,16,47,7
91,passive-outside,819,Harsh,190,7,18,57,62,118,0,16,53,6
91,passive-outside,820,Harsh,123,11,17,63,61,128,0,16,57,7
91,passive-outside,821,Mild,129,16,17,69,92,86,0,15,63,6
91,passive-outside,822,Normal,131,20,17,74,91,89,0,15,69,9
91,passive-outside,823,Normal,135,25,17,81,98,94,0,15,74,9
91,passive-outside,824,Harsh,45,20,17,80,70,160,0,15,81,8
92,opening-farmyard,800,Normal,42,9,11,4,35,23,0,8,0,1
92,opening-farmyard,801,Severe,34,15,12,4,21,29,0,7,0,0
92,opening-farmyard,802,Harsh,33,20,11,6,27,28,0,7,0,2
92,opening-farmyard,803,Mild,48,16,11,6,39,24,0,6,0,0
92,opening-farmyard,804,Normal,62,21,11,8,40,26,0,4,0,2
92,opening-farmyard,805,Mild,78,27,13,8,41,25,0,4,0,1
92,opening-farmyard,806,Mild,96,30,14,11,47,29,0,4,0,3
92,opening-farmyard,807,Normal,115,29,15,10,49,30,0,4,0,1
92,opening-farmyard,808,Normal,131,27,15,13,49,33,0,5,0,3
92,opening-farmyard,809,Normal,151,26,16,10,50,30,0,5,0,2
92,opening-farmyard,810,Severe,136,25,17,6,22,37,0,5,0,0
92,opening-farmyard,811,Harsh,126,24,17,8,28,38,0,5,0,2
92,opening-farmyard,812,Harsh,117,25,17,9,29,38,0,5,0,1
92,opening-farmyard,813,Mild,131,28,18,8,46,32,0,5,0,1
92,opening-farmyard,814,Normal,140,27,19,8,43,34,0,5,0,0
92,opening-farmyard,815,Severe,118,30,19,7,24,46,0,5,0,1
92,opening-farmyard,816,Normal,122,32,19,7,38,34,0,5,0,0
92,opening-farmyard,817,Normal,124,34,20,9,39,37,0,5,0,2
92,opening-farmyard,818,Harsh,114,37,19,10,33,43,0,5,0,1
92,opening-farmyard,819,Mild,117,43,19,11,40,37,0,4,0,2
92,opening-farmyard,820,Severe,86,44,20,12,22,53,0,4,0,2
92,opening-farmyard,821,Mild,95,54,20,12,50,41,0,2,0,2
92,opening-farmyard,822,Normal,98,63,20,12,46,43,0,2,0,1
92,opening-farmyard,823,Normal,107,74,20,13,53,44,0,2,0,2
92,opening-farmyard,824,Normal,113,87,20,13,50,44,0,2,0,1
93,passive-outside,800,Normal,32,8,10,4,25,23,0,10,3,1
93,passive-outside,801,Normal,37,4,10,4,28,23,0,10,4,0
93,passive-outside,802,Harsh,34,8,11,5,25,28,0,8,4,1
93,passive-outside,803,Normal,43,2,11,6,34,25,0,9,5,1
93,passive-outside,804,Harsh,43,6,12,7,31,31,0,7,6,2
93,passive-outside,805,Normal,55,7,13,7,39,27,0,8,7,0
93,passive-outside,806,Normal,66,9,13,7,40,29,0,9,7,1
93,passive-outside,807,Mild,80,9,13,7,43,29,0,9,7,0
93,passive-outside,808,Harsh,71,11,14,9,28,37,0,9,7,2
93,passive-outside,809,Mild,83,13,14,9,43,31,0,10,9,0
93,passive-outside,810,Normal,87,14,15,11,37,33,0,10,9,2
93,passive-outside,811,Mild,97,15,15,10,43,33,0,10,11,0
93,passive-outside,812,Harsh,78,17,15,10,24,43,0,10,10,1
93,passive-outside,813,Mild,84,18,15,10,40,34,0,10,10,0
93,passive-outside,814,Mild,88,21,15,11,39,35,0,10,10,1
93,passive-outside,815,Mild,94,24,15,12,41,35,0,10,11,1
93,passive-outside,816,Normal,103,28,15,12,45,36,0,10,12,0
93,passive-outside,817,Normal,111,31,16,12,44,36,0,10,12,1
93,passive-outside,818,Mild,110,34,16,13,37,38,0,10,12,1
93,passive-outside,819,Severe,68,37,16,12,18,60,0,10,13,0
93,passive-outside,820,Normal,61,41,16,14,33,40,0,10,12,2
93,passive-outside,821,Harsh,36,47,16,13,26,51,0,10,14,0
93,passive-outside,822,Normal,29,51,16,12,34,41,0,10,13,0
93,passive-outside,823,Normal,33,45,16,13,45,41,0,10,12,1
93,passive-outside,824,Normal,38,48,16,14,47,42,0,8,13,1
94,opening-farmyard,800,Normal,47,5,10,4,40,23,0,9,0,1
94,opening-farmyard,801,Normal,80,5,11,4,56,23,0,7,0,0
94,opening-farmyard,802,Normal,103,5,11,5,48,25,0,8,0,1
94,opening-farmyard,803,Normal,129,5,11,6,51,25,0,8,0,1
94,opening-farmyard,804,Severe,124,5,10,6,27,32,0,7,0,0
94,opening-farmyard,805,Harsh,133,3,10,7,39,30,0,6,0,1
94,opening-farmyard,806,Normal,164,1,10,6,54,23,0,6,0,1
94,opening-farmyard,807,Harsh,181,0,10,4,43,26,0,6,0,0
94,opening-farmyard,808,Normal,214,0,10,7,55,22,0,6,0,3
94,opening-farmyard,809,Normal,248,5,11,6,56,22,0,6,0,0
94,opening-farmyard,810,Normal,272,4,11,5,48,24,0,9,0,0
94,opening-farmyard,811,Harsh,282,3,11,6,39,29,0,9,0,1
94,opening-farmyard,812,Normal,312,2,11,4,52,22,0,9,0,0
94,opening-farmyard,813,Harsh,318,1,11,6,33,27,0,9,0,2
94,opening-farmyard,814,Mild,346,0,11,6,51,23,0,9,0,0
94,opening-farmyard,815,Severe,334,0,11,9,25,37,0,9,0,3
94,opening-farmyard,816,Mild,375,0,11,8,65,24,0,9,0,0
94,opening-farmyard,817,Harsh,383,5,11,9,42,34,0,9,0,2
94,opening-farmyard,818,Normal,398,5,11,12,42,27,0,11,9,3
94,opening-farmyard,819,Normal,412,5,11,15,43,29,0,11,12,3
94,opening-farmyard,820,Normal,420,6,11,17,41,33,0,11,15,2
94,opening-farmyard,821,Harsh,410,8,10,15,33,43,0,11,17,2
94,opening-farmyard,822,Harsh,399,10,10,15,30,41,0,10,15,2
94,opening-farmyard,823,Mild,407,12,10,17,40,32,0,10,15,2
94,opening-farmyard,824,Normal,414,4,10,20,41,34,0,10,17,3
95,passive-outside,800,Normal,31,0,11,4,24,23,0,10,3,1
95,passive-outside,801,Normal,32,7,12,4,25,24,0,8,4,0
95,passive-outside,802,Normal,33,2,12,3,26,25,0,9,4,0
95,passive-outside,803,Mild,43,6,14,5,35,25,0,7,3,2
95,passive-outside,804,Normal,43,10,15,5,27,27,0,8,5,0
95,passive-outside,805,Normal,41,12,16,6,28,30,0,9,5,1
95,passive-outside,806,Normal,40,14,16,6,30,31,0,10,6,0
95,passive-outside,807,Harsh,23,16,16,7,21,38,0,10,6,1
95,passive-outside,808,Mild,24,18,16,7,33,32,0,10,7,0
95,passive-outside,809,Normal,25,24,16,8,34,33,0,10,7,1
95,passive-outside,810,Harsh,12,32,16,9,27,40,0,10,8,1
95,passive-outside,811,Harsh,0,41,15,9,24,36,2,10,9,1
95,passive-outside,812,Normal,0,50,15,9,29,29,2,9,9,1
95,passive-outside,813,Harsh,0,59,15,6,24,24,10,9,9,0
95,passive-outside,814,Mild,1,70,15,6,31,30,0,9,6,0
95,passive-outside,815,Harsh,0,80,15,7,19,20,14,9,6,2
95,passive-outside,816,Normal,0,89,15,7,27,27,3,9,7,0
95,passive-outside,817,Normal,0,99,14,8,27,27,4,9,7,1
95,passive-outside,818,Normal,0,108,14,8,25,25,6,8,8,0
95,passive-outside,819,Normal,0,116,14,9,24,24,10,8,8,1
95,passive-outside,820,Normal,13,116,14,9,48,35,0,8,9,0
95,passive-outside,821,Harsh,8,124,14,10,39,44,0,7,9,2
95,passive-outside,822,Mild,35,132,14,11,63,36,0,7,10,1
95,passive-outside,823,Harsh,28,130,14,13,41,48,0,7,11,2
95,passive-outside,824,Harsh,28,137,14,10,42,42,0,5,13,1
96,opening-farmyard,800,Normal,42,17,12,4,35,23,0,8,0,1
96,opening-farmyard,801,Normal,46,22,12,5,29,25,0,9,0,1
96,opening-farmyard,802,Normal,50,27,13,6,30,26,0,9,0,1
96,opening-farmyard,803,Harsh,41,22,13,7,22,31,0,10,0,1
96,opening-farmyard,804,Normal,47,16,13,8,34,28,0,7,0,1
96,opening-farmyard,805,Normal,57,21,13,12,39,29,0,4,0,4
96,opening-farmyard,806,Normal,82,25,15,10,53,28,0,4,0,0
96,opening-farmyard,807,Mild,90,30,16,8,39,31,0,5,0,1
96,opening-farmyard,808,Mild,93,34,16,10,35,32,0,5,0,2
96,opening-farmyard,809,Normal,95,39,16,8,33,31,0,5,0,0
96,opening-farmyard,810,Normal,91,44,17,11,29,33,0,5,0,3
96,opening-farmyard,811,Normal,90,49,17,9,33,34,0,5,0,0
96,opening-farmyard,812,Mild,102,54,19,9,46,34,0,5,0,1
96,opening-farmyard,813,Normal,100,58,19,8,33,35,0,6,0,0
96,opening-farmyard,814,Normal,94,62,19,11,30,36,0,6,0,3
96,opening-farmyard,815,Harsh,76,67,21,7,22,40,0,6,0,0
96,opening-farmyard,816,Harsh,57,72,21,8,27,46,0,7,0,1
96,opening-farmyard,817,Normal,56,76,21,10,38,39,0,7,0,2
96,opening-farmyard,818,Harsh,39,81,21,9,30,47,0,7,0,0
96,opening-farmyard,819,Harsh,16,85,21,9,29,52,0,7,0,0
96,opening-farmyard,820,Mild,46,89,21,10,73,43,0,7,0,1
96,opening-farmyard,821,Mild,94,84,21,12,91,43,0,7,0,2
96,opening-farmyard,822,Harsh,100,89,21,13,62,56,0,6,0,1
96,opening-farmyard,823,Normal,130,94,21,13,78,48,0,6,0,1
96,opening-farmyard,824,Normal,167,89,21,9,81,44,0,6,0,1
97,passive-outside,800,Normal,29,11,10,5,22,23,0,10,3,2
97,passive-outside,801,Mild,31,20,11,5,25,23,0,10,5,0
97,passive-outside,802,Mild,25,20,11,9,20,26,0,11,5,4
97,passive-outside,803,Harsh,14,29,11,9,20,31,0,9,9,0
97,passive-outside,804,Normal,11,39,11,10,27,30,0,9,9,1
97,passive-outside,805,Normal,9,49,11,10,28,30,0,9,10,0
97,passive-outside,806,Severe,0,59,11,11,15,24,24,9,10,2
97,passive-outside,807,Normal,0,68,11,11,29,29,1,9,11,0
97,passive-outside,808,Severe,0,68,11,9,15,15,33,9,11,0
97,passive-outside,809,Harsh,0,80,11,8,24,24,13,7,9,0
97,passive-outside,810,Normal,1,93,11,8,30,29,0,7,8,0
97,passive-outside,811,Normal,1,105,11,8,29,29,0,7,8,0
97,passive-outside,812,Harsh,0,118,11,7,22,23,10,7,8,1
97,passive-outside,813,Normal,0,131,11,6,26,26,0,7,7,0
97,passive-outside,814,Normal,0,144,11,7,25,25,2,7,6,1
97,passive-outside,815,Mild,4,154,11,7,31,27,0,7,7,0
97,passive-outside,816,Harsh,0,167,11,8,19,23,12,7,7,1
97,passive-outside,817,Normal,0,180,11,7,26,26,2,7,8,0
97,passive-outside,818,Mild,1,191,11,7,28,27,0,7,7,2
97,passive-outside,819,Severe,0,203,10,5,14,15,14,7,7,0
97,passive-outside,820,Normal,0,213,10,7,23,23,2,6,5,2
97,passive-outside,821,Normal,1,226,10,7,26,25,0,6,7,0
97,passive-outside,822,Harsh,0,236,10,8,18,19,15,6,7,1
97,passive-outside,823,Normal,0,246,10,8,24,24,3,6,8,0
97,passive-outside,824,Normal,0,255,10,10,24,24,4,6,8,2
98,opening-farmyard,800,Normal,40,7,10,3,33,23,0,9,0,0
98,opening-farmyard,801,Normal,59,1,12,4,42,23,0,7,0,1
98,opening-farmyard,802,Harsh,61,7,12,4,30,28,0,5,0,0
98,opening-farmyard,803,Normal,72,12,12,4,37,26,0,5,0,0
98,opening-farmyard,804,Normal,89,16,13,5,43,26,0,5,0,1
98,opening-farmyard,805,Normal,100,23,14,6,38,27,0,6,0,1
98,opening-farmyard,806,Normal,103,30,15,6,31,28,0,6,0,1
98,opening-farmyard,807,Severe,78,37,15,7,15,40,0,6,0,1
98,opening-farmyard,808,Normal,79,45,15,7,32,31,0,6,0,0
98,opening-farmyard,809,Normal,78,52,17,8,31,32,0,6,0,1
98,opening-farmyard,810,Normal,81,59,17,8,36,33,0,7,0,1
98,opening-farmyard,811,Normal,82,66,17,9,35,34,0,7,0,1
98,opening-farmyard,812,Normal,90,73,17,8,42,34,0,7,0,0
98,opening-farmyard,813,Normal,101,80,18,8,45,34,0,7,0,1
98,opening-farmyard,814,Harsh,90,88,18,8,29,40,0,7,0,1
98,opening-farmyard,815,Harsh,89,95,19,8,39,40,0,7,0,1
98,opening-farmyard,816,Mild,99,102,19,6,44,34,0,7,0,0
98,opening-farmyard,817,Normal,106,109,19,6,43,36,0,7,0,1
98,opening-farmyard,818,Normal,111,117,19,6,40,35,0,7,0,1
98,opening-farmyard,819,Normal,119,123,19,6,43,35,0,7,0,1
98,opening-farmyard,820,Normal,136,119,20,6,54,37,0,7,0,0
98,opening-farmyard,821,Harsh,128,124,20,6,36,44,0,6,0,1
98,opening-farmyard,822,Normal,143,131,19,6,52,37,0,6,0,1
98,opening-farmyard,823,Harsh,141,136,19,6,39,41,0,6,0,1
98,opening-farmyard,824,Harsh,136,141,19,5,38,43,0,6,0,0
99,passive-outside,800,Normal,29,10,10,4,22,23,0,10,3,1
99,passive-outside,801,Normal,32,8,12,5,26,23,0,10,4,1
99,passive-outside,802,Mild,36,13,12,6,30,26,0,10,5,1
99,passive-outside,803,Normal,38,18,13,7,29,27,0,10,6,1
99,passive-outside,804,Severe,13,13,13,6,13,38,0,10,7,1
99,passive-outside,805,Mild,18,17,13,6,33,28,0,8,6,0
99,passive-outside,806,Normal,20,21,13,7,31,29,0,8,6,1
99,passive-outside,807,Mild,23,29,13,7,32,29,0,8,7,0
99,passive-outside,808,Normal,23,36,13,9,30,30,0,8,7,2
99,passive-outside,809,Normal,31,44,13,9,38,30,0,8,9,0
99,passive-outside,810,Mild,40,52,14,11,41,32,0,8,9,2
99,passive-outside,811,Mild,47,58,14,11,40,33,0,8,11,0
99,passive-outside,812,Normal,46,66,14,12,33,34,0,8,11,2
99,passive-outside,813,Harsh,29,74,14,12,25,42,0,8,12,1
99,passive-outside,814,Harsh,29,81,14,6,32,32,0,8,12,1
99,passive-outside,815,Normal,32,88,14,5,31,28,0,8,6,0
99,passive-outside,816,Mild,45,96,14,5,42,29,0,8,5,0
99,passive-outside,817,Mild,58,103,14,5,44,31,0,8,5,0
99,passive-outside,818,Normal,65,109,14,5,38,31,0,8,5,0
99,passive-outside,819,Mild,79,117,13,5,44,30,0,8,5,0
99,passive-outside,820,Harsh,75,122,13,5,31,35,0,7,5,0
99,passive-outside,821,Mild,90,128,12,5,43,28,0,7,5,0
99,passive-outside,822,Normal,99,122,11,5,35,26,0,6,5,0
99,passive-outside,823,Harsh,97,124,11,4,27,29,0,3,5,0
99,passive-outside,824,Harsh,95,126,11,4,27,29,0,3,4,0
